### BoGEMMS simulation ### 
# EventID Pos Edep_scint[keV] Nabs_SiPM_PDE Nabs_SiPM N_opt Edep_SiPM[keV]
773                           1                             419.647477918861              101.91455641311849            341                           3441                          0.8981095394933828            
824                           1                             486.90404311863324            111.90176415340923            367                           3833                          0.9693422264235485            
838                           1                             661.6572831606168             154.49339802377742            512                           5292                          1.3545412295947985            
1142                          1                             518.3435610193835             122.09419104987268            405                           4164                          1.0689840789277532            
2242                          1                             545.7128659515661             126.35037116757756            424                           4269                          1.1188870613414879            
2432                          1                             661.6572831606165             155.4258374414761             517                           5301                          1.361428884031684             
3176                          1                             661.6572831606168             155.1017918759754             512                           5154                          1.3564256761288498            
3571                          1                             661.6572831606165             149.53394690070323            493                           5165                          1.3057873215035016            
4251                          1                             211.75757474576463            55.0318824290796              181                           1712                          0.47979653390919047           
4278                          1                             377.5350133745276             97.32788189815079             318                           3078                          0.8465124015457909            
4751                          1                             140.66135673892936            35.70567241999451             118                           1235                          0.3117217802542448            
5073                          1                             661.6572831606164             150.27619620598608            500                           5240                          1.318956089529149             
5366                          1                             190.07542335485226            46.0122632297571              153                           1426                          0.40441786297512305           
6039                          1                             661.6572831606163             158.58823369271042            522                           5165                          1.3820939977194067            
6310                          1                             661.6572831606163             152.26874884518836            505                           5129                          1.3309290460822236            
6333                          1                             74.68047774277622             13.588440896440483            44                            556                           0.11800063427372026           
7087                          1                             354.56051819343185            79.09338416780783             265                           2731                          0.6982987247077296            
7147                          1                             661.6572831606165             154.30089250969795            516                           5325                          1.3589526206811278            
7950                          1                             661.6572831606163             148.78879017543915            502                           5154                          1.3179914500709504            
8929                          1                             661.6572831606168             170.7500455651856             563                           5417                          1.4939230454578407            
9055                          1                             661.6572831606168             147.95073341763614            501                           5229                          1.3108563893321987            
9704                          1                             238.7751738692088             48.05287898852691             160                           1698                          0.4213495691664226            
9813                          1                             661.6572831606164             152.20641053080615            500                           5363                          1.3291946262132317            
9842                          1                             661.6572831606165             148.5697942948705             488                           5236                          1.2967185801069077            
10286                         1                             661.6572831606162             156.9855324640544             521                           5435                          1.3761477265625541            
11014                         1                             661.6572831606164             158.70130979876848            528                           5194                          1.3946964825484718            
11524                         1                             661.6572831606168             159.2307587952028             526                           5066                          1.3901130345547945            
12470                         1                             661.6572831606165             152.4244908649965             506                           5306                          1.3370457220761258            
13044                         1                             459.93032667553246            109.15749623504477            360                           3562                          0.9601314203863176            
13203                         1                             661.6572831606167             158.55919913562636            521                           5114                          1.378954295259156             
13705                         1                             661.6572831606167             156.2149405703114             511                           5294                          1.357400632047285             
14789                         1                             661.6572831606165             162.39860559610213            541                           5419                          1.4270711902766497            
15379                         1                             661.6572831606164             156.44213166953992            517                           5261                          1.3640628656449096            
15610                         1                             272.6390092297216             64.07022033675943             212                           2188                          0.5619502910400176            
16531                         1                             661.6572831606168             154.3001843724746             509                           5185                          1.3480767167330159            
17089                         1                             315.42512318877715            77.24707413618813             256                           2524                          0.6803554072802722            
17737                         1                             279.492232502252              63.60328893362491             212                           2264                          0.5614846486181289            
17865                         1                             375.2203708755878             85.93949360184857             283                           2883                          0.7492852024722937            
18005                         1                             661.6572831606164             147.61080981830614            496                           5245                          1.3026436805253871            
18342                         1                             313.09544122543               70.72883844867104             237                           2357                          0.6227970588586679            
18853                         1                             656.2727541706824             156.16565933014095            517                           5217                          1.3715976744352298            
19864                         1                             554.1823024720114             124.72268674829589            422                           4298                          1.1094886817570422            
20118                         1                             661.6572831606164             158.8606252472645             525                           5202                          1.3902633618456854            
20998                         1                             661.6572831606164             143.83789433773998            477                           5174                          1.2608062998838125            
21247                         1                             661.6572831606167             153.52973883868205            516                           5284                          1.3511019384227083            
21562                         1                             661.6572831606168             142.00564981766797            475                           5287                          1.2491061202439564            
21736                         1                             661.6572831606168             155.96306002545452            522                           5235                          1.3752790904693528            
21996                         1                             214.3330334498361             46.779623403436304            153                           1725                          0.4068620752907955            
22771                         1                             661.6572831606165             151.45330254522497            502                           5293                          1.3259157884762347            
22889                         1                             661.6572831606165             154.1809567262204             515                           5389                          1.3586932426379446            
23735                         1                             449.4468322415157             111.56814009686377            362                           3427                          0.9670119408957898            
23777                         1                             214.1718364917454             48.01035552676573             159                           1538                          0.420873724450722             
23900                         1                             303.3096782002824             72.48541454741276             244                           2398                          0.6414809906104786            
23938                         1                             649.8299359694145             144.3745653546654             481                           5162                          1.2690459582579092            
23985                         1                             584.2502831606166             148.95973234976842            490                           4687                          1.2983642472028132            
24353                         1                             661.6572831606165             163.07027652344655            537                           5276                          1.4265454875134957            
24789                         1                             661.6572831606165             168.86327264607158            564                           5270                          1.48387410219305              
25054                         1                             661.6572831606165             170.17893345115334            558                           5293                          1.477623176201907             
26559                         1                             661.6572831606165             151.7230391980826             504                           5317                          1.3353551514770146            
27072                         1                             172.2740017913203             36.00450102053246             120                           1303                          0.3151563394370687            
27850                         1                             567.2093734613437             132.69868111570585            435                           4369                          1.1583395046726914            
28477                         1                             637.8360294494764             153.97505442896875            506                           5261                          1.3435931831217913            
29562                         1                             240.6569242012304             57.205176078804016            191                           1920                          0.5020985466413681            
29965                         1                             661.657283160617              151.5739200779225             504                           5296                          1.3305983216837722            
30167                         1                             661.6572831606167             146.24541804799546            481                           5171                          1.2765265522550853            
30282                         1                             30.864388710842515            6.635290007318714             22                            243                           0.05826398019774201           
32248                         1                             661.6572831606167             162.23307244054118            539                           5349                          1.4205260670909223            
32469                         1                             661.6572831606161             160.05274105667718            530                           5377                          1.4014425820261744            
32634                         1                             661.6572831606165             152.4170294115066             500                           5309                          1.325813811386364             
32852                         1                             81.24033683648258             22.053044148569075            72                            644                           0.19215253035434546           
34169                         1                             661.6572831606165             157.14777841046498            518                           5339                          1.3731518391680444            
34345                         1                             239.74698099448068            53.80530863286428             179                           1856                          0.47199893722226777           
34439                         1                             661.6572831606168             162.67297617060493            545                           5238                          1.4360432405737698            
35946                         1                             661.6572831606164             168.81613071105804            558                           5307                          1.475938000530895             
36116                         1                             150.91745246212696            37.11275708664525             123                           1249                          0.32548206614355396           
37659                         1                             262.6275274174633             56.18895628982669             185                           2005                          0.4910002480024279            
37675                         1                             156.97345493362022            33.62721378824431             111                           1191                          0.29491942647355274           
37682                         1                             661.6572831606164             159.93573011114808            534                           5104                          1.4082654478015586            
38086                         1                             661.6572831606163             149.27044970692845            497                           5290                          1.3135766580251762            
38292                         1                             661.6572831606162             157.68920234268302            523                           5375                          1.3799080786202953            
38298                         1                             70.94598727229769             18.536104042672395            65                            564                           0.16708283197367646           
38480                         1                             36.39173822283152             8.94285891355521              32                            272                           0.0814735188780716            
38760                         1                             661.6572831606162             160.60133279391573            525                           5294                          1.3955819252916357            
39429                         1                             661.6572831606164             149.02283239357698            494                           5254                          1.3041657003422795            
40792                         1                             127.91222037292854            32.131483065540664            100                           982                           0.27010812486309205           
41107                         1                             661.6572831606168             148.5326980091583             494                           5264                          1.303110688121597             
41794                         1                             661.6572831606164             146.44423794870085            483                           5173                          1.2794847877300057            
42485                         1                             171.94275544092392            36.329764936682075            120                           1253                          0.3172407993210629            
42650                         1                             583.3298113548408             127.0394250142971             427                           4700                          1.1202900654074783            
43126                         1                             661.6572831606163             160.79222411257777            537                           5410                          1.4128922210514816            
43317                         1                             475.04122381295247            119.49499793414097            396                           3771                          1.0479639142946047            
44708                         1                             661.6572831606162             158.98077027515205            518                           5278                          1.3767865313133174            
45053                         1                             661.6572831606165             148.8869778889914             495                           5183                          1.3064258711426562            
45654                         1                             578.5748188556075             136.8996586640308             458                           4683                          1.2082961639754441            
45726                         1                             534.8677318216317             123.39403871036443            412                           4123                          1.085321478847594             
45738                         1                             661.6572831606168             155.35189410633112            509                           5238                          1.350686681739664             
46428                         1                             661.657283160617              155.83251519087486            520                           5364                          1.369294113830824             
46555                         1                             661.657283160616              152.75607997705896            510                           5301                          1.3412670576397916            
46582                         1                             81.24247814076254             19.10792132972692             64                            617                           0.16827398633847188           
47965                         1                             538.7016522266707             127.77607902042634            425                           4306                          1.1177345004636903            
48088                         1                             427.3546860782687             100.59316815407566            333                           3352                          0.882526763267453             
48190                         1                             315.89619657180947            73.6406793417115              244                           2436                          0.6438584342795728            
48833                         1                             278.28692348183245            61.51720487394486             212                           2118                          0.5500523987707548            
49500                         1                             15.589793433372524            2.9032426832945974            9                             113                           0.024271234350213344          
49592                         1                             111.17932028043442            21.35885278995347             71                            746                           0.18653096916509418           
49736                         1                             661.6572831606164             152.97563592412956            509                           5180                          1.3446879960497293            
49986                         1                             661.6572831606167             157.0296048168538             531                           5381                          1.389737724877329             
50213                         1                             541.5228978966516             131.17534566470184            431                           4416                          1.144047870988068             
50419                         1                             661.6572831606162             157.95035805811293            527                           5387                          1.3892186851366644            
51789                         1                             661.6572831606161             157.38798807777835            518                           5389                          1.3744501204510144            
51906                         1                             661.6572831606165             139.98269390686178            474                           5018                          1.2415975367381247            
52108                         1                             142.3337446874872             23.985588424545604            82                            956                           0.21626260369063763           
53888                         1                             14.654155300756644            3.742119250735941             13                            98                            0.034679993299037405          
54879                         1                             661.6572831606163             169.38868932358307            557                           5229                          1.4733589962234857            
54896                         1                             49.622598959634175            11.927823352329755            41                            387                           0.10722086649508507           
55942                         1                             141.58023383979298            35.583789982481505            118                           1155                          0.31282421188731535           
56258                         1                             181.71816154214923            33.519606652731824            115                           1449                          0.300867448660519             
57045                         1                             468.8126246988491             115.93492452577651            384                           3663                          1.0126141754508104            
58270                         1                             34.94358440585965             5.987878178608696             21                            272                           0.054270375443493425          
58709                         1                             560.9593837265479             128.27245988979413            426                           4481                          1.1274730341357762            
60252                         1                             224.22714410194453            47.506415781258426            158                           1688                          0.4152259638607627            
60531                         1                             71.19201250291283             15.336709643969213            52                            550                           0.13598219454265917           
63781                         1                             450.92172414166066            97.75292942121585             322                           3435                          0.8583367038005865            
63809                         1                             37.8079354523847              7.265529671150448             24                            290                           0.06352474639783438           
65389                         1                             661.6572831606167             158.67683014818866            530                           5255                          1.3953782734806506            
65926                         1                             613.6305423904729             147.17872935879615            486                           4804                          1.2885208376470305            
66120                         1                             508.29343374213573            129.9625939072264             428                           4022                          1.1341628635299865            
67541                         1                             114.36489011943326            24.49223207646519             82                            957                           0.2157313077902582            
67863                         1                             661.6572831606162             164.46202374880912            548                           5458                          1.4403750217986238            
68115                         1                             661.6572831606167             156.35593676981475            512                           5276                          1.3584211140183566            
68211                         1                             661.6572831606165             156.66552190008048            512                           5217                          1.3627833670578764            
68793                         1                             661.6572831606164             149.4371626313492             498                           5266                          1.3141775395624753            
69526                         1                             661.6572831606165             168.75541818375783            558                           5224                          1.478582650717555             
69651                         1                             661.6572831606163             163.31685265916107            548                           5424                          1.4438343760145511            
70544                         1                             270.29027257115393            57.87876236124994             193                           2169                          0.5075254015523806            
70693                         1                             661.6572831606168             139.5758086610852             470                           5185                          1.2321923809769904            
70800                         1                             661.6572831606164             148.66176192062272            494                           5194                          1.3058899972962563            
72017                         1                             661.6572831606165             159.98088852940415            532                           5348                          1.4044803017398395            
72123                         1                             56.84740568174752             15.127115510001127            49                            388                           0.13139669618280167           
73950                         1                             263.4378229489811             62.63477487645687             210                           2236                          0.5516343111256421            
74221                         1                             661.6572831606168             143.44265520728476            482                           5173                          1.2655266178196363            
75040                         1                             661.6572831606165             144.49631041080988            480                           5353                          1.2685870243518083            
75509                         1                             661.6572831606168             164.77908122252427            549                           5388                          1.4523186187060597            
76164                         1                             661.6572831606165             152.2331085723943             501                           5217                          1.328736929811279             
76663                         1                             661.6572831606164             161.9332028147142             539                           5064                          1.4245640720661927            
77885                         1                             661.6572831606156             159.429851209119              529                           5242                          1.396451888634104             
78418                         1                             661.6572831606164             151.3933681186882             505                           5179                          1.3299784117365765            
78587                         1                             661.6572831606167             162.7031009996212             540                           5314                          1.423286182916239             
78850                         1                             661.6572831606169             160.84337125825994            531                           5260                          1.4111475808225913            
78881                         1                             661.6572831606165             153.11734312506317            513                           5252                          1.3518509651515367            
79292                         1                             112.09794893222916            26.226532557097492            86                            837                           0.22913021544366602           
79481                         1                             661.6572831606164             154.3228883499519             504                           5197                          1.3369670219750622            
79605                         1                             215.38962077759447            54.183805753391745            181                           1636                          0.4760468438310025            
79780                         1                             661.6572831606167             152.36997709601746            514                           5240                          1.3499622295123452            
80274                         1                             661.6572831606163             149.03369286345944            492                           5176                          1.3031586994109619            
80746                         1                             433.4090681275686             107.61271438646871            354                           3407                          0.939740504875619             
81437                         1                             661.6572831606163             154.89372855055464            511                           5381                          1.3561416848199705            
81771                         1                             366.25017907812935            82.80718084708784             281                           2917                          0.7367573022145598            
82172                         1                             661.6572831606163             153.38202964537209            504                           5205                          1.336208796681819             
82486                         1                             466.5388500946749             102.21055415330974            335                           3687                          0.8892805176874101            
82744                         1                             470.1198536987026             106.00313506786843            352                           3756                          0.928720361071046             
82822                         1                             661.6572831606164             149.06390041030787            493                           5253                          1.3085265301751137            
82865                         1                             661.6572831606161             159.0419307964687             523                           5259                          1.3859042965334796            
82878                         1                             661.6572831606165             145.03291398494142            493                           5227                          1.288636248582688             
83186                         1                             661.6572831606167             151.87935555576237            507                           5134                          1.3371883317637225            
83348                         1                             661.6572831606165             152.812020101527              505                           5121                          1.3419987689671415            
83838                         1                             510.9037249378982             123.34351056938627            416                           4132                          1.0960800719069723            
84679                         1                             283.24133448129993            70.25763849448967             228                           2298                          0.6094363758138461            
84790                         1                             32.09033340714145             5.427588897415356             18                            220                           0.04745962227621982           
85039                         1                             540.1884264024471             129.15068482710504            435                           4375                          1.143999879558165             
86193                         1                             75.25                         16.55554974590598             55                            553                           0.14371427078423032           
86450                         1                             329.20237937060466            80.5866635441113              265                           2588                          0.69905514935747              
86612                         1                             661.6572831606165             158.26056261994538            522                           5319                          1.3834089400270795            
86782                         1                             661.6572831606161             161.39267078336576            538                           5207                          1.417251760982087             
87068                         1                             661.6572831606164             155.1796972722402             518                           5316                          1.3630472828712423            
87604                         1                             573.9620314186425             120.92723442428068            400                           4504                          1.0596390977218113            
87766                         1                             530.3987852026335             125.27868944945018            420                           4240                          1.101584963821701             
87852                         1                             18.046691583272544            3.5513611569816854            12                            118                           0.031048627333836565          
88534                         1                             661.6572831606165             157.30864192497057            517                           5246                          1.3708717300412534            
89171                         1                             400.05140659547226            104.42792244398217            350                           3202                          0.9185805986069968            
89467                         1                             661.6572831606165             151.4451624503086             501                           5217                          1.3260918825614167            
89955                         1                             302.04307856549497            72.92944385834238             243                           2365                          0.6402380263504466            
90185                         1                             661.6572831606169             157.067380106477              518                           5309                          1.3732162496979896            
90965                         1                             520.8263795800538             121.91926798674707            412                           4044                          1.0817147781963634            
91942                         1                             661.6572831606165             155.05850692333917            511                           5213                          1.3529931321332398            
92174                         1                             661.6572831606165             159.29251862704393            536                           5343                          1.4049322637147563            
93599                         1                             661.6572831606165             148.0057191196408             487                           5130                          1.2927716831766458            
93982                         1                             32.20579173953956             9.609848228087554             32                            235                           0.084868061171295             
94959                         1                             320.4297181981182             65.02741063956846             210                           2586                          0.5635417427760193            
95129                         1                             661.6572831606167             152.16767236620666            508                           5279                          1.3395078993730638            
95387                         1                             661.6572831606165             160.25397577149815            531                           5408                          1.4030511518173572            
97317                         1                             584.2502831606164             143.67620025397477            483                           4589                          1.2698723597519979            
97367                         1                             661.6572831606165             153.79396077629227            509                           5229                          1.3455849061338458            
97560                         1                             661.6572831606162             150.10077900622977            500                           5210                          1.3168991148465192            
97923                         1                             38.872022323012345            8.329417130643217             27                            311                           0.07186308099678812           
98268                         1                             661.6572831606162             163.40475192543033            528                           5115                          1.412928763592898             
98495                         1                             49.047237402891966            10.341894389530497            35                            339                           0.09231340807925284           
99752                         1                             629.6418225682722             145.9068276923686             488                           5128                          1.2820296954866217            
480                           2                             661.6572831606163             223.400845344182              734                           5306                          1.9494016799833904            
1021                          2                             661.6572831606163             200.09571082153505            656                           5248                          1.7459153025762677            
1915                          2                             385.46657505570175            101.74704739585319            342                           3030                          0.8991261023199598            
2301                          2                             101.45945367030588            27.352114994552355            92                            701                           0.2424288752913313            
2751                          2                             661.6572831606165             196.81814293809646            646                           5254                          1.7191354955078744            
4035                          2                             661.6572831606169             210.604361784994              688                           5294                          1.8326398369654981            
4316                          2                             427.68662089867433            128.61920653420222            419                           3375                          1.116168373286452             
4367                          2                             661.6572831606167             218.92674498386262            721                           5391                          1.9089639287411706            
5626                          2                             661.6572831606165             183.34290847932297            613                           5167                          1.6156395346166057            
5685                          2                             661.6572831606164             181.52422197636088            606                           5317                          1.6038335258361798            
5805                          2                             661.6572831606165             169.9515424984969             566                           5194                          1.491527201666694             
5852                          2                             29.335775979441266            6.46745055849712              22                            192                           0.05710485298852528           
5869                          2                             661.6572831606165             177.81988310927474            590                           5137                          1.558034453514435             
6075                          2                             358.25937445770273            111.46405970289523            365                           2807                          0.973072538299962             
6591                          2                             661.6572831606163             160.7776514383108             532                           5274                          1.4084247645149683            
6675                          2                             605.6342695221588             213.06258127342295            703                           4718                          1.86048155187382              
7564                          2                             661.6572831606165             186.96278891152224            617                           5330                          1.6354157807473553            
8288                          2                             31.818799457864554            9.613389158569264             32                            234                           0.08436433646992658           
9608                          2                             661.6572831606163             199.60199402375346            669                           5231                          1.763050252621119             
9672                          2                             661.6572831606167             203.21501354059995            673                           5364                          1.778557790339855             
9992                          2                             661.6572831606164             209.47136566643937            697                           5235                          1.8430818384749883            
10063                         2                             661.6572831606167             202.96115931664437            668                           5341                          1.7770815031960097            
10377                         2                             661.6572831606164             192.87618275693413            640                           5295                          1.6907479302332864            
10652                         2                             473.81202560346094            143.97769238327243            482                           3814                          1.2715054625368516            
10681                         2                             661.6572831606164             224.33759955793676            754                           5350                          1.9861288491122093            
10873                         2                             661.6572831606164             199.58865624627708            655                           5235                          1.7441755158112502            
11685                         2                             661.6572831606165             166.26396812318183            553                           5431                          1.4633986440624849            
11806                         2                             363.7018743575672             115.38767926075231            382                           2901                          1.0146905161705995            
11850                         2                             661.6572831606159             216.30619669002687            714                           5071                          1.8960278149638994            
12699                         2                             47.0112259641251              10.27408565081744             34                            331                           0.08887769137386076           
13410                         2                             505.94880948405154            110.08932257591462            368                           4037                          0.9691069637591924            
14010                         2                             661.6572831606169             235.52805130965882            775                           5300                          2.0651086241989978            
15077                         2                             661.6572831606165             185.02684119990477            613                           5110                          1.6221172994486417            
15305                         2                             230.65985166566583            64.70776748319494             216                           1905                          0.5714487712185254            
15475                         2                             661.6572831606165             187.01491977925383            617                           5185                          1.639264927452355             
15985                         2                             151.68452910808386            44.24196143357123             144                           1192                          0.3837361466529407            
18255                         2                             661.6572831606168             221.58431839493903            738                           5124                          1.9452070596791982            
18849                         2                             221.57552284550096            57.695910619746996            190                           1829                          0.5028759866862116            
18935                         2                             151.60960552003868            39.091742688078845            129                           1147                          0.3418170558430037            
18994                         2                             661.6572831606165             182.6007550714917             603                           5255                          1.595903869686443             
19231                         2                             661.6572831606169             213.64037969016368            717                           5302                          1.8926214190648436            
19568                         2                             661.6572831606164             255.645704655491              846                           5374                          2.2469707334328906            
20142                         2                             205.73553424418117            61.31792535551456             201                           1560                          0.535684942015596             
21320                         2                             283.54647900606847            65.21969055194899             213                           2207                          0.5663656846580549            
21324                         2                             661.6572831606164             184.77476665295632            619                           5213                          1.6335133852124737            
21351                         2                             661.6572831606162             200.07845758674827            653                           5292                          1.7443087750068171            
21892                         2                             456.07159201063615            132.27783973202978            433                           3595                          1.1524330162778542            
22562                         2                             661.6572831606168             218.84706313425391            727                           5215                          1.927268166167779             
22790                         2                             70.52988345330095             22.43064262104233             72                            560                           0.19415289812676292           
23101                         2                             661.6572831606163             178.2195450208889             585                           5210                          1.555246571538666             
24141                         2                             117.94322426204343            30.148415685106293            95                            910                           0.2573335803735191            
24797                         2                             661.657283160617              206.57036688768292            684                           5256                          1.80629441985224              
24800                         2                             661.6572831606168             200.74461497869947            664                           5240                          1.7608634463226152            
25557                         2                             661.6572831606165             197.54524653814607            654                           5243                          1.7361193416753269            
26289                         2                             563.4989618371868             138.4599949165568             456                           4488                          1.2047700086360136            
26454                         2                             146.99859031003623            39.08489523112169             128                           1164                          0.3396635248169312            
26626                         2                             661.6572831606165             189.09558169845764            613                           4999                          1.6384980225447423            
26678                         2                             626.2266848455284             167.83194744864153            550                           4781                          1.4593831166165088            
27239                         2                             661.6572831606165             219.59203534624706            734                           5393                          1.9474018723715891            
27859                         2                             626.646380944818              144.5657630946011             480                           4741                          1.2695469321399235            
27874                         2                             626.2374165806955             211.64886823334624            698                           4891                          1.854891054958295             
28161                         2                             661.6572831606168             184.35776557725987            612                           5300                          1.627757520363827             
29249                         2                             31.757541575740632            8.903431156065754             30                            248                           0.07903179748951807           
29600                         2                             661.6572831606168             214.73042856481143            715                           5217                          1.8893832770478898            
29747                         2                             205.99667275763954            59.58163687432765             200                           1626                          0.5256799725346015            
29971                         2                             545.9801617980277             162.83720591242718            541                           4280                          1.432794867962826             
29972                         2                             661.6572831606165             207.45074551534842            700                           5247                          1.8385655665875593            
29984                         2                             393.8094905390494             125.47466677869647            408                           3027                          1.0911870144017004            
30519                         2                             297.05895701563594            87.85420187318954             288                           2418                          0.7664336781563412            
30750                         2                             452.4607995734885             105.77113720384428            352                           3653                          0.9298154744587588            
30755                         2                             81.74470450771432             16.10805526177966             52                            667                           0.14050370166157042           
31301                         2                             661.6572831606165             169.75723219427596            561                           5302                          1.48538163385393              
32018                         2                             508.0132386051836             114.28806973769004            377                           3987                          0.9980150299168482            
32195                         2                             544.5359686614074             136.2471547099217             450                           4350                          1.1969383749093736            
32746                         2                             661.6572831606165             202.69565575953618            657                           5134                          1.7607373942866693            
32994                         2                             73.99805425313366             28.292791641355368            96                            552                           0.2511657454059389            
33092                         2                             661.6572831606163             189.3120570850665             631                           5145                          1.6684283696940014            
33126                         2                             335.44721827741637            102.48175316109874            341                           2670                          0.9021713364689146            
33760                         2                             261.78315524341167            61.70013538086026             207                           2055                          0.5609506516488758            
33781                         2                             661.6572831606164             201.8078216972409             671                           5343                          1.7765421638862526            
34069                         2                             661.6572831606167             237.8488801009167             780                           5218                          2.0766259560038387            
34706                         2                             330.71482709707175            100.86547040787197            330                           2584                          0.8765419551399247            
34863                         2                             193.87542140571725            64.61473794898063             219                           1561                          0.5746237062479224            
35061                         2                             661.6572831606165             201.60201661326244            662                           5180                          1.7618759194728923            
35124                         2                             661.6572831606164             195.8279869047354             651                           5163                          1.7204722553363414            
35622                         2                             188.7062607372207             45.943507286877704            149                           1446                          0.39648730802479176           
35879                         2                             511.5010892265449             140.62909120326594            474                           4197                          1.2419355489257211            
35971                         2                             458.92875334229825            120.8366904222159             410                           3674                          1.0746482234054724            
36287                         2                             661.6572831606165             203.92969828210343            673                           5318                          1.785827990832653             
36651                         2                             661.6572831606167             267.0376450161206             888                           5421                          2.3465125326464626            
36998                         2                             661.6572831606165             212.78460172142007            689                           5328                          1.8378880377446078            
38393                         2                             661.657283160617              249.19731920439764            820                           5229                          2.1800029289955987            
38567                         2                             661.6572831606164             214.92570021613565            711                           4989                          1.8848361743166155            
38937                         2                             661.6572831606165             162.6489490218015             537                           5156                          1.4240656073733602            
39051                         2                             174.60265113493747            47.473947910272976            157                           1359                          0.4146173219693068            
39661                         2                             111.16112703420475            30.711342941365007            106                           840                           0.27593821497265597           
39706                         2                             661.6572831606165             195.88512151002297            653                           5209                          1.7258331208867461            
39725                         2                             661.6572831606167             180.8820169500179             597                           5250                          1.5776149455135342            
39788                         2                             661.6572831606165             198.72277175051084            661                           5173                          1.7469830673861035            
40049                         2                             661.6572831606164             202.68904939627993            665                           5269                          1.767270085215022             
40247                         2                             549.7933898771985             219.59592150279212            728                           4382                          1.9330037034598437            
40341                         2                             661.6572831606165             233.79576313607635            767                           5327                          2.040410049439692             
40811                         2                             571.4625183543673             158.24620957931404            524                           4697                          1.3835480630898067            
41090                         2                             661.6572831606165             195.10631560597108            637                           5204                          1.697383522568533             
41349                         2                             661.6572831606163             198.17827815375318            656                           5185                          1.7371296756815195            
41460                         2                             661.6572831606164             169.74954006700182            570                           5303                          1.5023439088151802            
41515                         2                             661.6572831606165             193.56197732629101            635                           5158                          1.6884279679724603            
41760                         2                             661.6572831606161             166.61345205744152            554                           5263                          1.468291050265389             
42074                         2                             661.6572831606164             188.12607547734316            617                           5315                          1.6385663971578994            
42323                         2                             594.8362747501915             179.52000356040523            588                           4597                          1.5673790094373263            
42615                         2                             661.6572831606165             189.2166932684527             627                           5225                          1.6625057818945446            
43193                         2                             661.6572831606167             238.03474038966536            797                           5250                          2.1030692269617974            
43786                         2                             31.8184917373879              8.751817271206262             30                            226                           0.07758613616120291           
44450                         2                             661.6572831606165             169.6670416172772             571                           5310                          1.5013148074108411            
44563                         2                             661.6572831606162             201.77827391649333            667                           5322                          1.7634876596503755            
44731                         2                             558.1683953466214             144.68717165035548            482                           4258                          1.275722283797477             
45157                         2                             545.1984634766413             137.4625310084021             452                           4307                          1.1964669000149604            
45305                         2                             551.729542606927              170.01522844092915            565                           4431                          1.4932367594576634            
46345                         2                             661.6572831606167             201.05054092151033            676                           5313                          1.7791543739941396            
46633                         2                             575.6959869021747             140.16809425777146            460                           4475                          1.221289243183615             
47050                         2                             661.6572831606167             205.71473882315618            681                           5219                          1.8022388884014418            
47709                         2                             661.6572831606163             197.0003481504511             658                           5332                          1.7333404722247805            
48078                         2                             585.6618335781918             181.5940031704855             596                           4594                          1.5866391265169844            
48220                         2                             661.6572831606165             202.92548181088995            673                           5492                          1.7870748607417717            
48541                         2                             661.6572831606165             199.4497221438498             674                           5289                          1.7729170392336877            
48697                         2                             661.6572831606163             234.52390739355465            778                           5371                          2.065324037879232             
49117                         2                             482.78230064485825            113.28192788643706            376                           3830                          0.9922176856140311            
49397                         2                             194.2875102771841             52.70702089433398             172                           1497                          0.4562021715421517            
49399                         2                             661.6572831606164             200.3499566352125             675                           5212                          1.772020785458294             
49512                         2                             661.6572831606164             189.3429334321096             629                           5355                          1.660873685784198             
49789                         2                             661.6572831606164             191.08438732145464            634                           5113                          1.6771538839262952            
50797                         2                             37.374323547109235            10.267705928866702            33                            263                           0.08991732784552177           
50953                         2                             661.6572831606165             208.50183893547796            693                           5314                          1.8344626910476067            
50956                         2                             661.6572831606165             191.27168973389377            631                           5232                          1.6752208992523356            
51140                         2                             661.6572831606163             236.9109448407003             791                           5156                          2.0902593470372635            
52462                         2                             661.6572831606165             146.0468871638852             481                           5219                          1.2750563910644976            
52470                         2                             430.23573522854326            112.440703101553              371                           3504                          0.9869180006523324            
52525                         2                             463.66431091492336            181.00960604599905            598                           3581                          1.5868450960868872            
53442                         2                             78.79546822595485             26.519998245362967            87                            568                           0.23041655906590133           
54349                         2                             120.85245107649256            38.57431258882849             130                           932                           0.34258028462336304           
54750                         2                             561.2345669221023             164.91558107576193            550                           4444                          1.4518056534589796            
54909                         2                             212.02128039674653            82.25566661279012             270                           1617                          0.718124635729136             
54986                         2                             661.6572831606165             202.07482331738174            670                           5437                          1.7715307899030175            
55494                         2                             661.6572831606167             214.25854455420767            701                           5364                          1.8722167721724818            
56392                         2                             557.117338820384              159.3864328211057             531                           4415                          1.4008216515360465            
58909                         2                             32.205780011103975            11.959033997052865            38                            234                           0.1024452172121957            
59396                         2                             661.6572831606165             195.83842129311168            644                           5058                          1.7120613234154631            
59605                         2                             661.6572831606169             196.78933095982546            642                           5394                          1.7130893848854725            
59945                         2                             661.6572831606164             188.99809410989243            619                           5330                          1.6471395404505658            
60150                         2                             661.6572831606164             225.47645752509416            751                           5069                          1.987209872797879             
61016                         2                             661.6572831606162             190.76346780142092            625                           5216                          1.6625986560121415            
61106                         2                             220.72179610091158            65.32280461627523             218                           1731                          0.5742634837535869            
61153                         2                             470.5672905659735             110.6002580610957             367                           3671                          0.9702294312785655            
61205                         2                             168.33904015309326            41.961301177487556            139                           1314                          0.36961577790028655           
61277                         2                             443.17245416996406            109.86232029719747            365                           3554                          0.964944982834889             
61807                         2                             661.6572831606168             183.5370233470591             609                           5242                          1.606300990771258             
61991                         2                             554.0831881890151             137.2861847648788             460                           4392                          1.2104494875932184            
62042                         2                             595.5798637819144             147.0454499528196             481                           4683                          1.276415664262438             
62458                         2                             661.6572831606163             218.64039421887674            716                           5223                          1.906787800896515             
63846                         2                             661.6572831606163             202.33042294637121            678                           5367                          1.7889822016861303            
64546                         2                             443.3011717144857             131.5723253126488             435                           3552                          1.156265466486293             
64695                         2                             661.6572831606165             169.21161318617456            564                           5083                          1.4868282557465489            
66742                         2                             661.6572831606168             157.55704821978188            520                           5305                          1.3728983856431047            
66984                         2                             661.6572831606167             222.6052079063302             744                           5047                          1.964171566503838             
68119                         2                             61.881863639191806            17.122584009189556            57                            435                           0.1518177675515018            
69524                         2                             661.6572831606163             185.2525540628777             609                           5251                          1.6257014966789125            
69606                         2                             661.6572831606169             188.57627372233193            631                           5352                          1.6665118935743672            
69620                         2                             661.6572831606167             234.81817643146488            777                           5209                          2.0594425915282875            
69936                         2                             661.6572831606165             199.85762283284396            661                           5242                          1.748676260095105             
70041                         2                             602.6739969832595             196.48149532913848            657                           4869                          1.7331168848850464            
71201                         2                             661.6572831606163             190.3908474985507             628                           5127                          1.6675258732803067            
71656                         2                             661.6572831606165             229.94068122772202            763                           5249                          2.0196667314777503            
72072                         2                             661.6572831606168             185.94522005554785            609                           5255                          1.6220806590243535            
72281                         2                             11.639185326108967            4.470592315652885             14                            81                            0.03809036095296828           
74400                         2                             661.6572831606165             199.90085242770073            658                           5344                          1.7433916521752022            
74756                         2                             661.6572831606165             242.05505515464685            794                           5306                          2.11395963970023              
75638                         2                             635.7348223376922             181.66470481724707            608                           5208                          1.6051970291326465            
76222                         2                             661.6572831606168             236.48858486512168            786                           5378                          2.0787219532456134            
76673                         2                             134.50536899590233            25.590290119225145            85                            1043                          0.22394117214379441           
76956                         2                             431.6370030897146             106.20877198446571            355                           3233                          0.9389676680464033            
77939                         2                             661.6572831606165             215.66173801761647            705                           5188                          1.8809029653103835            
78015                         2                             661.6572831606164             207.33699504379422            680                           5377                          1.8148916803836943            
78660                         2                             331.8454559084222             83.64098504390773             281                           2584                          0.7407951466867418            
78663                         2                             661.6572831606167             189.89027397628936            629                           5374                          1.6650673419896571            
79223                         2                             661.6572831606165             210.97926107810684            696                           5337                          1.8493947877681367            
79224                         2                             307.619661140449              83.56130908760355             278                           2391                          0.7338726953045808            
79456                         2                             661.6572831606163             186.460425102665              613                           5181                          1.6285565944214557            
79606                         2                             351.54528559848626            105.60094535467218            351                           2790                          0.926580650081966             
79752                         2                             546.9240112015918             186.22648386327123            617                           4296                          1.6310902662199511            
80437                         2                             205.84885136289725            64.2300967478921              211                           1635                          0.5590185039857698            
81458                         2                             661.6572831606163             262.95022636353025            874                           5483                          2.312230278571775             
81653                         2                             661.6572831606167             210.66105711831148            702                           5406                          1.8522887252126237            
82012                         2                             370.65265552129034            87.05788972571115             284                           3049                          0.7545696709125751            
82287                         2                             538.3184878398987             142.81934347563413            476                           4195                          1.2594270090835535            
83715                         2                             661.6572831606167             193.02672106091197            636                           5217                          1.6876479254262322            
84134                         2                             661.6572831606167             247.91243202488582            819                           5306                          2.175820370594391             
84137                         2                             661.6572831606167             174.56097496242427            577                           5045                          1.5288215373418508            
84156                         2                             661.6572831606169             213.44041810314613            708                           5227                          1.879110008147046             
84364                         2                             188.00156994460957            48.43530857872633             165                           1383                          0.43297286693284337           
84467                         2                             661.6572831606163             206.1169881400826             683                           5221                          1.807351233831932             
85274                         2                             393.84694689947014            107.35296484671014            361                           2967                          0.9441932335443055            
85631                         2                             56.31239196482773             15.26587960009109             52                            410                           0.1352835466074908            
85764                         2                             661.6572831606161             196.36544515529425            667                           5455                          1.7455695697201414            
85786                         2                             661.6572831606167             214.7189741937416             704                           5199                          1.876543491522532             
86541                         2                             661.6572831606165             201.5754973155477             665                           5141                          1.7686658750841397            
87951                         2                             368.60993613714527            135.6190792647329             449                           2890                          1.1959966404271536            
89816                         2                             661.6572831606167             207.35621786694227            675                           5369                          1.8103081753619121            
89941                         2                             320.2895197457582             74.84223709568668             250                           2553                          0.6575845618133866            
89983                         2                             581.7477882180815             147.6807037065669             489                           4452                          1.2949866445383158            
90198                         2                             661.6572831606163             167.3778704148637             548                           5214                          1.4626033136054466            
90510                         2                             647.327149926965              192.26136112877185            638                           5129                          1.6885737993921324            
91235                         2                             36.119733765666126            10.235315042939469            34                            268                           0.08995245687170787           
91818                         2                             584.2502831606167             172.67780323683036            579                           4967                          1.529395330877358             
92363                         2                             661.6572831606165             196.37041842527674            641                           5185                          1.7084474856618113            
93073                         2                             607.0420540239728             145.6219310296526             493                           4774                          1.2952062335376378            
94577                         2                             661.6572831606164             239.1126177168742             797                           5269                          2.111431480483334             
95529                         2                             661.6572831606169             202.83455457263995            661                           5409                          1.760779794607763             
95791                         2                             661.6572831606173             245.76232736320702            811                           5133                          2.1568873963233215            
96666                         2                             661.6572831606163             172.8397018548685             574                           5336                          1.5169255398364014            
96957                         2                             661.6572831606162             199.25134582252278            661                           5341                          1.7537556451929963            
96958                         2                             661.6572831606165             173.39596511325078            576                           5193                          1.5221856746155198            
97112                         2                             661.6572831606164             202.67377408020027            673                           5265                          1.7833254495805968            
97330                         2                             661.6572831606164             171.85688429861725            570                           5287                          1.506366199016949             
97778                         2                             370.430203107902              128.9000607744964             431                           2957                          1.1359290106871809            
98139                         2                             661.6572831606168             246.62361420403155            809                           5193                          2.154232792231599             
98289                         2                             315.82871700407634            92.18994316944436             297                           2378                          0.7994462069709936            
99871                         2                             115.67882991035972            36.548261908659924            120                           916                           0.31859128342549264           
312                           3                             661.6572831606165             144.8742149825938             476                           4940                          1.258803475108122             
812                           3                             661.6572831606165             155.66688213058563            516                           5205                          1.3648436524026368            
830                           3                             661.6572831606165             154.31145932747387            510                           5241                          1.3521156919764499            
962                           3                             168.29436999702625            35.39185883711033             115                           1288                          0.30615919518403767           
1189                          3                             661.6572831606167             159.77108761242073            530                           5310                          1.4037738870676402            
3104                          3                             168.88520538382258            35.96455003607663             120                           1295                          0.3152451504733501            
3286                          3                             52.728223151711994            11.072189552994157            38                            373                           0.09785655784317882           
3332                          3                             661.6572831606165             156.183219232033              506                           5201                          1.3540156066535327            
4796                          3                             200.06961181890804            40.25235068758427             133                           1439                          0.35088701751222184           
4814                          3                             584.7920807847535             143.4281256094162             476                           4612                          1.2611322506461442            
5066                          3                             661.6572831606164             159.57539095614143            530                           5296                          1.400914210257413             
5114                          3                             661.6572831606165             155.48689242831406            517                           5170                          1.3643715294696093            
6225                          3                             54.16627071048097             8.4125753908815               29                            316                           0.0747990246786508            
6281                          3                             661.6572831606163             146.24010505462982            491                           5350                          1.293015269828477             
6979                          3                             61.319668423790525            12.38568795226522             43                            503                           0.11151568009699743           
6998                          3                             360.28148379612685            86.36524109196979             279                           2760                          0.7428808777377217            
7600                          3                             661.6572831606164             151.84512598667916            501                           5299                          1.3269771339835486            
7807                          3                             661.6572831606161             164.97519628372478            550                           5477                          1.4515007409792027            
8559                          3                             531.6453606773463             124.42068361531133            417                           4190                          1.1040721309030568            
8807                          3                             661.6572831606165             159.61444834761318            531                           5210                          1.4009228137287844            
9722                          3                             588.0737725902577             134.5130823486958             446                           4676                          1.1771251527323194            
9899                          3                             453.39344684374163            106.52633615189163            352                           3549                          0.9328176155848583            
9992                          3                             661.6572831606165             165.1854553009969             544                           5354                          1.4453269647453153            
10112                         3                             661.6572831606164             152.44179172564765            509                           5367                          1.3465893906580821            
10469                         3                             404.0683467291104             109.41343439109833            364                           3380                          0.9575926186190502            
10682                         3                             32.20542225177567             5.977488270871059             19                            224                           0.05101012677453259           
10695                         3                             475.23491749401416            111.4043413129737             372                           3882                          0.9778620333471196            
11308                         3                             36.65874561037609             7.492283796349054             25                            282                           0.06632725058559398           
14137                         3                             661.6572831606165             165.54930332581063            556                           5208                          1.4621246079006536            
14462                         3                             578.8721125681071             125.94073306953288            416                           4694                          1.0990553794901299            
14800                         3                             661.6572831606165             160.79545809105733            530                           5269                          1.404309196499583             
14888                         3                             57.50530083243165             15.624801273025957            50                            441                           0.13389319109960549           
15367                         3                             661.6572831606167             140.8634047238755             462                           5065                          1.224069545252574             
15492                         3                             661.6572831606168             174.43419353267066            579                           5129                          1.5274239592825771            
15897                         3                             157.09765684020402            33.05513806743153             110                           1187                          0.2901007105039082            
16057                         3                             661.6572831606167             167.11258424959698            546                           5258                          1.4516023539165817            
16430                         3                             521.577404703568              105.6037567035814             348                           3903                          0.9186449870509596            
16478                         3                             74.7232237326253              16.186581192430303            57                            595                           0.14754274502934653           
16776                         3                             613.6026350148687             132.32053560437043            445                           4753                          1.1713613024713627            
17427                         3                             661.6572831606165             159.5864418173519             525                           5410                          1.3954840364553047            
17587                         3                             584.2502831606167             134.11088814632242            452                           4500                          1.1862220895153266            
18007                         3                             602.3796060846869             153.98391223306763            505                           4739                          1.3401843574420078            
18734                         3                             201.46207252423392            58.144657430854075            183                           1555                          0.494639604892672             
18869                         3                             661.6572831606164             151.96290523819357            501                           5291                          1.3286532116989638            
18931                         3                             631.6097253914693             155.35094539545955            513                           5153                          1.3587023100647255            
18978                         3                             661.6572831606163             158.09792109650013            517                           5264                          1.368076977130739             
19127                         3                             360.4774021370665             85.46519769835007             281                           2916                          0.7467216662430305            
19312                         3                             568.0439902531932             131.0369301039751             433                           4356                          1.1446289936128218            
19459                         3                             661.6572831606163             152.43281603884788            504                           5164                          1.3326753756013316            
19997                         3                             661.6572831606165             144.93647976254798            486                           5220                          1.279669386386273             
20246                         3                             264.32821828370516            68.65063059558123             225                           2115                          0.5975123154414628            
20720                         3                             661.6572831606162             168.59333756706607            560                           5400                          1.4809681278846651            
21064                         3                             73.4987653731033              18.248461228476952            63                            540                           0.16368480647485043           
21580                         3                             355.19293985530004            89.49547795923073             298                           2905                          0.7835406751058236            
21995                         3                             661.6572831606167             155.5331753431161             512                           5296                          1.3540264289533945            
22080                         3                             661.6572831606165             151.0628268060157             503                           5386                          1.329271510922167             
22412                         3                             661.6572831606164             155.20790746131857            528                           5372                          1.3789721815624616            
22694                         3                             661.6572831606168             155.9563850005283             521                           5357                          1.374870289192509             
22839                         3                             349.73181437397545            77.02014891261094             261                           2674                          0.6855163861783149            
23231                         3                             205.56750455056127            52.88130895821952             175                           1642                          0.4623662029330228            
23859                         3                             661.6572831606163             158.80793302851546            521                           5259                          1.3870986186696872            
24027                         3                             661.6572831606164             149.81739940839984            490                           5158                          1.3037544995650303            
24028                         3                             661.6572831606165             156.69322009699937            519                           5256                          1.3671661268032345            
24419                         3                             661.6572831606164             175.21511567294738            572                           5479                          1.5216625869987483            
24628                         3                             661.6572831606165             160.13807668226062            528                           5336                          1.3978191649109237            
24691                         3                             661.6572831606165             159.50350408988254            521                           5204                          1.3857081332094565            
24731                         3                             661.6572831606169             152.815751244914              501                           5195                          1.3366826054001681            
24830                         3                             292.4412659789949             67.45136305564569             221                           2296                          0.5893650390338904            
25147                         3                             565.3446949957005             145.71427540703462            490                           4628                          1.2860527489391675            
25946                         3                             661.6572831606161             148.7467593351392             496                           5362                          1.3088622315470246            
26165                         3                             90.45203484206614             22.541205770551663            77                            696                           0.2001788296266958            
26370                         3                             661.6572831606164             163.38133680318452            536                           5307                          1.4248982513408457            
26403                         3                             132.81039161035068            28.77696406055935             94                            1100                          0.2490833325072477            
26461                         3                             661.6572831606164             138.3799756585707             458                           5015                          1.2121765631758845            
27277                         3                             246.1557129245078             62.17130715711223             201                           1908                          0.5384337026175217            
27902                         3                             661.6572831606164             152.78695430673588            512                           5213                          1.3501338007876362            
28082                         3                             661.6572831606167             155.40422837775637            524                           5264                          1.3743407893002304            
28102                         3                             661.6572831606165             166.1409667049015             550                           5332                          1.4532474823143107            
28222                         3                             661.6572831606161             161.20824101243576            533                           5279                          1.4128756132399234            
29359                         3                             661.6572831606167             149.86232094979454            495                           5223                          1.310233614567887             
29663                         3                             661.6572831606168             154.6272927778602             506                           5283                          1.3448447511059853            
30056                         3                             539.799208416743              120.47322447616587            402                           4319                          1.0587111578778818            
30349                         3                             661.6572831606164             157.20675859113996            517                           5285                          1.3712052219567603            
30631                         3                             541.8180664654268             122.02621642764728            407                           4323                          1.072572333618381             
30856                         3                             396.2743385410988             93.32575254664813             313                           3141                          0.822734689905835             
31242                         3                             661.6572831606165             157.89260644214423            517                           5337                          1.3773030690593866            
31439                         3                             661.6572831606169             158.2929718878813             530                           5147                          1.394271688411271             
31509                         3                             661.6572831606168             158.8290995375414             531                           5088                          1.396165328816621             
31735                         3                             548.851424859204              130.2939573992791             430                           4219                          1.1453926705742572            
33421                         3                             601.2695892703827             138.256250046696              469                           4750                          1.221962698740561             
33439                         3                             661.6572831606167             151.75283295679344            513                           5320                          1.3452347459031229            
34109                         3                             305.0378561778197             77.47858361530598             257                           2457                          0.6788715295146647            
35096                         3                             661.657283160617              162.64256981211685            534                           5218                          1.414839675174632             
35694                         3                             72.14463545095612             17.395122560976628            60                            535                           0.15580509699472445           
35815                         3                             661.6572831606165             147.76674888040657            489                           5277                          1.294968116426366             
37140                         3                             262.0546169260286             73.42167626497826             244                           2163                          0.6427475991879653            
37474                         3                             335.5564998781438             76.58062970583744             251                           2518                          0.6692949317354158            
38456                         3                             661.6572831606168             163.23133332473222            545                           5467                          1.4387479680182715            
38458                         3                             661.6572831606167             161.61465471508293            527                           5335                          1.4033247480539546            
38993                         3                             661.6572831606165             159.6146463173443             529                           5330                          1.3981445292687404            
39342                         3                             418.9902674073852             94.78079209420115             317                           3335                          0.8337092650633859            
39558                         3                             661.6572831606167             155.28074087840812            523                           5401                          1.3713379499284915            
39888                         3                             166.1101103322158             39.37893393328082             131                           1279                          0.34488915630341044           
39928                         3                             661.6572831606165             157.5172847079564             517                           5291                          1.3692056349073711            
40201                         3                             661.6572831606165             154.65429373807902            518                           5149                          1.3689284856232404            
40275                         3                             661.6572831606165             150.5744696573394             500                           5179                          1.3202723567339518            
41542                         3                             272.51638851605657            64.09543324525058             213                           2170                          0.5606348406133147            
41629                         3                             661.6572831606168             157.83949350395164            524                           5372                          1.3804363730889873            
42418                         3                             661.6572831606167             157.4477877015008             523                           5329                          1.3826281576463053            
43221                         3                             253.24280676690398            62.906266209428175            207                           2009                          0.5514651985281974            
43832                         3                             256.78611000018645            63.09980732298778             206                           2051                          0.5457477902401875            
43902                         3                             310.5867337950878             75.67004608074544             252                           2369                          0.6644007565133916            
44351                         3                             661.6572831606165             154.23236786337793            521                           5311                          1.3675580688993998            
44372                         3                             492.1534477651848             118.86626011409632            396                           3964                          1.04367565225938              
45114                         3                             661.6572831606164             155.65518627080368            515                           5341                          1.35966562202199              
45968                         3                             661.6572831606165             146.19246319153206            487                           5072                          1.2849446867644674            
47433                         3                             500.51175960361775            123.77048016507746            409                           4155                          1.0809364658059275            
47460                         3                             173.99197378781693            38.407383583173726            131                           1332                          0.3416509381241296            
47463                         3                             661.6572831606164             149.88564527037875            498                           5161                          1.3199381058031638            
48324                         3                             661.6572831606165             154.03650295894406            508                           5311                          1.3482874705632706            
48463                         3                             229.2967464660072             61.93101567364874             204                           1844                          0.5393489441478267            
49040                         3                             23.56204876771872             3.6590746420273326            12                            190                           0.03152710909118701           
49745                         3                             661.6572831606163             169.42224723333436            558                           5302                          1.478661588957102             
49815                         3                             352.71264008009285            83.68065398858054             275                           2662                          0.7359373211346905            
50122                         3                             661.6572831606163             158.09291024271843            529                           5217                          1.3904101166492493            
50816                         3                             661.6572831606169             162.70325761442274            538                           5311                          1.4239686587065072            
51345                         3                             661.6572831606167             165.19442345772188            545                           5402                          1.4415374938782766            
51864                         3                             661.6572831606165             162.13610008012665            532                           5308                          1.4154096229864153            
51945                         3                             422.4389779867148             99.27755450027644             327                           3431                          0.8654547161621481            
52257                         3                             661.6572831606165             152.1400689795415             503                           5279                          1.3325425585784765            
52514                         3                             384.40068026471243            91.01739575542418             303                           3127                          0.799756115269467             
52780                         3                             648.6167340944671             163.52056947939738            534                           5226                          1.4182911123337876            
52898                         3                             590.3477184389532             147.8690014481285             483                           4764                          1.2857246401993074            
52931                         3                             18.39480833766293             3.9976581235843547            13                            144                           0.03462194779121597           
53199                         3                             558.7703394251091             149.5640597626906             496                           4245                          1.31096002305223              
53273                         3                             661.6572831606163             162.78647799231368            529                           5263                          1.4121308280136315            
53668                         3                             661.6572831606167             169.65130656663               568                           5341                          1.4979917161004048            
56007                         3                             661.6572831606164             157.9633760987608             523                           5257                          1.3816026210754457            
57340                         3                             661.6572831606163             153.79194493488836            510                           5384                          1.3462180082670798            
57506                         3                             661.6572831606162             154.4447390226629             514                           5192                          1.3566489582893957            
58362                         3                             661.6572831606165             154.9545161715188             512                           5164                          1.3541419163429982            
58442                         3                             661.6572831606167             147.79671282052078            499                           5211                          1.311146534406067             
58595                         3                             515.6886580291643             121.43024949734675            403                           3835                          1.0652050452870134            
58738                         3                             556.47958477778               123.21504174402409            406                           4409                          1.0748691456590773            
58942                         3                             661.6572831606163             163.3997408575733             545                           5362                          1.4359942550597518            
59190                         3                             661.6572831606163             151.13240242797679            503                           5270                          1.3314384705927909            
59786                         3                             661.6572831606168             155.8277720258282             519                           5372                          1.3699228952259581            
60121                         3                             574.5845237443854             122.26419063260674            411                           4353                          1.083552624224722             
60126                         3                             661.6572831606168             148.39133421521657            491                           4947                          1.2983907784623572            
60653                         3                             319.3528432793131             80.72027715840959             274                           2501                          0.7181290897177782            
61049                         3                             295.07272037729274            63.87191050596162             208                           2273                          0.5514495660353879            
61255                         3                             661.657283160617              158.63960781279744            525                           5244                          1.387656579466324             
61615                         3                             661.6572831606169             149.01092879129365            493                           5288                          1.304735580874801             
62057                         3                             661.6572831606164             152.36841124594284            503                           5197                          1.32893327035222              
62263                         3                             661.657283160617              151.71157268647335            509                           5257                          1.3420093723718836            
62948                         3                             661.6572831606162             149.3521437760704             497                           5315                          1.3116443545007233            
63059                         3                             661.6572831606167             145.10397018963016            485                           5159                          1.2817866074063753            
65691                         3                             661.6572831606164             141.9489475330878             475                           5259                          1.2502532401911681            
66014                         3                             499.8020203830549             110.42643651634094            363                           3920                          0.9606063794626434            
66246                         3                             661.6572831606165             157.53016513147736            520                           5304                          1.378825161408102             
66672                         3                             595.3357959753092             135.53533421100303            453                           4793                          1.1934468409850032            
66887                         3                             661.6572831606167             160.85555694604932            526                           5336                          1.3960119829532776            
66957                         3                             661.6572831606163             160.18874203782136            527                           5255                          1.3976414597091082            
68241                         3                             661.6572831606164             144.92918268830098            475                           5144                          1.26381970863658              
68252                         3                             193.77914384688225            42.7624159472766              143                           1553                          0.37404342492093345           
68615                         3                             661.6572831606165             154.72220711231157            513                           5209                          1.3527511661032867            
68901                         3                             661.6572831606164             163.39540402277817            548                           5136                          1.4365222260780923            
69051                         3                             661.6572831606167             146.10145507928172            487                           5194                          1.283453088840384             
70280                         3                             661.6572831606164             150.24214406313916            501                           5367                          1.3214073797996106            
70781                         3                             605.2596987251176             141.93425218165268            476                           4854                          1.2537990002259365            
71180                         3                             382.479842054835              96.31104116476396             319                           3092                          0.8452291724274996            
71223                         3                             21.332884361651235            2.814930309200804             9                             163                           0.024862191670009744          
71655                         3                             661.6572831606165             159.5467653293481             537                           5216                          1.4120658169933495            
71750                         3                             221.608415534902              58.03406175309976             191                           1693                          0.5038539567213991            
71897                         3                             661.6572831606167             161.43846575220178            528                           5191                          1.4035084786140206            
72142                         3                             661.6572831606165             170.4575840381664             572                           5322                          1.5013827746597403            
73148                         3                             127.0528733126684             27.77672586188702             92                            925                           0.24260786036416018           
73464                         3                             599.9854004181859             167.9057609668887             551                           4831                          1.4607279164425513            
73494                         3                             661.6572831606168             157.1060867102096             522                           5288                          1.3727052448385249            
74795                         3                             661.6572831606164             161.1218575966714             529                           5356                          1.4041631457357533            
76676                         3                             411.98451827945246            100.19319379989402            331                           3210                          0.8742233532711308            
77667                         3                             661.6572831606165             154.18800692021802            510                           5193                          1.3465979890178237            
77701                         3                             245.5592749758545             53.64154130690603             176                           1966                          0.466824797467942             
77809                         3                             661.6572831606164             153.6925930246496             507                           5351                          1.3433335288618689            
78432                         3                             661.6572831606167             154.724646979131              510                           5258                          1.3487720050773397            
78445                         3                             661.6572831606167             145.34755388814767            485                           5288                          1.2814199168846834            
78463                         3                             309.1695464074101             74.73644283403915             248                           2372                          0.6530242453012001            
78479                         3                             661.6572831606165             158.20083625604153            518                           5243                          1.3747622909588413            
78826                         3                             555.733417934924              139.18536238710786            457                           4339                          1.2107297484097521            
78877                         3                             661.6572831606167             152.7638952074337             500                           5204                          1.3270531010056215            
79011                         3                             661.6572831606165             167.26806216540913            551                           5339                          1.4616663138457953            
80406                         3                             661.6572831606167             160.99104003170837            538                           5255                          1.4170373081788274            
82227                         3                             661.6572831606164             157.7312226724322             526                           5273                          1.3875443455400065            
82289                         3                             602.7141921907311             146.4285421140967             483                           4830                          1.2801536245622067            
82481                         3                             661.6572831606168             168.00091475505164            554                           5288                          1.4672943709092627            
83263                         3                             541.0978738698076             133.14505582644958            441                           4304                          1.162691857765465             
83288                         3                             143.46216411239567            34.838503427132245            116                           1143                          0.30593751704144945           
83328                         3                             661.6572831606168             156.84831211171175            519                           5170                          1.377533797359113             
83343                         3                             63.01615011616814             13.709282538888317            45                            467                           0.11908233261830135           
83858                         3                             661.6572831606165             149.58927714930022            495                           5334                          1.3133526178718928            
83983                         3                             661.6572831606167             165.55189678474392            552                           5399                          1.4516249127734977            
84045                         3                             661.6572831606168             143.4610055949785             469                           5244                          1.2490005128741521            
84059                         3                             575.9341061687509             140.56144336843627            462                           4588                          1.2256384483631337            
84768                         3                             556.9574626996649             125.82788479496324            418                           4568                          1.1026622585583354            
84981                         3                             661.6572831606165             153.66092182638948            513                           5280                          1.3469316481598947            
85613                         3                             498.8575006098955             107.14050287183578            355                           3870                          0.9373240166289675            
85704                         3                             75.25                         15.397106909938275            49                            616                           0.13151089122815268           
85747                         3                             178.15118147243143            38.86601398369389             130                           1370                          0.34203193745954485           
85974                         3                             661.6572831606164             152.75096828028978            508                           5202                          1.338101154463269             
87439                         3                             524.697881481169              124.58853439874184            411                           4144                          1.0896961311749984            
88203                         3                             661.6572831606164             157.96665857383854            516                           5303                          1.378066178342006             
88255                         3                             296.1774868846405             64.93235747808198             220                           2180                          0.5767544641167255            
88456                         3                             661.6572831606167             154.46029621650632            515                           5242                          1.3527085656318585            
88605                         3                             590.2129983927312             146.14467376122758            484                           4623                          1.2782923628642193            
89480                         3                             661.6572831606164             161.51275574107433            538                           5204                          1.4225271727057227            
89891                         3                             212.97377336317442            49.30586529118283             164                           1580                          0.43408365400360316           
90089                         3                             32.20574315612004             3.4457895562781666            12                            214                           0.030796815943508433          
90310                         3                             661.6572831606165             172.91395571193948            571                           5392                          1.5127001713109292            
90471                         3                             85.2354                       20.381289592853232            67                            658                           0.17770381189012258           
90642                         3                             661.6572831606164             147.34679735358807            493                           5274                          1.2982569942543107            
90658                         3                             14.875447727585978            2.277732499630389             8                             101                           0.020731028895041324          
90864                         3                             661.6572831606164             153.83043113527478            508                           5083                          1.345937643403667             
91168                         3                             523.8149059240899             127.34792873972363            427                           4234                          1.1241296679110981            
91634                         3                             661.6572831606164             156.54261088360073            513                           5179                          1.363085984177677             
92386                         3                             11.811037033454538            2.2270932609519316            7                             87                            0.019372808604355106          
92432                         3                             661.6572831606164             152.944063856924              504                           5308                          1.3357511687082146            
93175                         3                             214.07573770616247            61.0695212748824              203                           1589                          0.5399191252060143            
93417                         3                             661.6572831606165             159.86180316799565            524                           5133                          1.3912983126014418            
93895                         3                             661.6572831606165             154.71095018302626            517                           5201                          1.3645129841417032            
94282                         3                             661.6572831606164             147.37846277902864            487                           5255                          1.2911033172352857            
94452                         3                             661.6572831606165             158.30128259972008            524                           5111                          1.3797074043172157            
96337                         3                             526.8319015385388             129.23856797407402            428                           4093                          1.1300665757579678            
97210                         3                             148.28598706503092            37.6592048229125              127                           1154                          0.33339192663137984           
97489                         3                             661.6572831606164             157.98588125287637            534                           5232                          1.40158299887764              
97758                         3                             661.6572831606165             159.57171095789624            529                           5100                          1.4026168339669864            
97765                         3                             36.391905721720725            9.626009753834305             31                            247                           0.08266886467219395           
97872                         3                             661.6572831606164             155.343564106415              515                           5240                          1.362118073033521             
97932                         3                             297.0471057647871             70.11657883485616             232                           2366                          0.6154865929701081            
98128                         3                             508.87141819346994            114.3553301958556             382                           3868                          1.0033201794808297            
98446                         3                             179.07409173761582            43.13351062043744             141                           1412                          0.37511104921551547           
98457                         3                             431.24305368965184            99.88405448996292             323                           3574                          0.8644908657203816            
98560                         3                             516.6487772579846             132.91220360703323            436                           4206                          1.1595634629168563            
99004                         3                             584.2502831606166             146.7530580912418             484                           4758                          1.27995515403598              
753                           4                             661.6572831606164             165.00566634440827            553                           5169                          1.4551906287529852            
873                           4                             9.643954105008941             2.587872698612845             9                             85                            0.022962465355343777          
1032                          4                             533.4099154378627             138.765433120708              458                           4142                          1.2107995315528148            
1488                          4                             661.6572831606165             158.91700424982824            528                           5202                          1.3902432345608926            
2237                          4                             661.6572831606164             166.76104285161801            558                           5239                          1.4681060975944717            
2426                          4                             661.6572831606165             158.7040088003181             533                           5215                          1.4007493794112187            
2855                          4                             534.1727386332517             135.14825969650826            462                           4281                          1.2026178295155452            
3242                          4                             32.205827009005795            9.605411883474625             32                            251                           0.08515269764969416           
3516                          4                             75.24999999999999             14.959262361924726            48                            607                           0.12855211274346376           
3523                          4                             661.657283160617              162.78049597906124            531                           5192                          1.4137356345259984            
3912                          4                             661.6572831606168             174.43478157521278            580                           5452                          1.5309553138230374            
4002                          4                             586.5932831606165             146.93345823740177            485                           4705                          1.2823803047775102            
5118                          4                             443.5157305731782             107.56727176100135            365                           3512                          0.9526370740950727            
5192                          4                             661.6572831606161             160.1332802523425             530                           5372                          1.398328284489998             
6790                          4                             661.6572831606164             161.16829629874144            535                           5387                          1.4108435403825053            
7450                          4                             661.6572831606165             159.74709145728156            535                           5237                          1.4123765640986943            
7628                          4                             661.6572831606161             151.41886004288432            497                           5211                          1.3192465012052725            
7885                          4                             661.6572831606168             164.9061881579171             540                           5326                          1.4419052825641043            
8005                          4                             203.92440391662925            58.88484532758008             197                           1684                          0.5188755682364207            
8226                          4                             140.26584283107096            31.38413907110942             107                           1111                          0.2818500088684044            
8556                          4                             388.1714483746779             97.02410529029001             318                           3097                          0.8445758244980779            
9289                          4                             661.6572831606168             168.77222913921298            557                           5240                          1.4791521098413634            
9324                          4                             661.6572831606164             160.93878118637488            535                           5304                          1.4132879511849672            
9385                          4                             159.41557603157128            40.41459325688081             130                           1237                          0.34732851657752695           
10107                         4                             558.7419695135287             129.87423776257506            430                           4450                          1.1394042822317778            
10108                         4                             32.20554856269399             8.312288070951942             26                            241                           0.07024594108056627           
10166                         4                             661.6572831606163             163.538151876524              541                           5267                          1.4279741584388121            
11618                         4                             661.6572831606164             165.22871721468277            548                           5173                          1.448059402683009             
11925                         4                             661.6572831606165             162.38008380550164            540                           5414                          1.427452394525475             
12255                         4                             661.6572831606163             162.4840085861476             535                           5156                          1.414813632664916             
12309                         4                             547.1645437502269             125.80322523014448            419                           4297                          1.1063024517007771            
12357                         4                             661.6572831606163             170.38991942360437            564                           5391                          1.485804330578592             
12628                         4                             388.7857299096571             96.87489631566886             321                           3173                          0.8460661685752273            
13025                         4                             661.6572831606167             148.5420975890327             491                           5248                          1.3000513866912737            
13316                         4                             661.6572831606163             176.835229420366              589                           5325                          1.552947333616265             
13848                         4                             661.6572831606165             171.40987140804708            567                           5365                          1.504958809562932             
13949                         4                             661.6572831606167             163.06370990550113            536                           5151                          1.422103785298502             
14162                         4                             661.6572831606167             173.8669360742653             577                           5288                          1.5257396292147016            
14350                         4                             32.205420569115894            5.9477916041377075            20                            242                           0.05255137589850411           
14567                         4                             661.6572831606163             162.02577544204075            539                           5215                          1.423041487765277             
14690                         4                             661.6572831606163             171.8413299629167             574                           5353                          1.5165197769658945            
15720                         4                             406.1482203667615             84.20752625438486             284                           3235                          0.7451824882451982            
15771                         4                             416.28366395973546            104.09287337899643            347                           3366                          0.9145331702788649            
16099                         4                             661.6572831606163             165.07187001930706            546                           5263                          1.4449471407929502            
16180                         4                             661.6572831606165             175.88664319307637            572                           5324                          1.5203565782768091            
16233                         4                             245.64472920065313            62.60850631632838             212                           1938                          0.5553358423422936            
16549                         4                             661.6572831606165             162.2265156082603             530                           5292                          1.409819420106012             
18291                         4                             661.6572831606167             166.11067475721802            555                           5221                          1.463577339884886             
18347                         4                             373.31932109575774            93.41782447323386             304                           2829                          0.8131944955929862            
18477                         4                             661.6572831606165             155.8357499821637             521                           5161                          1.3740535014467752            
18636                         4                             661.6572831606163             171.20879198572857            572                           5398                          1.5070794859240164            
18668                         4                             380.3863487206877             91.14182061401957             305                           3058                          0.8026727290180693            
18714                         4                             661.6572831606164             164.28095991689779            545                           5365                          1.4400254753822819            
18765                         4                             661.6572831606165             175.19595809366814            570                           5382                          1.5187157202974961            
18797                         4                             661.6572831606164             155.94993183320454            515                           5199                          1.3594463486599833            
18915                         4                             661.657283160617              164.81148780560645            551                           5265                          1.4517375092968436            
19726                         4                             661.6572831606167             143.81319605580444            480                           5201                          1.2672126088218643            
19803                         4                             661.6572831606162             166.03412759095644            551                           5206                          1.455198382441949             
20306                         4                             661.6572831606167             172.54310631367426            584                           5219                          1.5320417278050504            
20441                         4                             661.6572831606167             170.5322908587889             573                           5360                          1.5059301911766352            
22021                         4                             661.6572831606167             158.33118889243974            531                           5234                          1.400955235093933             
22402                         4                             1.869428167499021             0.35673812471168176           1                             9                             0.002782598216433655          
22505                         4                             661.6572831606163             157.45397002204814            523                           5134                          1.3881299921453571            
22851                         4                             220.70923360327714            43.15018734795212             144                           1635                          0.3793718396381045            
23131                         4                             661.6572831606164             167.94656330771147            555                           5293                          1.4715793858263173            
23720                         4                             661.6572831606164             152.06566968764935            512                           5205                          1.343378399546238             
23742                         4                             661.6572831606163             159.15691477079193            518                           5020                          1.3847646379478453            
23927                         4                             25.91277542540937             7.554740402225521             25                            206                           0.06662045384185737           
25673                         4                             160.11420947219173            31.988210315637044            110                           1325                          0.28556176780664144           
26063                         4                             661.6572831606167             155.43291947096722            509                           5270                          1.3511510083321447            
26981                         4                             661.6572831606165             162.06384332251565            536                           5278                          1.4201314305930475            
27214                         4                             19.135463969312294            6.2845830284166135            21                            143                           0.05440345121767433           
27273                         4                             151.561089092217              37.97653046507686             122                           1236                          0.3263394715211351            
27652                         4                             116.3040603609579             24.0372384770548              81                            905                           0.21215024693548856           
28315                         4                             661.6572831606167             156.7229791801497             521                           5376                          1.3779073665309132            
28862                         4                             464.3593008769111             103.46519098180097            341                           3684                          0.9029180033708395            
28882                         4                             166.49564313910855            42.34859854850831             140                           1342                          0.37208906369680717           
29045                         4                             661.6572831606165             162.23726149629377            533                           5240                          1.4136036448087896            
29108                         4                             585.6025279644379             145.59819415277317            484                           4588                          1.2817329686908498            
29152                         4                             661.6572831606164             155.70776086283138            529                           5312                          1.3840217510149935            
29474                         4                             8.799273890887529             1.7341401083391002            6                             49                            0.015537534435617483          
29831                         4                             661.6572831606171             160.7449807740433             535                           5277                          1.4095305762568406            
29856                         4                             184.97909109507253            40.27657953028864             138                           1320                          0.3618966397799177            
30670                         4                             661.6572831606165             152.85252876042563            506                           5284                          1.3383803965168113            
31006                         4                             371.48292394937874            83.97546250508496             279                           2821                          0.7363853090005819            
31669                         4                             32.20536753924943             9.033683876829016             31                            234                           0.08075644091967388           
33704                         4                             661.6572831606165             164.57053692076713            540                           5325                          1.4378035514586698            
33837                         4                             661.6572831606165             151.47949071441727            500                           5039                          1.323981810519881             
34325                         4                             141.62535460740358            31.076744931708333            102                           1082                          0.26946082498327234           
34495                         4                             411.6081464243075             105.53920748024373            356                           3369                          0.9330064757127214            
35131                         4                             661.6572831606163             154.22847301042012            511                           5257                          1.3524694551176957            
35541                         4                             661.6572831606167             163.44793788399573            542                           5391                          1.4322582131379953            
35626                         4                             661.6572831606164             159.7124356539458             524                           5300                          1.3881728897746504            
35750                         4                             661.6572831606163             147.4064851130719             487                           5248                          1.2920841628954507            
36105                         4                             453.10212611045336            106.55107359962199            354                           3564                          0.9343256057488645            
36581                         4                             661.6572831606164             164.41911879101238            537                           5198                          1.42987565358822              
37044                         4                             551.0555768844954             155.44769715372013            502                           4424                          1.3357505805413747            
37113                         4                             661.6572831606165             161.72447934521446            544                           5178                          1.425210605282449             
37288                         4                             567.1030514050701             143.28066501826115            474                           4483                          1.253361962720818             
37383                         4                             661.6572831606165             154.86931473264403            515                           5218                          1.3593862240908048            
37605                         4                             661.6572831606167             165.39098746609588            550                           5228                          1.453333412159881             
38117                         4                             661.6572831606165             162.89830821255484            542                           5097                          1.429286735555488             
38784                         4                             661.6572831606167             156.76471255027096            522                           5166                          1.3750126664750533            
39643                         4                             661.6572831606164             164.00652627078597            545                           5337                          1.438224577600935             
39802                         4                             587.268342248558              140.77301608607536            476                           4719                          1.2507595703150542            
40460                         4                             641.1712699483868             148.4965257790613             494                           5137                          1.304165789194681             
41041                         4                             158.46729862889168            37.64461102825622             128                           1231                          0.33559881691561033           
42362                         4                             661.6572831606164             158.43819253694366            530                           5285                          1.394219340881707             
44169                         4                             494.77261077107244            119.64691350163362            398                           3795                          1.0493895936845357            
44233                         4                             661.6572831606167             169.93482553524305            562                           5364                          1.4860536322345697            
44354                         4                             661.6572831606167             168.7286177973858             559                           5331                          1.4799948673327572            
44831                         4                             661.6572831606163             170.65245571258856            558                           5245                          1.4806446036878758            
45592                         4                             32.20540564243987             6.792196037381646             22                            231                           0.058457230643230274          
45717                         4                             661.6572831606168             164.2093997205001             542                           5107                          1.4369401434728777            
46204                         4                             661.6572831606163             156.8019753154085             512                           5169                          1.3603134216306794            
46247                         4                             661.6572831606167             154.650793592882              513                           5336                          1.352832753537001             
46288                         4                             327.6237656068178             72.74189274155837             240                           2555                          0.6389983053063084            
47075                         4                             413.6476145968285             101.01224470116698            331                           3263                          0.8822865442383524            
47747                         4                             548.6034284805002             136.53733206192848            460                           4340                          1.2084508747597462            
47962                         4                             532.165096204947              129.8417122112257             431                           4194                          1.1406061819179807            
48071                         4                             117.88081724881619            27.30248844088006             95                            924                           0.2457378378508697            
48212                         4                             186.5709525798141             49.87517090185076             169                           1380                          0.44271833798846977           
48215                         4                             661.6572831606164             163.8034653574726             542                           5245                          1.4298769773272026            
48261                         4                             661.6572831606167             162.25374692001972            557                           5241                          1.452398947248946             
48438                         4                             117.3795891292068             30.08836186336558             99                            884                           0.26074587408019334           
48917                         4                             661.6572831606165             142.53396245342378            475                           5296                          1.2513745469096411            
49710                         4                             69.06735921375984             14.729544817694602            50                            536                           0.13129562766086555           
49970                         4                             661.6572831606167             156.804528952732              515                           5175                          1.3652870481265778            
50195                         4                             661.6572831606165             159.3109980306332             518                           5219                          1.3760331847381118            
50397                         4                             401.2983200044715             103.32947294355392            342                           3218                          0.9063035014878771            
51484                         4                             661.6572831606167             162.76753018395513            542                           5173                          1.4266150609563666            
51625                         4                             661.6572831606168             165.29515455048997            543                           5212                          1.4400850763493909            
51703                         4                             348.22114675530196            76.51625963993173             257                           2737                          0.6755253428287393            
52332                         4                             418.7039906266091             97.81236009675744             322                           3278                          0.8541887139028176            
52814                         4                             139.56143781313037            33.216355705174465            112                           1097                          0.2957340716051793            
53848                         4                             456.6547005306163             123.26855492793506            411                           3627                          1.08164209485254              
53913                         4                             661.6572831606167             162.32138687032048            535                           5350                          1.4193244498068824            
54039                         4                             661.6572831606165             171.99729998100426            573                           5383                          1.5102129864638               
54614                         4                             405.0686809958069             100.56260604340183            331                           3094                          0.8763862481209531            
56698                         4                             661.6572831606168             153.47135008124658            509                           5307                          1.3496892294837224            
57485                         4                             588.0835113904224             148.1002084789819             495                           4586                          1.3037886638458034            
58736                         4                             661.6572831606167             154.11002689499952            504                           5242                          1.337501503919975             
58786                         4                             661.6572831606167             146.31105227169658            486                           5112                          1.2865853051724963            
59364                         4                             661.6572831606164             177.97851494397656            588                           5340                          1.5621633294872184            
60125                         4                             429.54307294641626            124.22724385330362            407                           3496                          1.0824322514291855            
60655                         4                             64.44502622200875             17.24275187269596             54                            496                           0.1470391247254837            
61150                         4                             34.01760397878872             9.304843196908958             33                            261                           0.08418514245182306           
61758                         4                             439.01217988997865            111.95325414296288            372                           3515                          0.9842588438461948            
61902                         4                             291.4992117714071             77.21312064483257             254                           2367                          0.6731363920235746            
62610                         4                             321.0746459141391             79.68817677167065             259                           2412                          0.6887005550732821            
62711                         4                             487.5984284375353             119.16165231366523            389                           3790                          1.0362406739938195            
63721                         4                             661.6572831606164             155.49840408757035            520                           5158                          1.3699427857432362            
65206                         4                             552.4310934730782             130.27813308548926            427                           4425                          1.1290987758838962            
67125                         4                             661.6572831606164             162.1170518708724             540                           5228                          1.4258519507851064            
67261                         4                             661.6572831606168             165.59264773789778            542                           5114                          1.4428581504110602            
68395                         4                             588.8201624897151             160.71283782132977            537                           4825                          1.4140890286546388            
68457                         4                             661.6572831606165             165.76866647847942            555                           5401                          1.4626931371988299            
68915                         4                             362.2833150692032             85.70004374018419             282                           2769                          0.746927874928326             
69305                         4                             200.5845123355461             45.66641967240714             153                           1489                          0.4032194772794054            
69367                         4                             62.42323606248162             15.20592772070014             51                            445                           0.13430250223860493           
69749                         4                             195.69807986728182            42.22406750616808             144                           1319                          0.3748293814061915            
69876                         4                             661.6572831606168             170.32440681398418            559                           5295                          1.4858487264626232            
70107                         4                             36.316741728846914            12.033208742060182            38                            239                           0.10266675722751806           
70171                         4                             621.3589467275219             164.1801292365216             536                           4968                          1.4324673676215063            
71684                         4                             102.6081573795019             21.862591077643703            73                            774                           0.19230552757175023           
73209                         4                             635.0890849753256             183.3425669989492             620                           5096                          1.6228431304143514            
73350                         4                             661.6572831606169             152.08951039910662            510                           5465                          1.3483696753520031            
73536                         4                             661.6572831606164             159.07450233110563            537                           5268                          1.4099630393763696            
74858                         4                             661.6572831606165             161.7435885997531             539                           5240                          1.4204237563842823            
75111                         4                             198.08463637410478            41.723698583826554            136                           1481                          0.3621804783676912            
75137                         4                             331.92893941312343            73.89840928692537             243                           2615                          0.6453612316018428            
75870                         4                             441.3390601868281             112.17939468799698            369                           3469                          0.9803894020912957            
75993                         4                             387.86421276751867            101.32738514950717            334                           3152                          0.889189983454097             
76152                         4                             661.6572831606165             166.735413726865              548                           5372                          1.4534523493069162            
76709                         4                             661.6572831606163             165.436833420912              561                           5208                          1.4695594895983741            
77111                         4                             661.6572831606163             168.8068460016481             560                           5366                          1.4809840188321157            
77782                         4                             661.6572831606164             175.1072656555202             585                           5317                          1.5403037100153603            
77986                         4                             661.6572831606168             156.971823121957              518                           5231                          1.3746333015226637            
78069                         4                             447.84809183285523            111.11178698081908            368                           3564                          0.9763059256325959            
78479                         4                             296.9926015726359             59.77383611017577             196                           2224                          0.520134579880666             
78587                         4                             32.20549338908069             9.088766532806078             32                            244                           0.08250839170076817           
78780                         4                             525.519440403522              121.27571021631991            400                           4175                          1.0601431796567191            
79427                         4                             57.58500729340379             14.679417409507643            50                            446                           0.1296027678567916            
79579                         4                             661.6572831606168             164.29563758069742            543                           5219                          1.4386531592264467            
79792                         4                             661.6572831606167             168.7550854622092             555                           5340                          1.472141060143133             
80456                         4                             595.1800400344531             134.31488794130715            449                           4613                          1.1819711659408334            
80910                         4                             661.6572831606163             149.67075814120327            493                           5167                          1.30772713088093              
81285                         4                             466.73692282756974            115.01961505921241            384                           3616                          1.010959303229285             
81509                         4                             584.4618076240235             136.89303560029686            454                           4514                          1.1966120840653476            
82318                         4                             85.23539999999998             20.61387106519057             68                            628                           0.17942785394158736           
82384                         4                             89.85514813646846             24.035445839583655            78                            705                           0.20737272407823057           
83405                         4                             661.6572831606165             167.24820135423664            557                           5339                          1.47446599897797              
84143                         4                             602.2845859978702             141.80316534912978            464                           4872                          1.2326862126696763            
84272                         4                             661.6572831606164             157.52685546510216            527                           5288                          1.3858365453066757            
84370                         4                             661.6572831606164             165.40113043304657            554                           5443                          1.4600535737249238            
84371                         4                             661.6572831606168             163.6154286873229             548                           5333                          1.4459747324667718            
84790                         4                             31.81894654973482             6.501534683662234             21                            222                           0.05561716601270475           
85421                         4                             661.6572831606167             167.14068364937899            551                           5291                          1.459758791791946             
86022                         4                             661.6572831606165             163.37775748276073            543                           5351                          1.4351053678854793            
86496                         4                             560.8294589593725             140.08742200036656            470                           4428                          1.2386475116023345            
87170                         4                             661.6572831606163             172.79853478248864            575                           5357                          1.5169469130786895            
87287                         4                             421.1457006386998             94.90864198831305             316                           3288                          0.8326726384789834            
87340                         4                             661.6572831606163             161.86308696543068            533                           5253                          1.4129384592989158            
87591                         4                             661.6572831606171             168.41291904004976            557                           5397                          1.4709650205176517            
87613                         4                             661.6572831606163             169.71135279288617            558                           5310                          1.4799931414104293            
88072                         4                             661.6572831606165             158.81663961533025            535                           5274                          1.4028653217412326            
88449                         4                             661.6572831606169             176.55864348907886            595                           5289                          1.5648841463760643            
88819                         4                             647.3332302819043             172.40569230762813            570                           5181                          1.5111751168488636            
88882                         4                             661.6572831606164             152.2539874893956             501                           5109                          1.327872664682763             
89406                         4                             661.6572831606165             156.4147130386028             514                           5293                          1.3589074932357075            
89685                         4                             166.46545570363224            34.6286429451673              112                           1285                          0.2985193060083029            
89800                         4                             581.7318565411429             146.51023141310662            477                           4517                          1.2717745012871018            
89846                         4                             661.6572831606165             150.31532525789183            498                           5241                          1.3191390920710926            
90401                         4                             661.6572831606167             175.4673421135365             578                           5353                          1.5387084039295453            
90697                         4                             661.6572831606168             160.3734011896262             528                           5299                          1.3967084284969178            
91613                         4                             168.34732216029533            39.93392738173197             128                           1246                          0.3440510600870359            
91915                         4                             661.6572831606162             175.17962252577635            578                           5351                          1.5323213237732185            
92027                         4                             661.6572831606163             159.83621379390783            540                           5415                          1.4159980711131264            
93131                         4                             240.68191164846144            65.5661201172759              217                           1959                          0.5759451479936188            
96262                         4                             661.6572831606167             170.02893774590643            553                           5291                          1.4736107583963642            
96438                         4                             661.6572831606165             172.76417927615523            565                           5303                          1.5036427864069326            
96491                         4                             661.6572831606167             174.63290810360215            577                           5240                          1.5256503840044797            
96834                         4                             555.8986635719799             148.47575704936799            498                           4408                          1.3108148830256574            
96866                         4                             491.0991292117865             121.5931556252459             411                           3910                          1.0788408996806367            
97042                         4                             585.2076529388604             140.7793046196066             464                           4628                          1.2336875785116566            
97753                         4                             661.6572831606163             166.61195853442766            552                           5253                          1.4626529790829124            
98630                         4                             661.6572831606165             163.20216524539245            548                           5290                          1.4375861049349108            
98909                         4                             381.66282275803223            84.17627543630267             280                           2883                          0.7387581133179656            
99336                         4                             661.6572831606165             158.33355178671331            528                           5231                          1.3899775020594676            
99380                         4                             661.6572831606163             167.37274263986944            558                           5344                          1.4744952732912489            
99622                         4                             661.6572831606168             174.4650251954823             576                           5303                          1.5246285615695268            
99685                         4                             661.6572831606165             157.12304024526966            526                           5246                          1.3818414472785694            
99911                         4                             661.6572831606169             153.52377986162762            503                           5266                          1.3354720424542053            
105                           5                             191.58925256183224            47.569775046721034            157                           1486                          0.41679555634876253           
214                           5                             46.146100255568754            13.713546885850535            45                            362                           0.12059911312096276           
360                           5                             607.5965061389995             158.9797755531964             533                           4706                          1.404478487134572             
795                           5                             661.6572831606164             174.3725200508732             576                           5362                          1.5245964317883773            
1315                          5                             661.6572831606163             173.59669080067778            572                           5383                          1.518241153134563             
1772                          5                             552.5808276419802             134.80135177962902            448                           4272                          1.1847226091046665            
2502                          5                             661.6572831606163             165.26349939082849            549                           5208                          1.4478873278102098            
2783                          5                             31.818664227276983            6.1112559575755645            20                            211                           0.05282228357883897           
3715                          5                             661.6572831606165             158.64219668118554            521                           5245                          1.380158072259206             
3854                          5                             661.6572831606162             163.78807117551054            541                           5164                          1.4331215732078422            
4221                          5                             70.38418248333248             16.49552223233269             57                            510                           0.1480177722611135            
4475                          5                             661.6572831606165             166.88691824770456            549                           5234                          1.4599674649089502            
5138                          5                             661.6572831606167             156.48431839075175            525                           5184                          1.3777570197389508            
6834                          5                             661.6572831606165             156.91308250406175            518                           5158                          1.3701820848174975            
7115                          5                             661.6572831606167             171.1570018076305             557                           5344                          1.490361742054703             
7292                          5                             36.39175539462914             9.492878257268114             32                            242                           0.08560475196532386           
8108                          5                             661.6572831606164             169.59777252000646            555                           5269                          1.4757298638582386            
8342                          5                             661.6572831606165             155.7058145984021             522                           5305                          1.3768210946782662            
9093                          5                             75.24999999999999             20.752633168234052            68                            555                           0.17997450300602924           
9344                          5                             661.6572831606165             164.50817955571128            549                           5269                          1.4493242705241958            
9398                          5                             661.6572831606165             163.76590014111528            541                           5246                          1.4324287825038202            
9616                          5                             115.92678863775829            28.12738292224488             93                            952                           0.24643412923366587           
9677                          5                             661.6572831606169             174.1210482870352             582                           5358                          1.5341423679064161            
10399                         5                             661.6572831606165             156.899803891113              515                           4957                          1.3697957148604272            
10942                         5                             661.6572831606165             166.55701595805522            554                           5185                          1.4591457746309489            
11565                         5                             661.6572831606165             168.97619185353932            555                           5338                          1.4746550978793338            
11791                         5                             661.6572831606165             161.76009966768143            529                           5270                          1.4099876862250964            
12353                         5                             661.6572831606165             160.1969957663954             536                           5219                          1.4109195486391948            
12680                         5                             661.6572831606165             180.03185328962724            598                           5321                          1.5875571729435498            
12793                         5                             661.6572831606165             157.4631060597126             518                           5255                          1.3774354054329025            
12934                         5                             661.6572831606164             157.38098607270692            518                           5188                          1.374181966086578             
13947                         5                             318.06848754824045            74.04886989888846             242                           2486                          0.6425382400875594            
14073                         5                             661.6572831606159             186.2855292621194             629                           5450                          1.6527684039107156            
14360                         5                             476.58178006814126            124.69379103281977            403                           3911                          1.078660071381452             
14652                         5                             661.6572831606165             165.68796742354763            552                           5339                          1.4512521800992193            
14879                         5                             32.205745334846846            7.674425567687926             27                            225                           0.06970979820355842           
15084                         5                             445.5302807025646             112.42124646723423            370                           3534                          0.986339128544192             
15251                         5                             123.54294166398569            26.824359464562477            92                            942                           0.23997056272480688           
15324                         5                             661.6572831606168             173.9667525686821             577                           5318                          1.5259920476628026            
15704                         5                             460.8144955542458             112.57767914056866            374                           3601                          0.9891037913142429            
16705                         5                             661.6572831606168             166.76937250664514            549                           5237                          1.4580180372029932            
16708                         5                             156.48851128103777            37.62014004798182             124                           1272                          0.32994787793849917           
17322                         5                             661.6572831606165             179.96976352971419            594                           5219                          1.571636894720089             
17472                         5                             418.15516713927224            99.6358639367961              336                           3155                          0.8816284096055906            
17598                         5                             470.6848246739493             115.41528963395827            384                           3854                          1.0130937116903316            
19037                         5                             14.373521244151028            4.102633512159365             13                            101                           0.034560738015225335          
19162                         5                             538.2879605858026             140.04279205123476            462                           4384                          1.2307553849289599            
19273                         5                             584.2502831606165             155.31186283037226            515                           4709                          1.3638499411458047            
19337                         5                             517.023867264465              125.01697616991522            421                           4023                          1.1052480027839007            
19829                         5                             661.6572831606168             157.9432011869976             526                           5241                          1.3899461592057523            
20624                         5                             661.6572831606165             157.63928965534885            528                           5376                          1.386362325976128             
20629                         5                             661.6572831606165             162.2640489149721             540                           5053                          1.4246510937565091            
21033                         5                             76.77763365802691             13.929177938072863            47                            483                           0.1232448247781994            
21438                         5                             491.53574769077534            123.08352755128873            408                           3893                          1.0739650119538082            
21564                         5                             661.6572831606165             161.9729544986513             531                           5058                          1.4145596846226303            
21778                         5                             555.0298317637302             141.38835720123114            481                           4644                          1.2564043829500005            
21854                         5                             661.6572831606165             171.37545624999072            564                           5313                          1.494727010529632             
21864                         5                             623.8367144842239             153.05114598331565            506                           5032                          1.342897364595275             
22003                         5                             308.7660041589338             80.77084963283464             267                           2443                          0.7065842967713425            
22365                         5                             324.55366285937095            80.76495364464104             270                           2495                          0.7081643641047234            
22879                         5                             432.657176783831              108.49014185061426            362                           3422                          0.9525312492608429            
23273                         5                             661.657283160616              166.6382048485932             552                           5317                          1.4571142450475683            
23877                         5                             661.6572831606165             166.0161177184742             552                           5216                          1.4633321134132153            
23948                         5                             240.37355853975623            65.09198152545423             216                           1872                          0.5710640798715434            
23962                         5                             111.45257243361823            22.764936711249057            74                            799                           0.19630015112280397           
23985                         5                             540.5484604585548             142.74632180100056            474                           4362                          1.2505929870053514            
24093                         5                             432.55694331933245            104.20875025478007            350                           3514                          0.9220235635937777            
24595                         5                             434.20562279910405            94.80653947276537             321                           3281                          0.8438763422627652            
24915                         5                             456.2477084852786             113.97703928870767            385                           3602                          1.0097863186682574            
25282                         5                             661.6572831606165             165.43883876394358            547                           5026                          1.4510641517178318            
25640                         5                             359.1191297089308             88.197066410748               281                           2743                          0.7540189700275577            
25742                         5                             661.6572831606165             164.45431595270477            537                           5295                          1.433913646624892             
25876                         5                             661.6572831606163             171.09555569064244            564                           5208                          1.4976383151198127            
25985                         5                             661.6572831606167             163.09077554054488            547                           5318                          1.440595413031315             
26410                         5                             176.00916076455022            44.31608185267211             142                           1412                          0.38029358906651              
26969                         5                             661.6572831606168             164.76738748241635            539                           5233                          1.4394346906973081            
28374                         5                             661.6572831606165             162.09471500427122            534                           5205                          1.4176901426548503            
28670                         5                             661.6572831606167             173.7390374717377             574                           5275                          1.5188341418064968            
28680                         5                             661.6572831606164             148.79853861192097            494                           5073                          1.3052866501131404            
29294                         5                             661.6572831606167             161.0529511150386             529                           5103                          1.4025444135822567            
29413                         5                             661.6572831606169             165.31374345734775            547                           5382                          1.4504264122266006            
29466                         5                             661.6572831606164             172.1423977152914             566                           5316                          1.504278056008931             
30072                         5                             586.5932831606166             154.8643384625464             514                           4683                          1.3606317866281747            
30497                         5                             661.6572831606164             157.712595758583              518                           5171                          1.3750373938153881            
30532                         5                             32.205812640591205            8.115346965673034             27                            242                           0.07141083275335296           
31395                         5                             187.72393904333256            37.846986673362856            130                           1413                          0.3381837872856878            
31542                         5                             661.6572831606163             161.2482541542294             525                           5222                          1.399081825031287             
31596                         5                             661.6572831606163             167.3056590419872             556                           5339                          1.4683507478513709            
32127                         5                             515.3201736589749             134.48608534034116            445                           4139                          1.1791347138845651            
32340                         5                             661.6572831606164             176.9074873575217             588                           5179                          1.5476209316859835            
32504                         5                             661.6572831606163             162.16992307591605            544                           5306                          1.4323358652999145            
33107                         5                             75.24999999999999             14.874817488805538            52                            602                           0.1352348269056838            
33181                         5                             661.6572831606167             162.42556687736078            540                           5379                          1.4272983098713878            
33444                         5                             661.6572831606163             171.5345502346572             573                           5323                          1.514639111120949             
33939                         5                             353.408351992184              90.9842729781218              305                           2760                          0.8018002886631697            
34516                         5                             36.39175721855717             8.122729925200968             28                            263                           0.07291476225325987           
34594                         5                             661.6572831606163             161.7047290589649             541                           5270                          1.4269457060324553            
34647                         5                             530.946014251577              141.56152716189217            464                           4160                          1.229344156951628             
34878                         5                             661.6572831606165             167.03807851635588            559                           5225                          1.4766662964965342            
36929                         5                             661.6572831606164             169.03647722297748            552                           5354                          1.4734004853177216            
37307                         5                             530.1659816970554             132.12984552249105            429                           4174                          1.1418323473872896            
37525                         5                             64.00454098968417             12.033651103150008            40                            486                           0.1051649693143               
37567                         5                             45.139219221134184            16.023852050323136            51                            362                           0.13712961246093622           
38368                         5                             521.4703306026936             126.52920121936015            421                           4095                          1.111995418714249             
38829                         5                             58.39645714537744             16.219906858123274            53                            473                           0.140976558607484             
39317                         5                             36.391738779151076            8.285949467368095             29                            277                           0.07459741374407293           
39318                         5                             661.6572831606165             165.19500005302916            549                           5334                          1.4514168988165164            
39726                         5                             208.4537304457594             44.08113063943742             150                           1497                          0.3917163245722859            
39887                         5                             661.6572831606163             173.30630548425833            576                           5349                          1.5228018562748038            
40298                         5                             661.6572831606164             156.08760983207844            513                           5279                          1.3667781760407554            
40392                         5                             661.6572831606163             169.01763314211036            557                           5288                          1.4803791058339177            
40690                         5                             501.7269897257253             129.87625630550275            433                           4133                          1.1454995104351               
40944                         5                             661.6572831606164             157.86650654895377            523                           5303                          1.3856686444777158            
41142                         5                             661.6572831606165             175.9702158680752             585                           5266                          1.546068179762646             
41888                         5                             661.6572831606165             161.5206848393144             529                           5075                          1.4113252809724885            
41919                         5                             661.6572831606168             182.56858583421814            605                           5463                          1.6000193751801954            
42717                         5                             403.4327882240313             107.75140559389685            348                           3260                          0.9320172106319062            
42805                         5                             661.6572831606168             165.00778464117474            547                           5219                          1.444854163480414             
43051                         5                             661.6572831606167             168.11198037668998            551                           5250                          1.4668605231085987            
43209                         5                             661.6572831606165             150.99664326580685            501                           5297                          1.324432694079003             
43268                         5                             444.0997487502984             119.44617620012143            396                           3497                          1.0457552580088996            
43517                         5                             87.55360238294857             17.184768844254243            59                            677                           0.15552850708570795           
43546                         5                             661.6572831606168             163.45209606647535            544                           5354                          1.4343824235368694            
43735                         5                             661.6572831606168             179.67800477907517            589                           5310                          1.5677904535684293            
43863                         5                             661.6572831606164             161.09371997797257            533                           5138                          1.4131165353565884            
44786                         5                             479.22553129827315            112.04623913396796            367                           3761                          0.973548875919293             
44790                         5                             661.6572831606168             162.44457763630996            533                           5445                          1.414382255926268             
44796                         5                             424.9329536655357             109.62082589459526            374                           3420                          0.9764880839658706            
45040                         5                             661.6572831606164             174.14470146283335            574                           5291                          1.5199674301008308            
45748                         5                             661.6572831606164             163.41019515609273            536                           5123                          1.4233328314963585            
46144                         5                             661.6572831606163             169.80688984792678            566                           5208                          1.4936375369558303            
47094                         5                             5.664397551625066             1.20749249053733              4                             40                            0.01041165501404009           
47335                         5                             661.6572831606167             160.60966981379704            524                           5306                          1.3960263973686005            
47616                         5                             620.6010465601885             154.44390611653404            512                           4921                          1.3505202681843151            
47720                         5                             503.2879239759216             131.66135824370917            438                           3981                          1.1558555952714638            
47835                         5                             21.976089540805322            6.242328506325839             20                            142                           0.053565160213221136          
48137                         5                             425.1556635825608             114.49552727504337            375                           3411                          0.9952711252486096            
48545                         5                             661.6572831606167             157.74098124577012            525                           5469                          1.3810807497766793            
48768                         5                             661.6572831606165             171.745705233544              573                           5296                          1.513684268715799             
48883                         5                             309.4285953224825             84.86578497976868             280                           2450                          0.7432428532537535            
49314                         5                             648.0487597267162             161.42675541534223            533                           5050                          1.4063451024586335            
49905                         5                             661.6572831606165             170.2372108869976             565                           5279                          1.4961182353673277            
50264                         5                             661.657283160616              172.01108102891237            569                           5309                          1.507473501876949             
50323                         5                             661.6572831606165             165.4298072576525             547                           5138                          1.4508920491461388            
50549                         5                             56.25415392831147             12.333999027405543            41                            456                           0.11042428929728054           
50685                         5                             661.6572831606165             170.15452231051958            559                           5361                          1.4826564461161087            
50729                         5                             661.6572831606165             158.21571647309153            525                           5108                          1.3880225950024943            
51751                         5                             661.6572831606163             161.26458744759978            530                           5089                          1.4059046153768582            
52025                         5                             168.7838620252873             35.52613739293861             115                           1366                          0.30906040764058046           
52393                         5                             661.6572831606167             169.32313939997852            559                           5397                          1.480642822857845             
52546                         5                             661.6572831606165             166.211023917802              550                           5301                          1.4566644391118526            
52608                         5                             444.1108322740881             118.13180773442394            389                           3541                          1.0331301376414694            
53695                         5                             661.6572831606164             168.84026246739376            559                           5320                          1.4760545266373648            
55031                         5                             661.6572831606164             166.84637001239486            547                           5135                          1.4509584259733006            
55923                         5                             661.6572831606161             164.6698056419161             542                           5055                          1.443858305593293             
55993                         5                             435.4560624944785             112.05670611447884            368                           3337                          0.9753014836312552            
56104                         5                             227.90535676603346            45.1543944224682              154                           1787                          0.4010445058419096            
56342                         5                             661.6572831606164             156.60976199471716            516                           5394                          1.3665555708198833            
56800                         5                             661.6572831606164             174.1909997408265             572                           5254                          1.518227774768097             
58169                         5                             639.2339539209079             159.07051028442902            519                           5096                          1.3833430105484914            
58466                         5                             661.6572831606163             173.88660737198018            569                           5368                          1.5186692745057773            
58992                         5                             661.6572831606167             167.46228996358724            553                           5395                          1.4623664162554164            
59768                         5                             108.08090306253966            24.82659814057973             83                            820                           0.21783118154148787           
59925                         5                             200.92027635475984            45.80986187956284             151                           1503                          0.4004914195223767            
60003                         5                             661.6572831606167             165.75314692600486            552                           5119                          1.4539837739599708            
60090                         5                             661.6572831606164             169.98533666285303            560                           5303                          1.4906837804190252            
60114                         5                             661.6572831606162             164.48292387778338            554                           5226                          1.4582460647146767            
60413                         5                             661.6572831606168             168.2075900105519             549                           5411                          1.4616635415795003            
60474                         5                             661.6572831606164             176.3696321756839             581                           5363                          1.5413903421205544            
60668                         5                             661.6572831606167             164.27848694384636            545                           5284                          1.4397103383694072            
61095                         5                             661.6572831606164             157.69379378363067            522                           5151                          1.3811330823183645            
61221                         5                             511.83896772550787            138.13993803199503            459                           4023                          1.2113384043332085            
61222                         5                             661.6572831606168             154.0323211702941             512                           5174                          1.3541921639541115            
62731                         5                             263.6585431321966             59.229702059669684            206                           2000                          0.5317666061799169            
63028                         5                             555.35139773167               152.74535776264588            493                           4436                          1.3256825981062894            
63181                         5                             142.74253262079918            39.41737499087194             130                           1155                          0.3432904487030374            
63330                         5                             661.6572831606168             165.14250051910707            552                           5273                          1.455859971170081             
63467                         5                             392.20876502740384            99.29489496470076             329                           3132                          0.871694070241916             
63764                         5                             661.6572831606168             182.86826422217644            593                           5398                          1.5811075506794867            
64202                         5                             661.6572831606167             177.53454721042985            593                           5310                          1.559551879711412             
64348                         5                             661.6572831606157             156.25008087946452            512                           5231                          1.357407330214972             
64537                         5                             661.6572831606163             176.66634070029863            596                           5405                          1.5634457013575638            
65321                         5                             661.6572831606163             166.7105749192456             557                           5262                          1.4702887293016773            
65893                         5                             661.6572831606167             151.43897100272562            499                           4971                          1.3211599024363547            
66004                         5                             31.818848399360157            6.660980890319263             23                            262                           0.06017923967445955           
66914                         5                             545.3120270388986             134.14371503592864            446                           4221                          1.176524963007438             
67228                         5                             661.6572831606168             167.76325336559177            549                           5297                          1.4591687624671477            
67375                         5                             642.2900672989504             158.93585310311792            524                           5090                          1.3846787139632262            
67951                         5                             661.6572831606163             155.51902455231902            514                           5236                          1.3596675223115704            
68450                         5                             15.696851531710518            2.8171589392972427            9                             117                           0.02411379137817298           
68551                         5                             129.77239871986126            32.192723851627996            108                           1041                          0.28388143211280986           
68740                         5                             661.6572831606165             152.86339563200787            514                           5268                          1.3545301813938657            
68787                         5                             177.0504245589126             43.035481461117705            141                           1352                          0.3747246209402164            
68981                         5                             534.8000642230709             140.65669840803005            451                           4232                          1.2081536766224032            
69690                         5                             661.6572831606168             166.5875186806683             553                           5363                          1.4614838841018338            
69741                         5                             478.9801013964088             122.41190508144398            406                           3776                          1.0732993958503658            
70450                         5                             661.6572831606164             167.74442172471774            563                           5221                          1.4787776170652085            
71613                         5                             661.6572831606167             175.70271807468322            579                           5177                          1.535883326428198             
72006                         5                             661.6572831606169             174.07453676432493            578                           5444                          1.5309025824845715            
72045                         5                             661.6572831606165             165.42840558357472            541                           5137                          1.4337152855810031            
72467                         5                             661.6572831606165             175.7446461551191             574                           5394                          1.5291843094135154            
72734                         5                             661.6572831606165             168.40197142955375            553                           5198                          1.4691713181064343            
72755                         5                             661.6572831606163             162.50068803941463            537                           5222                          1.4236271268662959            
73068                         5                             165.43616341525404            46.71115311394381             150                           1362                          0.401411636369106             
73432                         5                             661.6572831606165             175.1123162714516             575                           5121                          1.5223198560601148            
73886                         5                             37.24457524628252             8.58725605618554              27                            246                           0.07189274103138354           
74150                         5                             333.3871533029538             83.79844441382339             276                           2643                          0.7338752416033012            
74625                         5                             661.6572831606165             154.2427014865235             512                           5263                          1.351629743678154             
74652                         5                             661.6572831606165             177.2740962742421             578                           5410                          1.5396095994196628            
74744                         5                             410.14017066697534            97.20285615282094             321                           3244                          0.8514864419265787            
74800                         5                             606.2513233251091             145.2816825770654             480                           4714                          1.2721518655289545            
75479                         5                             661.6572831606165             166.57154349060855            544                           5179                          1.4461650292159143            
75790                         5                             661.6572831606167             169.99735642023458            558                           5243                          1.4841560942399936            
76171                         5                             661.6572831606169             167.11501637473145            552                           5373                          1.4620714196060813            
76265                         5                             416.32193556764645            95.62997806200637             321                           3247                          0.841782681925583             
76662                         5                             661.6572831606165             162.88015448054065            535                           5276                          1.4197163556080121            
76982                         5                             661.6572831606167             166.29351988237235            555                           5295                          1.462696300713519             
76989                         5                             190.27217794293733            46.116166435594415            156                           1405                          0.4104829426111313            
77462                         5                             661.6572831606164             156.41409692050223            516                           5265                          1.3658512659832125            
77587                         5                             425.1975244535831             110.42298257501285            363                           3304                          0.9617416245064766            
78217                         5                             530.1350051320981             135.6414600210183             451                           4133                          1.1954127642524068            
78340                         5                             661.6572831606165             167.86957642349435            560                           5266                          1.4806269458419337            
78349                         5                             378.71441650032176            91.57269484167034             306                           3059                          0.8052795188873766            
78550                         5                             661.6572831606165             170.5746294550444             560                           5104                          1.4880358348358427            
78614                         5                             385.3519768169862             102.8776299908663             339                           3099                          0.8980970738111655            
79761                         5                             661.6572831606168             175.1172926082747             571                           5376                          1.5175497132866078            
80555                         5                             510.3655671855709             125.78773295087207            423                           4098                          1.1139720856269775            
80617                         5                             661.6572831606164             171.69441648654947            579                           5336                          1.5164146390766373            
81081                         5                             661.6572831606167             154.5658830494226             510                           5272                          1.3493970608572488            
81227                         5                             38.710446375970434            5.694237120222296             18                            311                           0.04844958028604497           
81435                         5                             661.657283160617              176.34479765806245            589                           5329                          1.5485519507869396            
81933                         5                             661.6572831606167             156.94199558885617            523                           5211                          1.3791838173618116            
82266                         5                             661.6572831606165             163.46464224593103            541                           5281                          1.43325992216869              
82440                         5                             457.3894774073572             129.6568652534677             425                           3683                          1.1308239144083807            
83491                         5                             661.6572831606165             160.58422534641556            531                           5315                          1.4074402774265644            
83615                         5                             661.6572831606167             167.83343562388552            559                           5189                          1.4790539661092916            
83620                         5                             615.2022740163617             160.6490094957279             536                           5051                          1.4154800746726188            
83722                         5                             661.6572831606165             163.3447312780019             542                           5291                          1.4362719643551798            
83829                         5                             661.6572831606167             170.9018195997072             560                           5204                          1.4833055732408702            
84250                         5                             594.1064646816687             143.223549543072              470                           4467                          1.2501080205659538            
84273                         5                             416.5567067033963             98.24368585428677             326                           3151                          0.8590171358807034            
85208                         5                             661.6572831606163             165.1084224918827             550                           5251                          1.4491960454303832            
85492                         5                             130.87612671272151            29.755622197786657            101                           998                           0.26463695978531593           
85901                         5                             661.6572831606167             180.04545441077667            594                           5386                          1.5772216912111294            
87663                         5                             501.11885981278203            117.71631281936234            390                           3845                          1.0328272593893177            
87906                         5                             661.6572831606167             171.6615076445889             577                           5242                          1.5180633719045677            
87912                         5                             661.6572831606165             157.48509108215478            525                           5216                          1.386527115778758             
88572                         5                             661.6572831606169             166.53412829789988            561                           5226                          1.4736587965557648            
89317                         5                             661.6572831606165             166.54007364979847            554                           5357                          1.4621800396812834            
89331                         5                             661.6572831606167             164.81586960584414            553                           5201                          1.4546502437225022            
89517                         5                             661.6572831606164             175.81160244257717            588                           5368                          1.549742644905926             
89778                         5                             31.818820963444313            8.755594516437142             28                            247                           0.07578070982860834           
89916                         5                             340.895445271984              79.1208258403036              269                           2740                          0.7035952665554372            
90039                         5                             661.6572831606167             159.56081669799187            534                           5143                          1.4079329863897443            
90145                         5                             661.6572831606168             173.2914693326082             574                           5312                          1.517255131667794             
90296                         5                             661.6572831606165             169.20644570682916            553                           5197                          1.471526660493668             
90301                         5                             0.642851999726135             0.0                           0                             1                             0.0                           
90956                         5                             661.6572831606165             166.44421649680046            557                           5287                          0.0                           
91182                         5                             408.4500940312056             108.30897646450855            358                           3259                          1.4630616369428662            
91615                         5                             661.6572831606165             162.86538945127649            544                           5228                          0.9471258259364289            
92410                         5                             661.6572831606164             159.8168595630301             531                           5207                          1.4381563281344296            
92470                         5                             661.6572831606165             140.97758409341105            464                           5024                          1.4016401571964776            
92669                         5                             493.8354140572312             134.2200117439641             436                           3990                          1.2356707821565571            
93099                         5                             144.68914653088856            34.42236954962055             111                           1053                          1.1644652305560053            
93189                         5                             661.6572831606167             165.59339863841038            545                           5355                          0.2956911708851585            
93853                         5                             661.6572831606165             164.8652854449848             546                           5258                          1.4438117057998199            
93947                         5                             661.6572831606163             168.7669693031746             563                           5342                          1.4461464652338958            
94369                         5                             661.6572831606163             170.43265310287572            569                           5333                          1.4845325749757106            
94892                         5                             661.6572831606165             167.76439621856724            552                           5293                          1.5008200805161322            
95006                         5                             31.81873115381957             7.911949963663702             25                            238                           1.4652025437094123            
95839                         5                             106.38508513124168            25.204581572851154            82                            754                           0.06764084466059088           
96263                         5                             661.6572831606165             156.4216056035518             518                           5249                          0.21657405308641564           
96374                         5                             661.6572831606165             159.1847264072779             533                           5419                          1.3696390937399125            
96450                         5                             14.916552867224027            4.419104220044202             14                            115                           1.4098605211632966            
96611                         5                             661.6572831606163             158.35944748963416            531                           5130                          0.037717900416395556          
97074                         5                             661.6572831606165             174.06901150039124            582                           5321                          1.396907831480017             
97095                         5                             661.6572831606163             172.648718533489              569                           5393                          1.5339127571424434            
97292                         5                             0.6746461391577974            0.17422911328471424           1                             5                             1.509144094788394             
97320                         5                             661.6572831606165             164.4293175341068             547                           5467                          0.0022084674266457044         
97348                         5                             661.6572831606167             174.45164240670934            578                           5268                          1.4462594800694175            
97371                         5                             661.6572831606163             166.52136801915006            550                           5346                          1.5290869527666668            
97437                         5                             661.6572831606165             159.19637934384264            523                           5075                          1.4550818532427405            
98218                         5                             661.6572831606161             166.11380108383133            552                           5217                          1.3899705872597832            
98302                         5                             661.6572831606165             164.219116487784              533                           5197                          1.4599756188363213            
98934                         5                             661.6572831606168             163.21611041178426            544                           5336                          1.4262883838837863            
99270                         5                             661.6572831606165             167.83030959555867            557                           5335                          1.4350055888273612            
99319                         5                             661.6572831606164             168.76009015810808            555                           5353                          1.470866727851724             
1075                          6                             661.6572831606168             169.28700674958847            564                           5265                          1.4689927342941678            
2574                          6                             661.6572831606164             163.25116090290388            540                           5115                          1.4885737015916722            
3012                          6                             661.6572831606167             159.88918935441845            529                           5315                          1.4287157644071595            
3727                          6                             661.6572831606164             157.96004802701705            521                           5355                          1.4010798186742686            
3757                          6                             661.657283160617              158.48711750774936            530                           5294                          1.3842125086936492            
4422                          6                             661.6572831606164             160.11951827045527            536                           5280                          1.3992080186929354            
4461                          6                             532.7800604520648             115.16699602336357            381                           4062                          1.4139093567937426            
4508                          6                             661.6572831606164             167.25819810617298            555                           5238                          1.0093932517767708            
4581                          6                             249.2350222708402             65.60039079040111             214                           2024                          1.4712522570256676            
5250                          6                             661.6572831606165             161.85758730750152            545                           5335                          0.5696126692531427            
5306                          6                             661.6572831606167             165.60535306138414            547                           5231                          1.4362984524584514            
5567                          6                             661.6572831606164             169.28839487427894            553                           5333                          1.4505945487580805            
5812                          6                             661.6572831606165             162.66892254132267            541                           5246                          1.473012334868153             
6128                          6                             450.40072599879034            102.358097361596              335                           3595                          1.434666299533879             
6855                          6                             173.69874560913968            39.80331579003929             133                           1262                          0.8890594916490242            
7193                          6                             661.6572831606164             160.97970814492646            531                           5324                          0.35150713020308566           
7782                          6                             70.5631147603222              20.88991034407129             65                            544                           1.407759103366264             
7808                          6                             324.73777223616605            85.23495850544663             280                           2637                          0.1758192973375761            
7868                          6                             661.6572831606167             168.6042341660479             563                           5421                          0.7404126271949301            
8567                          6                             31.818822394095797            6.773936850297923             24                            220                           1.4837322880531791            
9476                          6                             661.6572831606176             167.40445785400374            553                           5388                          0.061343412786862776          
9893                          6                             319.61690783526365            78.94610802945432             264                           2508                          1.4662837504099961            
9972                          6                             167.91002473669266            44.0198485557735              148                           1336                          0.694128343749899             
10312                         6                             337.8590587405913             80.22102888959931             264                           2505                          0.38767239854254487           
10467                         6                             219.5663345438021             58.298873812154575            188                           1738                          0.6989409071116677            
10505                         6                             39.70668518907495             8.896133343775615             32                            271                           0.5022164479049507            
11069                         6                             531.4701046466187             170.13242328959197            567                           4414                          0.0812876060152779            
12315                         6                             36.64223025006595             8.916890263973848             29                            214                           1.4943335126772985            
12638                         6                             661.6572831606167             172.07031439796717            570                           5297                          0.07697170563672741           
13757                         6                             422.5976308782142             97.71081867286534             324                           3323                          1.5085960124970563            
13980                         6                             661.6572831606167             154.91561370339122            518                           5164                          0.8544615930232096            
14482                         6                             661.6572831606165             161.08739329669265            527                           5373                          1.3617999898965558            
15140                         6                             661.6572831606168             170.39430751477667            563                           5259                          1.4007065866145476            
15456                         6                             521.6091882831577             112.9588393382127             378                           4056                          1.494882427969471             
16402                         6                             661.6572831606167             170.38805793090955            561                           5200                          0.9945077142990986            
17194                         6                             661.6572831606163             175.48902021236222            584                           5232                          1.4871961714907558            
17443                         6                             125.28677090958035            33.24036095726485             115                           962                           1.538975739762                
17948                         6                             661.6572831606168             157.15927013549558            525                           5180                          0.2999281840623586            
17979                         6                             516.1136683148627             116.82238694598055            385                           4055                          1.383758032197457             
18899                         6                             661.6572831606164             149.7874444594889             500                           5166                          1.024624220981548             
19972                         6                             661.6572831606164             168.89846799091478            557                           5219                          1.3214674593146032            
20214                         6                             661.6572831606163             169.46136095142197            562                           5433                          1.4728743320390887            
20314                         6                             619.4508587577582             154.3320083175095             508                           4845                          1.4840994121352824            
20557                         6                             31.81856567395371             9.512852976262531             31                            222                           1.351601582042917             
20667                         6                             661.6572831606164             162.58047072048558            545                           5285                          0.08272874101656447           
21089                         6                             152.48109145679086            39.95164774624376             135                           1227                          1.436842005565183             
21374                         6                             661.6572831606164             166.69645512017894            556                           5217                          0.356402171034518             
21542                         6                             32.2057149668121              6.890270455914957             23                            227                           1.463568233176566             
21945                         6                             661.6572831606162             168.0096297750264             556                           5415                          0.061804701783883226          
22189                         6                             661.6572831606163             167.13766673948675            564                           5262                          1.470398655260787             
22193                         6                             354.75406157402114            79.06946475279128             261                           2807                          1.4835882797373552            
22420                         6                             512.1919418637309             118.53820698675715            400                           4131                          0.6936431680416557            
23126                         6                             661.6572831606167             157.84543500913696            526                           5149                          1.050069541861128             
23286                         6                             423.82852943170707            104.6881715254174             346                           3457                          1.3923708140108264            
23848                         6                             661.6572831606162             156.7276270361302             513                           5153                          0.9175140284112465            
24116                         6                             390.7826645675604             95.60759044994244             315                           3075                          1.3641096396260841            
24141                         6                             661.6572831606163             158.64994794557134            526                           5221                          0.8336035215301364            
24334                         6                             652.608188108474              165.24147043878176            556                           5230                          1.3913967387127428            
24865                         6                             661.6572831606167             159.27001502577653            529                           5016                          1.462431539820799             
25301                         6                             661.6572831606168             153.1046329787016             513                           5165                          1.4041598321833912            
25834                         6                             661.6572831606163             163.43988933334876            541                           5128                          1.348247882721981             
26102                         6                             603.6313966412179             142.949204964577              477                           4793                          1.4277456702674207            
26338                         6                             145.64848092102343            34.52139793118542             113                           1092                          1.2615159021289122            
26546                         6                             347.9299452373065             81.17447653306812             272                           2773                          0.3001541128022639            
27296                         6                             661.6572831606165             159.9195942950468             539                           5346                          0.7184321661373623            
27537                         6                             661.6572831606167             155.340249684775              513                           5292                          1.416032263174091             
27717                         6                             661.6572831606167             150.12375191118082            500                           5315                          1.358492621412459             
27979                         6                             661.6572831606167             165.66163043334018            552                           5265                          1.3214769277915788            
28038                         6                             661.6572831606167             153.13520016904837            519                           5319                          1.4580630826219587            
28086                         6                             661.6572831606163             155.8822321498815             517                           5109                          1.3601153176913146            
28198                         6                             661.6572831606168             154.36301086032526            516                           5113                          1.3631948930921407            
28807                         6                             661.6572831606165             163.65761723759695            541                           5263                          1.362542658765297             
29411                         6                             465.8549568344849             116.96742646775976            388                           3831                          1.4377003996685174            
30564                         6                             76.87862412162993             19.196475208810003            62                            598                           1.022100039192146             
30807                         6                             661.6572831606165             163.26836545183377            550                           5256                          0.16590968267299033           
32156                         6                             661.6572831606163             162.34170748419197            540                           5183                          1.4407260063048581            
32182                         6                             661.6572831606169             164.9714665427598             553                           5469                          1.4258858390345859            
32392                         6                             85.2354                       18.45383055627952             63                            672                           1.4584639964272332            
32406                         6                             661.6572831606165             161.7458459121908             539                           5292                          0.16654751882791616           
35052                         6                             392.8505170872396             89.04661313369292             301                           3054                          1.4234821671328337            
36201                         6                             661.6572831606165             164.77029446947535            548                           5185                          0.7883330225856889            
36266                         6                             91.5475418709163              22.984664243220326            77                            718                           1.4458874989577692            
36391                         6                             661.6572831606168             159.30892946929697            525                           5280                          0.20242583389627708           
36420                         6                             163.25566305272446            36.28400797731151             123                           1254                          1.3913179085451421            
37222                         6                             661.6572831606164             168.16987676048709            555                           5347                          0.32490128726132483           
37329                         6                             413.59685515026433            100.47185184874682            329                           3059                          1.467960789168472             
37774                         6                             49.0751460968769              8.506670187192547             30                            346                           0.8745573210886975            
38162                         6                             661.6572831606164             170.58442815329153            554                           5296                          0.07711613898365847           
38961                         6                             661.6572831606168             165.0111493129289             546                           5266                          1.4772671040891305            
39731                         6                             661.6572831606167             162.35220654809248            540                           5294                          1.4476552248474974            
39871                         6                             661.6572831606164             162.04619764010303            541                           5328                          1.4205282261259606            
39893                         6                             506.8397282501926             138.84578091800952            458                           4068                          1.4278793383111426            
40346                         6                             639.3676841926598             151.09930461471163            501                           5131                          1.2127469022516357            
40950                         6                             661.6572831606168             161.8630279758691             534                           5250                          1.32565695147419              
40952                         6                             661.6572831606162             165.63204371199865            549                           5345                          1.4102176877392185            
41117                         6                             600.6984729908945             147.1670250222637             488                           4705                          1.4501896303841015            
41156                         6                             661.6572831606165             163.2316467739989             543                           5257                          1.2901691900152703            
41213                         6                             661.6572831606163             177.02972314045942            581                           5352                          1.432333306777545             
41897                         6                             661.6572831606167             157.34272388254493            527                           5281                          1.5390424262960487            
42554                         6                             661.6572831606163             164.87914389622415            554                           5338                          1.3890810580923114            
43147                         6                             661.6572831606167             162.35328468015445            535                           5290                          1.4609223353533638            
43617                         6                             661.6572831606164             169.3921384954082             560                           5361                          1.4210777361778466            
44454                         6                             661.6572831606167             168.19828343595037            562                           5307                          1.4842510443637829            
44587                         6                             661.6572831606162             158.19531533431               530                           5420                          1.4792832330132546            
44761                         6                             661.6572831606164             159.3360514193586             532                           5306                          1.3949635759396142            
44885                         6                             661.6572831606168             155.6436745646064             524                           5297                          1.4000073091526475            
45990                         6                             661.6572831606167             167.60682309202514            551                           5257                          1.3768252401799206            
46297                         6                             661.6572831606167             181.700550868342              596                           5427                          1.4596791005539447            
46665                         6                             32.20571608786305             7.255289959834614             24                            235                           1.585303588296798             
47910                         6                             28.51297163806321             6.939724923412661             25                            224                           0.06275921355969347           
47978                         6                             661.6572831606165             152.7969461964793             508                           5174                          0.06462333743604605           
48125                         6                             661.6572831606165             165.57656191206365            543                           5352                          1.340676450829766             
48298                         6                             239.77135191664587            62.932400384089895            209                           1906                          1.441062981614059             
48493                         6                             639.5012615661485             169.5801035027729             556                           5065                          0.5517764165220458            
48994                         6                             661.6572831606167             157.926442636796              524                           5117                          1.4781051869790893            
49546                         6                             661.6572831606164             173.33820925844677            573                           5237                          1.384118861300681             
49830                         6                             661.6572831606165             167.939780029918              559                           5333                          1.5161842143621782            
49886                         6                             661.6572831606165             172.76560237985063            571                           5406                          1.4728810649501507            
50448                         6                             505.9425214274949             125.47724644611355            413                           4005                          1.5083569427635655            
51006                         6                             661.6572831606165             162.5207189899488             542                           5124                          1.0946352965697543            
51014                         6                             592.8304996533818             158.2503560365702             525                           4738                          1.4332929426641658            
51805                         6                             76.15608860128064             25.450597101893067            84                            618                           1.3860856257731566            
52465                         6                             661.6572831606164             158.82487822563823            534                           5316                          0.22281848971248586           
53679                         6                             661.6572831606167             159.52674607635325            519                           5124                          1.4027758634005774            
53685                         6                             661.6572831606167             171.79223789101056            564                           5341                          1.3866201453629716            
54327                         6                             194.47839632872837            45.05068575810881             150                           1505                          1.4994322597167977            
54357                         6                             661.6572831606167             156.47171154610567            520                           5250                          0.39508246477587056           
54933                         6                             661.6572831606168             155.2084649255306             517                           5286                          1.3764184896997036            
55395                         6                             661.6572831606169             166.43815392615434            555                           5377                          1.364442498358832             
56679                         6                             661.6572831606164             171.27194514747785            575                           5471                          1.457783323405541             
57287                         6                             84.97231701581266             20.829441424967296            68                            645                           1.5086680569324156            
57773                         6                             661.6572831606167             169.15628673477184            557                           5439                          0.17986764376000647           
57882                         6                             661.6572831606164             161.98608908801313            544                           5325                          1.4842979614411287            
57931                         6                             630.3566383548516             148.35499444737883            494                           4974                          1.427893051282958             
58471                         6                             32.205500325439985            9.376824107386497             30                            240                           1.3052334616487107            
59916                         6                             661.6572831606165             154.09807355474163            516                           5149                          0.08085724670214024           
60652                         6                             661.6572831606165             175.76134647254625            570                           5302                          1.3625915317009065            
61658                         6                             661.6572831606165             164.73455555943448            547                           5179                          1.5268052441174582            
62643                         6                             345.8134964951878             85.69260058677564             284                           2689                          1.441349753557979             
62728                         6                             36.39172564858075             8.300649116127405             26                            264                           0.7480355225912416            
63886                         6                             661.6572831606165             155.7278377689929             512                           5148                          0.0693789982873496            
63889                         6                             36.39194072856245             8.40820918099297              27                            267                           1.3536048285691142            
64355                         6                             378.54681878248704            90.01575884782112             297                           2849                          0.07191601382975725           
64548                         6                             661.6572831606164             151.62401053005505            505                           5112                          0.7850611083668438            
64927                         6                             661.6572831606168             159.45627976499696            537                           5249                          1.3332459208620215            
65042                         6                             661.6572831606165             165.796165188973              553                           5358                          1.4065108571155231            
65156                         6                             661.6572831606163             150.3313609707068             495                           5192                          1.4543288036019042            
65383                         6                             488.6075353144079             113.6002448857722             384                           3759                          1.309427366530894             
66245                         6                             661.6572831606165             176.18289854712032            583                           5253                          1.0045845494588543            
66362                         6                             661.6572831606165             169.9950541866913             561                           5407                          1.5412603140675882            
67118                         6                             661.6572831606167             152.43381103655736            506                           5121                          1.4878090287133987            
67601                         6                             328.9176384125205             78.42822010707891             269                           2607                          1.3375494249888233            
68855                         6                             661.6572831606163             165.49787844215362            542                           5149                          0.7028486839389685            
70039                         6                             661.6572831606165             167.2756723342789             552                           5460                          1.4416673770425095            
70273                         6                             661.6572831606163             151.1806655346984             507                           5152                          1.462377308673152             
70319                         6                             560.3652952621093             134.7211578690611             444                           4413                          1.3325991700486466            
70690                         6                             661.6572831606165             151.25310143004072            507                           5168                          1.178226493588547             
70813                         6                             661.6572831606167             157.23090422608135            521                           5211                          1.340675181617564             
73366                         6                             661.6572831606165             162.59011638471492            536                           5271                          1.3779808502817728            
73384                         6                             661.6572831606164             165.05813202203055            545                           5261                          1.423347709059729             
73945                         6                             661.6572831606169             178.56617567394377            587                           5353                          1.4477947984646236            
74218                         6                             386.4396573348119             96.34986884301651             319                           2996                          1.5579510860827488            
74554                         6                             256.4093254492948             62.592806918632824            207                           2002                          0.8439974411608985            
75353                         6                             661.6572831606167             170.0383059821012             554                           5124                          0.546160619965506             
76213                         6                             276.8435837670672             66.48999957328735             220                           2244                          1.4732403137026941            
76491                         6                             534.0726765917676             131.84173425130183            430                           4123                          0.5807627729236269            
76969                         6                             661.6572831606165             159.0172756565553             520                           5282                          1.148072221517735             
77410                         6                             32.20574913238811             7.084001499199626             24                            241                           1.381762037410801             
77901                         6                             661.6572831606165             155.6348232785714             518                           5228                          0.06244783698352438           
79080                         6                             661.6572831606165             158.76312965681862            524                           5168                          1.3680235798401656            
79374                         6                             661.6572831606163             161.7066363532622             536                           5202                          1.3905811873091871            
79409                         6                             661.6572831606165             172.80718250517415            563                           5347                          1.4111765651995951            
79464                         6                             661.6572831606159             175.5581371239792             575                           5236                          1.4994898843455573            
79660                         6                             542.2885596580024             129.55969480056032            430                           4299                          1.5309407859888804            
79735                         6                             203.90961370273413            52.434435191392915            173                           1574                          1.140815635982054             
79766                         6                             661.6572831606168             151.83270656094948            511                           5156                          0.4577081486919737            
80256                         6                             661.6572831606161             154.87568128989815            517                           5235                          1.3459751410826044            
80483                         6                             661.6572831606165             168.10996817718367            562                           5560                          1.361275415454804             
80681                         6                             309.440841985056              64.09098202936639             211                           2271                          1.4807993057103856            
81537                         6                             15.529965233448628            4.125862124668824             15                            122                           0.5590744843595523            
81979                         6                             661.6572831606165             172.12531779732353            562                           5247                          0.03832967608243166           
82401                         6                             11.891453941023089            1.5541413267157467            5                             86                            1.4960767681015232            
82598                         6                             560.5832004114841             126.31639321358877            416                           4439                          0.013718000342458653          
83154                         6                             661.6572831606167             156.82880255059084            526                           5112                          1.1025473762536373            
83205                         6                             661.6572831606168             162.94213906824658            543                           5298                          1.384954844299216             
83660                         6                             124.8973925757798             32.797351533344944            107                           1005                          1.4304027970626079            
83894                         6                             661.6572831606165             167.0662940917425             552                           5312                          0.28446580910955865           
84433                         6                             661.6572831606169             168.61231202834819            558                           5366                          1.46401853401819              
84523                         6                             661.6572831606164             166.9844782136431             555                           5318                          1.4756840404465867            
85280                         6                             70.9692229465523              14.578614408651488            49                            555                           1.4667319671113446            
85787                         6                             661.6572831606165             151.85188558105617            505                           5104                          0.1277576531812106            
85991                         6                             661.6572831606167             152.90437435432088            515                           5384                          1.3362361423038995            
86600                         6                             661.6572831606163             166.61871420339722            552                           5379                          1.3568048216396775            
86616                         6                             661.6572831606168             166.34865119391176            550                           5180                          1.4592144016243278            
86640                         6                             661.6572831606164             162.88557110651334            538                           5211                          1.459752343837633             
86840                         6                             32.20572927921225             8.459616428071666             27                            251                           1.4256209879599933            
87630                         6                             408.9993351026874             103.29720800612887            337                           3396                          0.07347144251501649           
87851                         6                             661.6572831606168             154.33701068676726            514                           5154                          0.8987751457618518            
88276                         6                             194.58412588008323            51.66203115814717             174                           1492                          1.3586502731225605            
89001                         6                             625.9778151498731             149.03908957183927            496                           5060                          0.45491560904240946           
89008                         6                             661.6572831606168             167.17611403316138            556                           5301                          1.3140583821914729            
89505                         6                             661.6572831606165             150.78876403147862            509                           5234                          1.4651803420005893            
89827                         6                             661.6572831606165             180.2943861452213             595                           5387                          1.3353567252743797            
90067                         6                             661.6572831606165             161.28587987564867            537                           5257                          1.5817221041011493            
90497                         6                             661.6572831606164             156.84530625604026            523                           5240                          1.416799369529353             
91090                         6                             306.80102003742377            79.34075537810878             263                           2469                          1.377141169719615             
91304                         6                             472.78651861324954            108.84437505148728            361                           3608                          0.6947321926911616            
91793                         6                             661.6572831606161             162.0932941052402             548                           5336                          0.9523628311139001            
92534                         6                             551.7139946495902             132.2248445495332             444                           4376                          1.439027386015906             
92673                         6                             661.6572831606167             159.17178098063843            529                           5202                          1.1738625007284578            
92809                         6                             661.6572831606165             163.11214766316652            551                           5242                          1.396984013344674             
92833                         6                             661.6572831606169             178.35144760959773            593                           5212                          1.4506836790625273            
92858                         6                             84.74069999999999             20.12105514659434             68                            640                           1.5687246642426014            
93044                         6                             661.6572831606156             154.27931029318898            505                           5255                          0.17708962539605042           
93174                         6                             661.6572831606165             176.55403884007222            579                           5438                          1.3407965437852352            
93722                         6                             631.3928064275367             158.26072600087582            525                           5214                          1.5368089499878488            
94121                         6                             629.0570440911732             151.12521947501287            504                           4886                          1.3873142668138991            
94476                         6                             574.8845494366245             143.52270748841917            477                           4469                          1.3294071251582875            
95244                         6                             661.6572831606169             168.4549835965096             564                           5302                          1.2571925975144222            
95909                         6                             661.6572831606164             165.7131823969735             547                           5374                          1.4848629419727288            
96013                         6                             36.31676028884186             6.625692143252081             23                            274                           1.4541945768579345            
96199                         6                             661.657283160617              167.86039760086797            558                           5369                          0.06021164851225875           
96624                         6                             661.6572831606163             172.41692909129213            574                           5170                          1.4753079506786442            
96768                         6                             190.3678349644611             45.98360406479205             151                           1427                          1.5147694799214495            
96911                         6                             661.6572831606167             186.12571271275544            607                           5305                          0.4020369146410669            
96944                         6                             75.24999999999997             18.68691161718074             63                            589                           1.6184079406038303            
97245                         6                             661.6572831606163             159.38765032152642            535                           5248                          0.16450848959711067           
97351                         6                             61.04902870237646             13.937071470798113            47                            457                           1.410320868295727             
97459                         6                             661.6572831606167             161.88187305581877            534                           5225                          0.12354125522664465           
97680                         6                             420.63425165092644            110.54080753154444            363                           3420                          1.4157157464575922            
97970                         6                             66.67300674146104             16.67156575751974             54                            540                           0.9611463586702352            
97999                         6                             661.6572831606168             158.78785511229881            526                           5246                          0.1438893254968613            
98042                         6                             661.6572831606169             164.37220287392037            539                           5181                          1.3957212070033753            
99271                         6                             210.04662246623397            45.28443812364979             149                           1576                          1.4365294988927118            
99651                         6                             661.657283160616              157.46764641961204            523                           5170                          0.395515677837188             
99807                         6                             31.818664671118906            8.151424078447823             26                            241                           1.3821576661544785            
116                           7                             661.6572831606165             160.808577411678              535                           5169                          0.06964962363886563           
254                           7                             646.4967494929155             165.49253506360844            554                           5152                          1.4169971371339933            
1513                          7                             661.6572831606165             178.26696631748288            603                           5388                          1.4622641497499846            
2208                          7                             80.73493033001137             14.551716023115821            48                            612                           1.5754994664911879            
2258                          7                             116.69101437269669            25.487237483985577            85                            895                           0.12592177845282138           
2631                          7                             511.54468476546833            120.96795177413097            407                           4047                          0.2239865278948726            
3081                          7                             661.6572831606167             165.92247835407417            556                           5345                          1.073370796072558             
3215                          7                             661.6572831606162             159.46964319184013            531                           5329                          1.4672711322031675            
3246                          7                             242.82030680147471            57.99550628594764             194                           1919                          1.3970491398748317            
4414                          7                             14.510403847999621            4.456969627389707             16                            102                           0.5122138703773798            
4427                          7                             122.16855587174855            30.38444756212902             102                           948                           0.04083844868248668           
6001                          7                             575.1867470882752             154.07936861673582            512                           4666                          0.2670634570816172            
6294                          7                             297.37907073886385            81.47106288565519             266                           2351                          1.353106650269716             
7391                          7                             619.6745444279129             155.0411466903305             517                           5048                          0.7074441938980367            
8843                          7                             480.0133708148676             121.17168884819041            397                           3751                          1.3636717083003518            
9493                          7                             518.5549336403769             115.15147309454714            380                           4014                          1.0570850561299687            
10152                         7                             661.6572831606165             171.20095314395985            572                           5223                          1.0046455749709309            
10342                         7                             661.6572831606165             165.17371327342667            551                           5123                          1.5088089253021346            
11069                         7                             661.6572831606165             168.08523937425306            562                           5147                          1.453101423898465             
12156                         7                             661.6572831606165             160.52958837004482            533                           5198                          1.480196451799173             
12809                         7                             661.6572831606165             175.79148363224425            580                           5310                          1.4109720677718116            
13454                         7                             661.6572831606163             157.31336583565738            525                           5258                          1.5322309108974137            
13925                         7                             661.6572831606165             169.5500564874433             563                           5211                          1.3811911984913228            
14155                         7                             661.6572831606167             160.96074656199167            532                           5120                          1.4825143872849524            
14156                         7                             206.36435411272834            45.041915809647506            148                           1611                          1.410063871632194             
14560                         7                             661.6572831606168             167.4819845982745             553                           5223                          0.3940986775003801            
14601                         7                             661.6572831606164             159.14571298316554            524                           5174                          1.4665436682828994            
14718                         7                             661.6572831606163             159.60551362826308            533                           5221                          1.3934200881351688            
15256                         7                             661.6572831606167             156.94628698142276            524                           5182                          1.401165938241462             
16438                         7                             661.6572831606165             156.5113739553371             513                           5147                          1.3824170803650415            
16944                         7                             584.2502831606164             135.66742465836197            441                           4661                          1.3650682097955986            
17116                         7                             661.6572831606165             160.59136088569156            534                           5110                          1.1779331874876218            
17382                         7                             661.6572831606164             175.4575716476083             572                           5289                          1.4118351778106681            
17643                         7                             661.6572831606163             168.54943860776606            562                           5188                          1.5231473839150214            
17912                         7                             325.57647389562095            81.19440422120562             270                           2582                          1.4848891009197767            
17948                         7                             661.6572831606165             163.52934071247157            529                           5180                          0.7118516277245458            
18611                         7                             491.0508071159034             127.84609461227228            419                           3851                          1.415704437021567             
18722                         7                             574.5179831606166             150.05463822077047            489                           4512                          1.1159561740140425            
18740                         7                             661.6572831606165             165.69453488834213            545                           5333                          1.3069941284583706            
19387                         7                             661.657283160617              163.4235781834899             546                           5276                          1.4497757061178662            
19510                         7                             192.50787695191522            50.147154234746374            161                           1500                          1.437587734589727             
19677                         7                             661.6572831606168             157.64488810713166            522                           5268                          0.4329853930075007            
20171                         7                             310.196298600958              77.21719600257208             252                           2542                          1.377792063315885             
20324                         7                             661.6572831606164             148.00811933144004            497                           5131                          0.6702908082231416            
21851                         7                             557.1876758124766             137.84752645469578            457                           4529                          1.3046355016490403            
21921                         7                             661.6572831606164             170.21769918222608            564                           5260                          1.2047859446176488            
22245                         7                             188.2553085204424             48.96138874925925             161                           1537                          1.4931928948538882            
22690                         7                             461.69143393763716            117.11945600197721            384                           3652                          0.42873444774311453           
23924                         7                             48.133383588561664            9.930407842448986             31                            322                           1.020020898398147             
24129                         7                             661.6572831606165             162.46071514705838            542                           5153                          0.08369295914625412           
24238                         7                             661.6572831606164             165.14653028063884            545                           5422                          1.4297655521893415            
24509                         7                             118.10531111053957            29.009574773657015            93                            912                           1.4464316855024075            
24528                         7                             584.2502831606165             143.34022057996373            472                           4650                          0.2503987238918541            
24820                         7                             37.26030734638817             9.649694333463339             32                            258                           1.2465578260843706            
25547                         7                             352.8372474729662             90.72071201625752             299                           2806                          0.08371239201509177           
25565                         7                             114.4674854647869             33.230287471114316            111                           944                           0.7932506939549364            
26155                         7                             661.6572831606168             163.36982971630562            547                           5199                          0.29066225387909406           
26175                         7                             222.87790766807197            48.815489040647165            163                           1764                          1.4423333324822025            
26900                         7                             661.6572831606163             168.18959291411153            549                           5310                          0.42919976757646927           
27531                         7                             494.293458541437              115.31232366389435            384                           3949                          1.4600505617626935            
27625                         7                             130.0043892795325             32.12278325170613             107                           987                           1.0128965705819222            
28215                         7                             661.6572831606168             150.06010917513336            496                           5097                          0.281412193854748             
28395                         7                             99.8056956550275              22.837046160820826            77                            736                           1.3130206761393812            
28462                         7                             661.6572831606168             170.17199678717677            565                           5335                          0.20128836304668096           
29231                         7                             291.0959798887563             74.29014849007379             254                           2366                          1.4907597588967036            
29491                         7                             458.70741219376816            114.78023872739433            391                           3725                          0.6641758116427107            
30046                         7                             661.6572831606165             158.11547268700073            520                           5312                          1.0197092237730243            
30148                         7                             661.6572831606168             170.9862322410244             568                           5261                          1.3797162971155443            
30746                         7                             661.6572831606165             167.29231317944271            550                           5199                          1.5012518934270211            
31075                         7                             661.6572831606167             165.32440172158113            549                           5285                          1.4557537009376234            
31241                         7                             661.6572831606163             165.48535722855837            556                           5323                          1.4491198399211738            
31854                         7                             184.84666043934567            47.694750720645516            154                           1425                          1.4575210330411017            
31937                         7                             661.6572831606165             168.7291274816797             563                           5374                          0.41036220009123653           
32215                         7                             661.6572831606164             165.14998171280686            543                           5362                          1.4869378981372392            
32356                         7                             661.6572831606163             163.17691124482647            532                           5283                          1.4366326838684886            
32731                         7                             661.6572831606165             158.72970026270795            533                           5127                          1.4141407336485048            
32841                         7                             26.904737743014486            2.182078677124794             7                             162                           1.3997056442704028            
33307                         7                             447.67190668528195            115.41664009823265            381                           3466                          0.018720026034975853          
34880                         7                             661.6572831606165             150.42037299617093            497                           5194                          1.0082865945357193            
34904                         7                             21.36650755893671             2.9749171186090106            10                            125                           1.320756261934585             
35494                         7                             661.6572831606161             159.48832890362112            527                           5309                          0.026426683491341557          
35882                         7                             32.20552187164701             11.159306794595619            36                            243                           1.39989659738247              
37454                         7                             353.6274175969131             87.22701722056513             293                           2748                          0.09627997377248133           
37928                         7                             661.6572831606165             167.82348132540548            554                           5359                          0.7699973001891696            
37963                         7                             661.6572831606165             170.61997066909998            561                           5242                          1.4718657619302842            
39370                         7                             136.36962245482306            29.274587725569482            99                            1027                          1.486372340906117             
40652                         7                             661.6572831606169             173.96655494777352            572                           5130                          0.2588847406469121            
41275                         7                             661.6572831606162             165.31934314216872            546                           5283                          1.5135052007333543            
41822                         7                             661.6572831606167             167.83064738672945            546                           5290                          1.4459759306362958            
42193                         7                             552.8771613242446             141.0498659499971             463                           4359                          1.4591003699433314            
42862                         7                             278.32993871267206            70.30497224944993             231                           2219                          1.2289150329126468            
43159                         7                             661.6572831606165             165.967567856053              550                           5062                          0.6126325960545097            
44236                         7                             661.6572831606167             154.23066156599646            517                           5165                          1.4520241356881487            
45877                         7                             661.6572831606165             162.02076840167354            530                           5295                          1.3634631783256386            
46391                         7                             69.68659085844328             17.892089277649863            58                            513                           1.4027500647643465            
46595                         7                             661.6572831606165             160.09011437137366            529                           5288                          0.15419563711075873           
47478                         7                             661.6572831606167             166.74066474597132            547                           5263                          1.400518020452759             
47858                         7                             605.2756575697141             146.5276098505893             484                           4734                          1.4507636347139885            
47961                         7                             661.6572831606169             171.79466131905144            569                           5408                          1.2837890862768004            
48544                         7                             661.6572831606167             166.07588739279018            558                           5272                          1.5051752327177863            
48961                         7                             588.8144252379666             146.70601362087243            487                           4664                          1.4635467088028284            
49132                         7                             513.3403947549521             126.6752065216678             421                           4114                          1.287943310817797             
50297                         7                             157.3268633005121             40.44953586178205             131                           1207                          1.1117243954333271            
51671                         7                             382.92414223126417            94.29298234163146             314                           3047                          0.3507234971386236            
52423                         7                             661.6572831606165             158.13134085921266            527                           5326                          0.8287579388927011            
52726                         7                             62.86896758783817             15.139753168142395            48                            464                           1.395415176735778             
52778                         7                             109.1286634866243             21.709831928693518            73                            831                           0.13025887640887435           
52863                         7                             32.205547877352146            7.782553305715782             26                            247                           0.19230374796466615           
53058                         7                             474.2619509002784             117.57510794582917            386                           3792                          0.06820870336107061           
53131                         7                             661.6572831606164             170.0404644564443             564                           5345                          1.0274725717896316            
53449                         7                             273.1862525243315             68.70485592933176             232                           2266                          1.4884904317027101            
53761                         7                             661.6572831606165             155.8714179215485             521                           5257                          0.6094884863216011            
53986                         7                             65.20772672334407             14.755092519814465            47                            406                           1.3737328297758422            
54703                         7                             661.6572831606164             155.24633675285784            516                           5097                          0.12611003437584287           
55818                         7                             661.6572831606165             170.6982926951704             564                           5186                          1.3670423028185326            
56980                         7                             441.1546805667123             107.32066194455672            359                           3435                          1.5015074184095747            
57005                         7                             661.6572831606165             161.35815205683093            533                           5107                          0.9453275208927232            
57291                         7                             661.6572831606168             171.45249833265893            567                           5312                          1.409554828247282             
58761                         7                             661.6572831606165             163.3720435240357             548                           5280                          1.5016087094238908            
58939                         7                             236.82210054207093            54.272806055905434            178                           1731                          1.439513105707335             
59135                         7                             31.81849172836423             4.390055983410749             15                            202                           0.47118566916024873           
59207                         7                             661.6572831606163             151.00013453734152            503                           5346                          0.038689372198381984          
59284                         7                             500.7306423208406             134.35262741524463            445                           3871                          1.3288429517942038            
59558                         7                             661.6572831606165             151.69833913103602            505                           5182                          1.1782677254754912            
59637                         7                             487.17405960672005            125.06500288973018            417                           3882                          1.3316883980907734            
59719                         7                             661.6572831606165             165.91329489332065            551                           5298                          1.1021928808292256            
60023                         7                             76.66917658854848             18.664077009942282            63                            559                           1.454301707532561             
60448                         7                             661.6572831606167             153.3968977610533             504                           5177                          0.16576852598266978           
60486                         7                             661.6572831606167             166.6978126239174             553                           5305                          1.3378364123455775            
60523                         7                             355.80488903241707            92.33133221460282             300                           2791                          1.4642915979538234            
60878                         7                             52.9195797239974              11.303665427109923            41                            403                           0.7970620746920453            
61349                         7                             36.316620144394896            9.671697329536158             32                            287                           0.10406513244852637           
61859                         7                             183.69466394906084            48.22508665755817             163                           1322                          0.08473585422976004           
62182                         7                             661.6572831606167             164.85445319917775            545                           5206                          0.4308381533538307            
62621                         7                             661.6572831606167             176.40480712743877            593                           5241                          1.4427503658923377            
64500                         7                             661.6572831606164             160.84518665641187            531                           5428                          1.560935488175339             
65361                         7                             661.6572831606165             166.08675902934073            552                           5223                          1.4080322698651404            
65722                         7                             661.6572831606168             158.9640800944874             533                           5226                          1.4583440147842217            
66045                         7                             661.6572831606165             173.27151255655235            575                           5250                          1.4018031705781928            
66962                         7                             344.55100176519113            91.74930625858939             295                           2632                          1.5193503322730788            
67020                         7                             456.2488655681373             116.38051080299105            388                           3475                          0.7888008514377753            
67022                         7                             435.73846488244976            105.61810123010066            348                           3551                          1.0232177237361975            
67048                         7                             661.6572831606163             177.83904663376717            578                           5288                          0.9199497792800048            
67061                         7                             661.6572831606168             170.3550007237053             574                           5337                          1.5409391909709895            
67324                         7                             661.6572831606165             150.66066674868082            493                           5183                          1.5124829385566232            
68578                         7                             623.7010144975416             155.22822190188646            517                           4992                          1.307470260919501             
69163                         7                             661.6572831606168             160.450275908573              536                           5313                          1.361546990558631             
70124                         7                             32.20544255620113             6.425180293700086             21                            219                           1.4152440099904955            
70248                         7                             661.6572831606165             162.76961711701824            553                           5402                          0.05569381468942329           
70607                         7                             652.9699670425954             165.88347666154948            547                           5229                          1.446671137569965             
70705                         7                             199.98460584273084            51.065387749708776            169                           1547                          1.4536085576858229            
72175                         7                             661.6572831606168             168.26578793032002            562                           5190                          0.449153018812714             
72789                         7                             414.84383885547027            112.25280518720572            375                           3291                          1.4843171716982837            
72811                         7                             661.6572831606167             157.60092083498728            520                           5346                          0.9901620160328249            
72963                         7                             374.9058391388478             93.68510306474947             317                           3016                          1.3763937102936716            
73488                         7                             357.23111354056726            87.98636508244756             295                           2794                          0.8329482531146517            
73921                         7                             346.3664265840956             88.80772091054499             294                           2719                          0.7757770485875741            
73976                         7                             51.49852247843933             11.016223678888004            35                            378                           0.7798777371555485            
74255                         7                             262.63465621095906            56.156551268299445            189                           2075                          0.0942375710046261            
74960                         7                             548.6070281298669             138.5900806473545             466                           4302                          0.4980359625418116            
75069                         7                             661.6572831606168             166.92075783501738            555                           5274                          1.2214879001327519            
75078                         7                             609.6998746278397             154.6418430892841             509                           4895                          1.47290548843949              
75098                         7                             661.6572831606165             164.53993567346524            551                           5316                          1.348626938516079             
75479                         7                             129.42927320664504            23.46098216950767             78                            965                           1.4538719001849965            
75608                         7                             661.6572831606164             173.5705893785621             575                           5315                          0.20567524886363503           
75660                         7                             183.47130646469955            43.48482300717161             145                           1399                          1.5202337186798465            
76308                         7                             32.20565971848564             5.41311504837131              18                            222                           0.38039178072455027           
76449                         7                             661.6572831606165             159.91076201537845            533                           5216                          0.04701208061478735           
76521                         7                             587.0069752845994             148.00566656355463            493                           4688                          1.4031599812072166            
77578                         7                             661.6572831606167             165.259707097422              553                           5299                          1.3022867197416494            
79197                         7                             661.6572831606165             172.087264318384              571                           5218                          1.4557799690051554            
79708                         7                             587.828389424404              142.49929179485218            470                           4500                          1.5068391141564978            
80181                         7                             661.6572831606165             171.40021065177564            567                           5283                          1.2450238536483689            
80230                         7                             661.6572831606164             161.4497356671496             538                           5248                          1.4947264552610466            
80252                         7                             129.08529589138064            26.407586071740113            88                            973                           1.4182214962492021            
80414                         7                             661.6572831606162             173.27945696922197            577                           5334                          0.2313427358008519            
80670                         7                             661.6572831606167             161.36690276163804            538                           5198                          1.521399157818006             
80969                         7                             508.48335515516817            117.52571667643696            389                           4084                          1.4172748216626134            
81407                         7                             661.6572831606167             174.5376563970475             580                           5216                          1.0277955701432915            
82089                         7                             661.6572831606165             163.92885849869828            538                           5274                          1.52997771135803              
82800                         7                             568.8989618459398             130.6650841073044             439                           4548                          1.4315842459383044            
83455                         7                             661.6572831606165             158.98196731556268            521                           5262                          1.1571748590082747            
83780                         7                             53.74138948275341             10.331255915352823            34                            362                           1.3823323541648556            
84393                         7                             453.1191811606958             105.0017500886235             344                           3570                          0.09029827073201149           
85088                         7                             661.6572831606168             174.3379150873756             580                           5256                          0.9123256194012889            
85314                         7                             32.20567440816096             5.77969717493941              19                            212                           1.5299684453450464            
85724                         7                             661.6572831606164             166.62923142287642            545                           5281                          0.04977884144828199           
86061                         7                             221.30795124051602            51.81505593246162             172                           1767                          1.4504163470361255            
86375                         7                             430.13554723259176            88.55778678871337             288                           2955                          0.4543460753580937            
86889                         7                             420.74279224860857            106.45432513645181            348                           3291                          0.766228611394542             
87849                         7                             661.6572831606168             159.3787961097599             527                           5317                          0.9243351000157753            
88542                         7                             661.6572831606165             163.18248400168025            532                           5100                          1.39385588582638              
88546                         7                             450.24873993658457            107.54774925103021            363                           3437                          1.4153297692299494            
88584                         7                             661.6572831606165             168.184102846517              560                           5335                          0.9536954050121436            
89181                         7                             204.50967058728992            56.48696345342966             186                           1639                          1.479034757137828             
90444                         7                             661.6572831606163             166.45228913244094            549                           5138                          0.4927308775280321            
91437                         7                             661.6572831606163             166.50173656355088            548                           5111                          1.4552993855429672            
91829                         7                             152.27409165355886            39.829185087437665            131                           1145                          1.451966107293657             
93475                         7                             555.8531268442009             138.3609148870116             451                           4401                          0.3497281499186028            
93973                         7                             661.6572831606167             173.71963809631032            568                           5303                          1.2038378565823415            
93999                         7                             194.81363461635215            45.198701308579935            151                           1536                          1.5090514951215945            
94136                         7                             661.6572831606163             154.58194223883004            509                           5295                          0.3984480751140883            
95863                         7                             661.6572831606165             171.81273404246906            574                           5363                          1.350997491259728             
96290                         7                             454.0625108248274             116.08904608407877            394                           3708                          1.5190711190707324            
96763                         7                             661.6572831606164             170.17118002702307            567                           5270                          1.0337033907746964            
97029                         7                             661.6572831606163             160.17652941320398            535                           5391                          1.4981781667580734            
97621                         7                             661.6572831606163             164.60157012649026            543                           5306                          1.412083258622666             
98150                         7                             661.6572831606165             173.07344790450304            576                           5130                          1.4390035601262166            
98476                         7                             661.6572831606165             161.3681488778318             536                           5301                          1.523031457365929             
98763                         7                             661.6572831606169             162.9232813235331             543                           5244                          1.4142411414939011            
416                           8                             661.6572831606165             172.96653087510853            573                           5212                          1.430004925129571             
844                           8                             211.57387961052746            57.27586877157843             187                           1748                          1.5155377655654876            
1069                          8                             280.4031493039253             60.44646417680536             196                           2092                          0.4997811357354637            
1398                          8                             661.6572831606168             152.1284788864965             510                           5123                          0.5267151899994071            
2038                          8                             661.6572831606164             161.4584789545799             529                           5309                          1.3450968100658036            
2237                          8                             45.61755160602454             10.019608514777357            32                            337                           1.4084110140120965            
2273                          8                             578.3144200964895             150.98971278909642            499                           4522                          0.08684274059624676           
2480                          8                             588.2196293208087             146.9877428185339             492                           4663                          1.3228869200750892            
3187                          8                             335.21579672798447            86.43556927642516             289                           2593                          1.2956107947175082            
3736                          8                             661.6572831606165             162.72157461767117            539                           5226                          0.761708341076757             
3855                          8                             661.6572831606164             168.15182848866104            547                           5241                          1.430579878820378             
3932                          8                             415.27253526685416            107.50519710624931            358                           3346                          1.4572669142810915            
4079                          8                             661.6572831606168             165.67431108369337            553                           5163                          0.9465129900834162            
4126                          8                             409.92326890044615            92.88970644787923             302                           3292                          1.4533572376370039            
4830                          8                             661.6572831606163             157.4745060985572             522                           5076                          0.8082815657941756            
5409                          8                             149.0463503486433             38.39773892855112             126                           1161                          1.3824332191756903            
5447                          8                             661.6572831606164             166.7506722460312             556                           5462                          0.3331267520575962            
5576                          8                             661.6572831606167             167.7457544771457             553                           5422                          1.4693624999257149            
5824                          8                             591.4827312367431             138.12114779743177            459                           4712                          1.4641733206977707            
6002                          8                             431.3150129417385             110.80628345605712            361                           3252                          1.2161128206808396            
6044                          8                             661.6572831606163             169.7921983110881             552                           5296                          0.9599555532795184            
6218                          8                             661.6572831606163             155.23015900151805            512                           5138                          1.4769119630187246            
6613                          8                             661.6572831606172             160.58187583700334            525                           5311                          1.35570163368154              
7165                          8                             194.747362665759              53.8616884632591              181                           1621                          1.3969548633707525            
7196                          8                             661.6572831606163             159.44186666730937            527                           5255                          0.4764135248448625            
7423                          8                             661.6572831606163             156.9746292589127             511                           5262                          1.4028586993972354            
7840                          8                             661.6572831606169             161.5254270285523             537                           5178                          1.359712138689186             
8875                          8                             661.6572831606161             181.5129468752074             596                           5345                          1.4169942510481168            
9385                          8                             661.6572831606164             164.01864126916723            549                           5177                          1.583735267907926             
9513                          8                             467.35769492583137            116.56885316068411            382                           3691                          1.4475312831980878            
9830                          8                             33.242527032254834            4.669640863290766             14                            220                           1.0141662246768148            
10199                         8                             661.6572831606165             183.93572919505252            602                           5290                          0.04009934119802177           
11402                         8                             489.97100924193785            117.57869945033087            400                           3870                          1.595890704538862             
11688                         8                             171.96060989430197            38.940105181689525            128                           1376                          1.0433973189201775            
11706                         8                             661.6572831606165             158.224699958407              527                           5260                          0.339634662466176             
12204                         8                             330.3260868811932             78.48739313234542             262                           2515                          1.3927030750173395            
13044                         8                             661.6572831606167             162.85109365473804            539                           5166                          0.6937972790830623            
13115                         8                             155.0228792537269             43.82781515710675             149                           1248                          1.4280645895720865            
13180                         8                             128.30102016341192            26.499876441340493            90                            1029                          0.3906373358869221            
14406                         8                             661.6572831606167             170.98485549942316            582                           5420                          0.23604266129847515           
14745                         8                             661.6572831606164             157.12638184499997            519                           5077                          1.521341471359412             
15575                         8                             661.6572831606164             174.65874947428145            574                           5320                          1.3744317260347643            
15747                         8                             661.6572831606168             159.6540533801948             534                           5390                          1.5254343144354672            
16791                         8                             661.6572831606165             170.52885371879563            570                           5279                          1.4022945719605044            
17060                         8                             661.6572831606165             168.03174149504193            557                           5289                          1.5015183036501076            
18396                         8                             467.8383160440727             112.73369762700122            371                           3736                          1.4751667982130279            
19545                         8                             661.6572831606165             162.66084093193408            548                           5379                          0.982617169623306             
19636                         8                             45.75462102945506             14.959432869040954            49                            315                           1.439584272886557             
19683                         8                             544.1669317525193             145.48953150463115            479                           4283                          0.13077113292571768           
20519                         8                             595.671511342061              157.45479996426926            518                           4920                          1.2676489420039336            
20666                         8                             661.6572831606167             164.79245861144915            543                           5209                          1.3767794756529041            
21070                         8                             345.3061821991857             79.28285027197482             264                           2556                          1.4411704079496737            
21071                         8                             217.53075336631417            54.655204461571515            181                           1748                          0.6957315095223984            
21514                         8                             661.6572831606163             162.52169918611233            539                           5301                          0.4802736478714479            
22152                         8                             661.657283160617              162.16025355512005            530                           5323                          1.4277586926133887            
23122                         8                             661.6572831606163             155.56669949633584            512                           5244                          1.4064023138619395            
23799                         8                             608.9322000990279             155.67530155985227            511                           4817                          1.360931729086669             
24798                         8                             220.43342702162704            54.92772477581448             179                           1716                          1.3606568244826773            
25034                         8                             661.6572831606164             161.05409429133195            537                           5157                          0.4761472739263455            
25161                         8                             179.87160490100683            40.300740119706504            133                           1416                          1.4152124566047195            
25370                         8                             661.6572831606163             155.56637514032653            523                           5109                          0.35153516644382254           
25829                         8                             661.6572831606167             162.07179431421707            542                           5276                          1.373642788576937             
27355                         8                             518.5323947253636             143.8413572181913             473                           4272                          1.4304175542795001            
27371                         8                             529.9034367148561             137.43088939422157            451                           4134                          1.2558346021148246            
27531                         8                             661.6572831606164             161.88837191688688            539                           5205                          1.1974350949185393            
27547                         8                             157.66549654660932            37.3605253954677              124                           1230                          1.4192330772273796            
28419                         8                             661.6572831606165             160.518471858425              538                           5235                          0.32929334029692703           
28639                         8                             661.6572831606164             154.80373703394852            515                           5159                          1.41688801754545              
28697                         8                             515.3951272562956             129.88070468207385            426                           4183                          1.358203032389303             
28780                         8                             601.4171551776617             149.08050498385586            499                           4799                          1.1304594335907092            
29053                         8                             661.6572831606165             160.4526182217696             530                           5231                          1.3099542623348066            
29533                         8                             661.6572831606167             165.43942319209185            550                           5286                          1.4069574266587428            
29535                         8                             661.6572831606164             166.7936318600771             547                           5148                          1.4544222100537594            
29864                         8                             104.89561301067226            19.644620569989783            67                            812                           1.4509114289976635            
30035                         8                             352.4500506464618             80.33473334916393             266                           2745                          0.17391245988277204           
30083                         8                             661.6572831606164             161.4343245494488             535                           5315                          0.7037815047402523            
31637                         8                             661.6572831606168             154.83693383180727            512                           5211                          1.4152871944696512            
32638                         8                             453.60067428549655            115.5989910802045             378                           3636                          1.3513819117780281            
33128                         8                             661.657283160616              162.31796727922352            541                           5445                          1.0037289176157993            
33225                         8                             661.6572831606165             180.81362901312355            600                           5426                          1.432450393268529             
33355                         8                             661.6572831606164             155.25354614966676            506                           5250                          1.5851837742200248            
33482                         8                             476.65284432241805            124.06186229282329            412                           3879                          1.346910538746864             
34528                         8                             327.24155420311325            79.56666656150743             264                           2531                          1.0918518343606474            
34752                         8                             661.6572831606165             185.70111229258242            602                           5339                          0.6990484662558469            
35224                         8                             661.6572831606165             179.1924047963981             592                           5257                          1.6037860273863496            
35372                         8                             661.6572831606165             164.826847890143              554                           5310                          1.5662557424603145            
35754                         8                             91.3103693784798              19.391286072361936            64                            676                           1.4632645220972693            
36288                         8                             661.6572831606168             168.63752970737048            556                           5141                          0.16914458257698411           
37397                         8                             232.12173170000523            54.33341277361573             184                           1856                          1.4735745359286372            
38157                         8                             661.6572831606168             159.05126520203174            530                           5323                          0.4838655374966421            
38486                         8                             661.6572831606168             154.18351653198803            516                           5215                          1.3982524615424166            
38903                         8                             115.56889895330974            24.32346515986807             79                            904                           1.3561787555202016            
39621                         8                             661.6572831606163             172.22143038650984            570                           5217                          0.21101493398462717           
39965                         8                             661.6572831606168             168.73591294359028            552                           5109                          1.5060889511123603            
40037                         8                             572.7725421714607             151.74015498901463            503                           4598                          1.4659991528745866            
40275                         8                             661.6572831606165             168.73561928329974            558                           5368                          1.3308372126340025            
40679                         8                             609.139562636247              152.78355425747577            506                           4760                          1.4729422460952444            
41086                         8                             661.6572831606163             173.0570177134337             579                           5230                          1.3431833496247996            
42205                         8                             190.9280138100606             46.11728548798483             157                           1449                          1.5228153952418815            
42678                         8                             482.4799960475513             127.26355890041056            417                           3851                          0.4086186779467217            
42989                         8                             470.18233617745915            117.65705236015292            385                           3707                          1.11018970639334              
43131                         8                             88.84350480161893             22.163622275964816            72                            715                           1.0273624001763797            
43423                         8                             661.6572831606169             153.28361019016458            508                           5323                          0.19085626955059398           
43965                         8                             661.6572831606165             153.2992891536108             519                           5288                          1.3413161713088297            
44279                         8                             661.6572831606164             179.76266112086898            589                           5185                          1.3575007965877437            
44370                         8                             93.68343722677152             23.037689725912642            78                            716                           1.5630105463353692            
45461                         8                             661.6572831606169             161.46333350554295            525                           5211                          0.204336959742682             
46408                         8                             112.76422141624482            27.01837656660999             91                            880                           1.3995303497735883            
47408                         8                             661.6572831606167             165.11484875465587            546                           5219                          0.24048491618477616           
47493                         8                             661.6572831606168             172.1231650928729             571                           5410                          1.446756293482446             
47718                         8                             661.6572831606165             154.48097401028897            518                           5502                          1.5123056119646714            
47740                         8                             661.6572831606165             177.01383763980166            587                           5266                          1.364918023136815             
48158                         8                             661.6572831606163             171.39727060269743            568                           5387                          1.554229029342051             
48303                         8                             32.20545658611157             7.225996632642967             23                            229                           1.5042707086811469            
49731                         8                             661.6572831606169             158.9107704382139             529                           5337                          0.06124050929934784           
50039                         8                             144.54246337837495            41.10178674925361             131                           1156                          1.3982048195019061            
50263                         8                             661.6572831606164             171.6653625271315             566                           5351                          0.3529011406197984            
50566                         8                             160.67140832936596            38.18610994988511             124                           1189                          1.5008398635846478            
50844                         8                             661.6572831606167             168.09548185763018            561                           5216                          0.33238659499627565           
50943                         8                             436.26923380395596            108.84446650474244            369                           3528                          1.473525564985962             
51422                         8                             661.6572831606168             156.59699137607936            520                           5059                          0.9631927962814542            
51861                         8                             661.6572831606164             150.54963219582987            496                           5247                          1.3784107521751139            
52374                         8                             661.6572831606165             156.76994214753148            514                           5325                          1.3176309016585832            
53125                         8                             165.74110630575552            35.604883128426884            119                           1303                          1.368102955138574             
53374                         8                             661.6572831606168             167.45013783793206            548                           5271                          0.3156600338331701            
53506                         8                             120.81759199760114            29.670925743268135            97                            924                           1.4563480549368308            
54656                         8                             661.6572831606168             168.14107559798234            563                           5437                          0.2568419407258037            
54686                         8                             661.6572831606163             169.58678359929849            563                           5276                          1.4743401649747194            
55086                         8                             661.6572831606163             164.46053291095336            551                           5379                          1.4921255311652368            
55228                         8                             661.6572831606165             161.8568194393452             535                           4991                          1.4505927736919082            
55339                         8                             661.6572831606165             170.3352781805281             569                           5105                          1.4195549309145146            
55696                         8                             661.6572831606167             164.63587610020724            545                           5165                          1.4975665859993033            
56541                         8                             661.6572831606165             162.72715868352967            534                           5416                          1.4416654855198612            
57173                         8                             75.24999999999997             20.607210986630726            72                            583                           1.416512116541131             
57889                         8                             639.3632553178531             161.86195541718143            535                           5080                          0.1855669452930703            
58078                         8                             661.657283160616              160.6985772695733             522                           5385                          1.4134340310279678            
58299                         8                             661.6572831606163             162.3606853069437             537                           5299                          1.3942421620140544            
58448                         8                             604.134577903031              152.5323979109111             498                           4774                          1.4224172887761615            
58594                         8                             661.6572831606164             165.1076557666867             551                           5405                          1.3237130867725235            
59103                         8                             661.6572831606165             153.65561328898568            518                           5055                          1.4530337667483417            
59296                         8                             661.6572831606167             170.68217069612848            570                           5428                          1.3547587985669236            
59313                         8                             567.3914457180307             139.26387705019317            471                           4517                          1.5004341574711453            
60168                         8                             661.6572831606165             159.0013263046193             532                           5184                          1.231390309027859             
60612                         8                             661.6572831606165             165.4216588588677             546                           5228                          1.4016888453547067            
61598                         8                             661.6572831606164             153.04360957118294            514                           5220                          1.4460558390695293            
62725                         8                             661.6572831606164             160.89665579699826            533                           5072                          1.352060834837126             
63191                         8                             661.6572831606165             179.74717849831504            596                           5354                          1.4134179894632901            
63922                         8                             661.6572831606162             157.96342185342377            516                           5262                          1.5753729128533251            
64412                         8                             661.6572831606163             153.0005576588632             510                           5317                          1.3745884927609855            
64514                         8                             661.6572831606163             158.68616000594085            532                           5262                          1.3485137202008528            
64779                         8                             583.6110403959469             152.50536951540735            507                           4760                          1.4005864350238992            
64895                         8                             661.6572831606165             145.60839805113804            487                           5142                          1.3403348084495743            
65153                         8                             661.6572831606167             178.9505284186808             601                           5244                          1.2793538159080828            
65255                         8                             32.20546854577414             8.40288575105967              27                            243                           1.5836897566527348            
65340                         8                             661.6572831606168             147.94758993900177            500                           5225                          0.07267455405487536           
65852                         8                             661.6572831606168             154.45526337914876            511                           5307                          1.3136334737900635            
66530                         8                             406.16449237669354            105.55021554062284            351                           3160                          1.3548654741847326            
67345                         8                             661.6572831606168             164.12019310433638            541                           5266                          0.9242178006742806            
68641                         8                             381.94192846412784            99.2060630144622              326                           3033                          1.4358807641649494            
68664                         8                             661.6572831606164             160.41776700224105            532                           5226                          0.8655911507544967            
68951                         8                             502.17355248869967            123.00055332766392            403                           3953                          1.409821795631971             
69008                         8                             80.78677871941098             17.074715853362804            56                            579                           1.0718229785866134            
69103                         8                             108.32028572072656            24.690901488602634            83                            808                           0.14796157714266664           
69296                         8                             573.992183160617              130.62488352861408            432                           4672                          0.21815172571496771           
69459                         8                             661.6572831606164             167.67231740009152            549                           5143                          1.143348545934789             
69790                         8                             661.6572831606163             162.9155269159364             530                           5256                          1.4609220181653702            
69915                         8                             661.6572831606165             157.50833746422853            527                           5327                          1.4127941525191463            
70568                         8                             140.63535716357404            27.35101233932104             91                            1071                          1.3888418907591737            
70594                         8                             661.6572831606165             162.55217301211056            543                           5201                          0.23956054445149333           
72045                         8                             661.6572831606167             166.51196266921528            556                           5420                          1.4351462389141096            
72702                         8                             661.6572831606164             164.29148349216973            535                           5252                          1.4643069450121755            
73323                         8                             661.6572831606164             159.76137292912108            532                           5314                          1.4255998550345714            
73638                         8                             608.5692608511838             151.89494714292755            501                           4904                          1.4074109611148942            
74071                         8                             318.48112604673076            73.54139968708724             250                           2458                          1.3288698014050422            
74356                         8                             292.06518834593703            65.96248471496462             220                           2234                          0.655052971845048             
75631                         8                             661.6572831606168             151.05196424928639            494                           5271                          0.5833843385888016            
75715                         8                             661.6572831606165             165.17540788203365            548                           5320                          1.3128273399730586            
76215                         8                             573.9921831606167             141.1721922842777             471                           4616                          1.4434503498320583            
76263                         8                             548.1277530794454             148.47376989146872            490                           4355                          1.2408088834291133            
76342                         8                             661.6572831606165             150.95632291821138            503                           5087                          1.2976568802815098            
76850                         8                             347.8994291332481             86.76505302502333             290                           2677                          1.323533648073759             
77676                         8                             661.6572831606165             152.43735980794526            512                           5167                          0.7654145760557928            
77827                         8                             594.1060311207251             135.9494287905204             453                           4614                          1.3477329276104675            
77999                         8                             661.6572831606165             175.2648475178777             572                           5418                          1.198244845640417             
79570                         8                             594.131034561738              150.62287626830317            505                           4731                          1.5233321305584036            
79987                         8                             661.6572831606165             174.55868596773746            580                           5245                          1.329068381531374             
80255                         8                             661.6572831606168             152.39444567055568            510                           5214                          1.5342565759545275            
80870                         8                             32.205518223981144            3.1353753442040553            11                            215                           1.3422631157699676            
80891                         8                             661.6572831606168             177.5999750673796             584                           5337                          0.028107565728715072          
80979                         8                             220.29652027217026            61.470978190929166            200                           1765                          1.548635016055799             
82614                         8                             661.6572831606163             155.41034466213927            516                           5160                          0.5331316999216238            
83092                         8                             661.6572831606165             163.55803022951378            542                           5145                          1.3639329740902384            
83731                         8                             591.1518774792851             140.81242002526065            472                           4568                          1.4337146397483274            
84106                         8                             661.6572831606165             155.9174094005041             525                           5112                          1.2472986512098592            
84168                         8                             661.6572831606167             168.42992724183324            550                           5353                          1.3813745608796064            
84363                         8                             36.39189317712592             8.247774829153748             27                            263                           1.4667896897845694            
84738                         8                             661.6572831606164             171.10553898760907            560                           5103                          0.0718680160236271            
84750                         8                             661.6572831606164             150.90922355929598            503                           5269                          1.4880963097029807            
84964                         8                             89.55048014723474             16.343424748994458            52                            674                           1.327448321636576             
85118                         8                             661.6572831606167             173.05604039738373            569                           5362                          0.13925253618638103           
85189                         8                             661.6572831606163             175.37958622781005            583                           5246                          1.5091402749956042            
85782                         8                             45.748793252223244            8.192146230839171             27                            298                           1.53977765669985              
85973                         8                             661.6572831606167             159.76885471239777            524                           5099                          0.0714802592912888            
85974                         8                             406.2593970139257             99.47956320825709             332                           3272                          1.3921292618105658            
86217                         8                             661.6572831606163             161.3948931065244             533                           5087                          0.8730098776659367            
86583                         8                             661.6572831606163             156.05075462452712            516                           5152                          1.408634512467243             
87091                         8                             661.6572831606164             156.60477636484632            519                           5237                          1.362529348607103             
87305                         8                             661.6572831606167             155.01867208836373            512                           5257                          1.3715710302656041            
87800                         8                             661.6572831606169             171.32601694240634            562                           5340                          1.359261382992218             
87936                         8                             661.6572831606168             152.35424819571378            501                           5122                          1.4923132531061192            
87938                         8                             127.0612381337727             27.192224129902993            90                            994                           1.3279414466808492            
88161                         8                             124.34665798464161            30.599282189246406            97                            954                           0.23807066840291052           
89420                         8                             542.2436706299443             120.85898292049089            400                           4231                          0.26134422880082264           
91240                         8                             661.6572831606164             174.22936787861468            575                           5174                          1.0570627305597524            
91337                         8                             661.6572831606164             169.2298573389192             552                           5368                          1.5237313928830223            
91532                         8                             67.45198144764518             18.2910184737852              60                            504                           1.4669890796589329            
92647                         8                             661.6572831606165             164.47210866522434            548                           5287                          0.1579648283032228            
92651                         8                             138.36525748576463            41.04134632104566             132                           1064                          1.4432361039093768            
92983                         8                             661.6572831606163             159.6015743585317             538                           5297                          0.3530410640570484            
93750                         8                             522.8780324821641             124.87851573270797            407                           4102                          1.4101757510709647            
94545                         8                             661.6572831606168             167.7489535566918             556                           5362                          1.0889313390593793            
95487                         8                             661.6572831606167             161.46076430254237            523                           5128                          1.4674973884042288            
95616                         8                             615.5684238792452             160.04545729595245            536                           4777                          1.4019690748822144            
95891                         8                             661.6572831606164             166.08435639369014            562                           5289                          1.4055770405036978            
96400                         8                             661.6572831606165             157.1177780324791             527                           4998                          1.4730504453081457            
96769                         8                             661.6572831606164             162.87899165630682            538                           5408                          1.3847562209159334            
97189                         8                             661.657283160616              166.40035685287717            546                           5131                          1.4332131449710914            
97548                         8                             661.6572831606167             171.21205657934772            566                           5221                          1.4483173538486518            
97553                         8                             661.6572831606167             158.5560750085386             523                           5062                          1.497668380187004             
98104                         8                             661.6572831606165             173.41893375118718            572                           5345                          1.3793233098305733            
98356                         8                             661.6572831606165             171.63431573152317            576                           5321                          1.5163019481680566            
99423                         8                             661.6572831606165             160.87730283811464            528                           5291                          1.5145011685238075            
99463                         8                             75.24999999999999             16.786289625247726            57                            584                           1.398746007278648             
182                           9                             661.6572831606169             167.42028586687647            553                           5204                          0.1484996861768306            
346                           9                             661.6572831606163             166.68270878634044            544                           5152                          1.4612844791864412            
594                           9                             43.43137487420145             8.936347048814863             28                            308                           1.4498085603179567            
1711                          9                             546.3431480878123             130.8652183020831             433                           4308                          0.0750402885830967            
3034                          9                             661.6572831606163             161.41090294730276            536                           5244                          1.143548919310403             
3068                          9                             661.6572831606164             164.1687892232624             545                           5293                          1.4182014764911406            
3462                          9                             661.6572831606163             152.02877435290608            510                           5252                          1.4441839022942131            
4531                          9                             661.6572831606165             176.6579101558332             586                           5260                          1.3385485053221506            
4714                          9                             661.6572831606165             163.30089368953188            538                           5209                          1.5542409101478007            
4764                          9                             661.6572831606165             158.80223644338176            529                           5230                          1.4277493151121545            
5222                          9                             580.371239794409              143.5837463702036             480                           4672                          1.3943138481349895            
5227                          9                             661.6572831606163             165.52735789780553            541                           5214                          1.2659845794656515            
5471                          9                             661.6572831606165             185.23950624440963            622                           5430                          1.4367227575966153            
5603                          9                             661.6572831606167             154.17182087071512            510                           5027                          1.6345571235667236            
6462                          9                             661.6572831606163             164.70445847869448            544                           5325                          1.3482536330988566            
6529                          9                             661.6572831606165             167.99982284639322            559                           5268                          1.4385549128195048            
6847                          9                             154.37325691571996            36.97996258933647             117                           1196                          1.4752024722232768            
8203                          9                             661.6572831606165             154.649717605373              518                           5244                          0.31622637103766216           
8217                          9                             661.6572831606165             159.06983020154422            529                           5105                          1.3642973099710467            
8271                          9                             661.6572831606163             183.60397760329522            607                           5360                          1.3914632750320268            
8758                          9                             541.7312983908755             131.91267637460373            442                           4350                          1.6082442772833732            
8932                          9                             661.6572831606164             165.12355939434096            540                           5259                          1.160988978465348             
9040                          9                             323.7409227907379             77.96743282033272             261                           2524                          1.4326120160935534            
9156                          9                             88.17810374882274             23.805388254968626            81                            693                           0.6849001181124442            
9611                          9                             455.1279037208451             118.33509788538876            389                           3678                          0.21208749943435765           
9661                          9                             341.3582323596363             81.9407178227554              275                           2685                          1.033713063945235             
10869                         9                             98.0054491645852              24.48225464835768             80                            839                           0.7236488008782308            
11348                         9                             186.2308152227679             40.66490001805006             133                           1335                          0.21356064988980528           
11801                         9                             661.6572831606165             163.16825969994431            546                           5250                          0.3545852042363058            
12245                         9                             548.3963224556143             140.12746555465895            462                           4425                          1.4379695437441606            
13340                         9                             661.6572831606168             153.74381084921478            514                           4916                          1.2253772906032352            
14137                         9                             661.6572831606165             168.6593138614059             552                           5192                          1.3588808045486662            
14464                         9                             661.6572831606164             163.25349720230656            534                           5300                          1.4690291179522754            
14995                         9                             661.6572831606163             164.49446369957593            551                           5315                          1.4178200544357158            
15461                         9                             661.6572831606167             157.6643134503442             515                           5258                          1.4521222082943583            
16183                         9                             661.6572831606165             157.74544135108596            531                           5189                          1.3704260619146371            
16321                         9                             661.6572831606167             181.2842892101047             600                           5369                          1.3980248608701422            
16345                         9                             175.19758492978144            43.982759680916224            144                           1427                          1.588555376278293             
16622                         9                             661.6572831606167             172.3360939653294             565                           5311                          0.38212679324297094           
16812                         9                             661.6572831606165             163.35824446460032            540                           5234                          1.4990689021654715            
16872                         9                             584.250283160617              139.34957085208202            462                           4673                          1.4280194270224946            
17747                         9                             209.06877750553616            39.27719144981744             132                           1582                          1.219270163109815             
17925                         9                             661.6572831606167             159.86516409978626            527                           5241                          0.3466072182155403            
17964                         9                             443.5851926815411             107.97306463102869            354                           3517                          1.395447145579263             
19473                         9                             387.0656380027957             95.44012214720888             322                           3134                          0.9400269624504054            
19828                         9                             661.6572831606164             163.97553165982458            548                           5143                          0.8451479063632716            
20602                         9                             661.6572831606164             163.98430033030073            541                           5249                          1.4463292974659823            
21414                         9                             605.5795671010849             148.76672595005914            490                           4775                          1.4413929618614483            
21717                         9                             61.23316446334858             15.272742341419956            48                            485                           1.30832251718214              
21720                         9                             127.1040038839519             33.0898596933178              110                           1018                          0.12998038506649648           
22685                         9                             67.4062762440296              16.438224263302715            55                            522                           0.29132235143608415           
22846                         9                             661.6572831606165             165.91184710087714            551                           5445                          0.14583236730973098           
23147                         9                             661.6572831606165             157.7016321226127             520                           5274                          1.4515437641298028            
23205                         9                             506.0596656721313             130.85874253796223            432                           4007                          1.3755663711821264            
23398                         9                             661.6572831606168             155.564049730889              525                           5258                          1.1473756754305104            
23991                         9                             661.6572831606168             160.68418260499564            533                           5168                          1.38059104588006              
24082                         9                             584.2502831606164             133.63332325533682            442                           4689                          1.4095986055648857            
24220                         9                             661.6572831606168             155.46009883914695            517                           5210                          1.1682139277489108            
25006                         9                             661.6572831606165             165.3295921829091             552                           5261                          1.3646015782362437            
26126                         9                             661.6572831606165             164.42992677576646            539                           5277                          1.4524869331195653            
26604                         9                             661.6572831606167             159.80384231933718            531                           5234                          1.4343886610351233            
27196                         9                             661.6572831606164             167.40837974460118            550                           5204                          1.4068570470214417            
27280                         9                             661.6572831606165             152.66941814992424            506                           5295                          1.4544833769872014            
27674                         9                             207.73960025509263            45.671950952162845            151                           1565                          1.3355604100004181            
28578                         9                             73.00063840097725             18.560401502375743            61                            586                           0.39735867769025107           
29065                         9                             282.48850391603804            77.59740258947524             258                           2284                          0.1617059151508586            
30200                         9                             199.68442726187862            51.76149898202554             172                           1580                          0.6846711169392994            
30345                         9                             529.6525283692243             129.57305443706983            433                           4138                          0.45560676906694697           
30525                         9                             661.6572831606165             160.97038296983055            546                           5340                          1.1427106663578617            
30800                         9                             436.2905122798508             118.76131332407323            386                           3462                          1.4306709096313677            
30853                         9                             661.6572831606165             142.8190138267439             470                           5160                          1.0297293581689564            
31025                         9                             32.20540008996103             5.407356228038561             21                            228                           1.247123237905942             
31372                         9                             661.6572831606165             176.64369847795217            586                           5175                          0.05351144544416179           
31692                         9                             661.6572831606162             158.05813076454913            519                           5296                          1.5438060509538487            
34374                         9                             661.6572831606165             174.57192757089365            575                           5230                          1.376980968019754             
35561                         9                             661.6572831606168             163.62626678458656            543                           5434                          1.5242870198875638            
36130                         9                             661.6572831606168             160.27613321155692            535                           5270                          1.4383838407967813            
36964                         9                             661.6572831606164             162.29266793006067            530                           5178                          1.4096686901139734            
37649                         9                             661.6572831606163             167.20720672514145            549                           5139                          1.4060320843776135            
37944                         9                             661.6572831606167             155.04464144060054            514                           5296                          1.457015858536384             
38126                         9                             661.6572831606163             172.74366008211163            577                           5252                          1.3609648816884699            
38299                         9                             661.6572831606167             182.29949810795983            604                           5379                          1.5203753646612577            
39102                         9                             661.6572831606165             161.7776362632411             532                           5270                          1.6002608575492752            
39325                         9                             661.6572831606165             157.0929131032417             520                           5169                          1.411214691023448             
40118                         9                             661.6572831606169             166.59790863403538            549                           5217                          1.3746304837312393            
40304                         9                             661.6572831606165             163.31509812323662            538                           5209                          1.4607452181690754            
40628                         9                             1.9560127500284352            0.5605561114275375            2                             15                            1.4323263470390208            
41343                         9                             94.68072620079259             22.685489920560844            77                            745                           0.0052374775795726684         
41567                         9                             347.6148073343323             89.18608193598799             293                           2815                          0.20233312074103554           
42354                         9                             661.6572831606167             157.29705755340106            518                           5230                          0.7782154221581588            
43160                         9                             661.6572831606162             169.69501316316155            563                           5407                          1.378563374854907             
43961                         9                             661.6572831606164             162.78121081561378            538                           5255                          1.4887711914305237            
44546                         9                             491.1445263724299             123.05300326596647            402                           3952                          1.4250371889582638            
44905                         9                             114.12739363241278            25.194872311690425            85                            844                           1.0663343500202944            
45659                         9                             661.6572831606164             169.45421460346145            545                           5295                          0.22370898654900406           
47083                         9                             487.02656044463106            135.22063757722321            440                           3952                          1.4589821680061477            
47209                         9                             458.6623474996533             112.23613930418922            377                           3602                          1.1688685267134513            
47247                         9                             661.6572831606165             152.97676206041635            507                           5160                          0.9906602368986472            
47726                         9                             661.6572831606167             168.98140629879933            564                           5204                          1.3427893463636282            
47800                         9                             174.53578823446554            39.5739337196542              127                           1315                          1.483272397283474             
49013                         9                             532.3188021456868             134.06682445264323            440                           4121                          0.33997110256783974           
49089                         9                             232.13623962476782            58.33767039940276             194                           1787                          1.1685163089723174            
49703                         9                             567.6704935280052             155.21588572041156            520                           4520                          0.5116545780745692            
50005                         9                             661.6572831606167             160.37914127127027            528                           5262                          1.367876794265265             
50062                         9                             37.26045664683827             7.853314142805926             26                            245                           1.400261323208237             
50551                         9                             661.657283160617              164.40049759862023            539                           5279                          0.0680004874812666            
50921                         9                             289.0562030557997             66.22515566849368             220                           2259                          1.4383165836164973            
51167                         9                             661.6572831606167             176.39024234831027            583                           5477                          0.5806856402093743            
51631                         9                             661.6572831606163             163.5387237031106             542                           5420                          1.5425417451247325            
53482                         9                             102.76079841527817            28.979695375562432            91                            728                           1.4303665556455396            
53895                         9                             661.6572831606164             157.2362095067525             527                           5295                          0.24623402082937504           
54079                         9                             661.6572831606169             147.8595908260874             493                           5342                          1.391492375764299             
54184                         9                             661.6572831606164             162.57274656223842            537                           5311                          1.2969851011029419            
55545                         9                             329.0515863234583             77.13371148758648             264                           2686                          1.4242213506583001            
56992                         9                             661.6572831606167             167.05262637422484            549                           5344                          0.6884827161710585            
58447                         9                             661.6572831606165             162.58215362379707            544                           5240                          1.4568918502996877            
59476                         9                             49.96480590146768             14.05813399840872             45                            409                           1.4336398504234653            
59714                         9                             661.6572831606165             156.13663490980326            521                           5370                          0.11952873021494743           
60244                         9                             37.260734308787576            9.637482401141808             31                            290                           1.376990467860347             
60471                         9                             661.6572831606165             175.27172007635386            581                           5254                          0.08266183548052826           
60584                         9                             661.6572831606164             155.5460754900939             516                           5255                          1.5387016378871583            
60861                         9                             661.6572831606164             171.69621180603772            570                           5240                          1.3672895477228415            
60951                         9                             492.1156353947381             110.49424581729662            361                           3905                          1.5121263983774411            
61278                         9                             21.922694609106784            4.420327255320577             14                            154                           0.9585419603840899            
61703                         9                             661.6572831606171             163.25365146953234            546                           5290                          0.038080793567654536          
63248                         9                             40.750964816686604            11.120284617872352            36                            313                           1.4396932020650623            
63707                         9                             661.6572831606163             179.2818251651043             592                           5336                          0.09506848565306569           
64238                         9                             73.039                        20.05096036891339             67                            573                           1.5644350686288084            
64595                         9                             586.5932831606167             143.92634583413712            482                           4668                          0.1767377379560688            
64607                         9                             241.38490586804798            56.570181814389294            183                           1895                          1.2679096994527357            
64916                         9                             82.48435355244898             16.57244444020862             54                            545                           0.486347077068359             
65228                         9                             661.6572831606167             159.8985604801471             537                           5212                          0.14359826085924954           
65748                         9                             661.6572831606165             160.1658420379865             545                           5316                          1.4148549292505952            
65869                         9                             364.6875201453379             93.49926349499728             308                           2877                          1.4273510696292084            
66428                         9                             461.9647310116949             118.719070644561              399                           3801                          0.8166162581486394            
66480                         9                             661.6572831606163             166.50929884566997            551                           5318                          1.051418454885987             
66841                         9                             433.04770212437137            121.18461921036481            401                           3556                          1.4572119148894185            
67836                         9                             473.27622957256824            114.12879809145221            369                           3742                          1.0614720005507534            
68192                         9                             661.6572831606163             167.31168735118248            554                           5207                          0.9876868032665425            
69457                         9                             205.32817783375725            49.11379565208373             164                           1517                          1.463243429817782             
69484                         9                             584.2502831606165             155.2202173174464             514                           4608                          0.4328683691432813            
69926                         9                             661.6572831606167             153.2877161579132             513                           5162                          1.363646042693374             
70275                         9                             20.834706477143694            5.23322650778289              16                            169                           1.3522105386584362            
70505                         9                             661.6572831606168             157.13252611081546            528                           5252                          0.04343914251532072           
70599                         9                             661.6572831606164             175.54822687478077            583                           5413                          1.390375273500613             
70603                         9                             661.6572831606165             158.2526593820185             512                           5226                          1.5388221513729214            
71865                         9                             661.6572831606164             165.5605048224851             549                           5188                          1.3697067764313355            
71913                         9                             661.6572831606168             174.34311054715914            573                           5290                          1.4510032391856384            
73217                         9                             661.6572831606167             150.1628752022167             498                           5155                          1.5205006665008463            
73258                         9                             661.6572831606168             162.9798665544                539                           5233                          1.3168287555945892            
73467                         9                             220.56474593180906            61.812104612668975            211                           1725                          1.42668196347822              
73585                         9                             661.6572831606164             168.23051868240364            555                           5467                          0.5496612533927832            
73694                         9                             379.4611680985974             93.82753021023662             311                           2895                          1.4699925194374148            
73915                         9                             573.9921831606166             138.7073126639163             454                           4547                          0.8209084278283381            
74192                         9                             320.83779517777185            90.95476431068896             298                           2638                          1.2088081903129124            
74694                         9                             214.85329624530658            49.322575309668494            160                           1614                          0.7901114604905918            
74756                         9                             79.53003357154385             17.11537933062894             54                            599                           0.42557403250406245           
75445                         9                             661.6572831606167             171.18170063301204            564                           5267                          0.14698793885337663           
77952                         9                             661.6572831606168             156.17564315323176            515                           5059                          1.495284487246401             
78819                         9                             336.98611663862414            86.7460256573164              283                           2718                          1.3598098215967733            
79430                         9                             176.93452090164254            34.58133909972171             116                           1364                          0.7522818465004523            
80688                         9                             121.63232329133534            28.1155687569333              96                            959                           0.305122716132656             
81124                         9                             661.6572831606167             185.65480019854644            609                           5335                          0.252298120067094             
81249                         9                             661.6572831606164             163.97829670409538            543                           5200                          1.6177057120699523            
82045                         9                             661.6572831606169             174.56980335364193            578                           5328                          1.4342539740575249            
82784                         9                             661.6572831606168             175.91843452888335            590                           5339                          1.5278640927494487            
82854                         9                             416.18599442702634            100.94444169279997            342                           3446                          1.5528879104041267            
83468                         9                             661.6572831606164             173.81436752078704            577                           5311                          0.8948777611297558            
83493                         9                             661.6572831606162             173.20532825555904            577                           5237                          1.5205295813651998            
84059                         9                             661.6572831606168             163.78553648298907            536                           5350                          1.5258755438786726            
84982                         9                             453.3204275763129             102.49103703200207            341                           3517                          1.4273936014834643            
85252                         9                             535.0186745534826             136.71669282520554            450                           4259                          0.9017172665934008            
85513                         9                             661.6572831606163             163.65524823485947            547                           5286                          1.1975464372389197            
85594                         9                             661.6572831606163             172.316345455713              569                           5106                          1.441326008029714             
85737                         9                             621.3990698988598             156.11453263615425            519                           5032                          1.5066272315312461            
86101                         9                             661.6572831606165             148.6029283859144             492                           5122                          1.372649044018588             
86397                         9                             445.7607467372915             111.86555807026534            372                           3480                          1.2992018333319213            
86716                         9                             661.6572831606165             172.30961744898013            576                           5179                          0.9802470614951138            
87002                         9                             573.5232831606168             133.7700348301378             446                           4506                          1.5145469652684078            
87360                         9                             495.9113609775431             120.32906113586019            402                           3891                          1.174151839592661             
87810                         9                             661.6572831606165             156.86168707698437            519                           5285                          1.058850234002107             
88045                         9                             586.4402384217901             138.7812418005414             458                           4526                          1.3782350484900037            
88307                         9                             661.6572831606165             160.74146928937552            527                           5115                          1.2120180540703354            
88621                         9                             661.6572831606165             168.06335815129142            561                           5232                          1.4018388841449398            
88860                         9                             136.07519704892255            29.550915667001878            98                            1001                          1.4754378835609625            
90116                         9                             661.657283160616              164.6046002785199             546                           5469                          0.25966078684364147           
90374                         9                             454.78486149097444            99.6190066138374              326                           3442                          1.4428197214450253            
90543                         9                             661.6572831606161             187.1447757916388             618                           5389                          0.8642910797409429            
90649                         9                             661.6572831606164             186.78387660637213            616                           5214                          1.6441291188036284            
91867                         9                             661.6572831606165             164.66105202898015            549                           5246                          1.6348070442960323            
92112                         9                             77.25025034611578             19.311916150462462            64                            590                           1.45031941277343              
92822                         9                             661.6572831606168             166.29305038034028            551                           5193                          0.16849054570563543           
92946                         9                             312.07264755996897            74.71205994454859             250                           2338                          1.4578495933972477            
93074                         9                             661.657283160616              156.04683973564008            511                           5270                          0.6615015694331011            
94022                         9                             661.6572831606164             166.45527054950827            557                           5192                          1.356761318458345             
94342                         9                             661.6572831606164             168.1483227104139             556                           5288                          1.4720756805513417            
95072                         9                             661.6572831606163             161.3874426742557             538                           5245                          1.4722338715758698            
95246                         9                             661.6572831606163             156.5824944446584             516                           5288                          1.4236541339829816            
95668                         9                             661.6572831606163             173.1083362690547             570                           5319                          1.3657321603701142            
96105                         9                             232.83023627514353            55.03685427171967             183                           1707                          1.514553195431364             
96207                         9                             661.6572831606163             179.72168120071106            590                           5222                          0.4860433241654742            
96423                         9                             584.2502831606165             145.05717701262878            488                           4675                          1.5738683931222213            
96504                         9                             661.6572831606167             170.51594621901754            563                           5280                          1.2820623192327696            
97210                         9                             661.6572831606165             151.34212111572995            505                           5193                          1.4876880737348117            
97350                         9                             661.6572831606168             179.11391432213702            595                           5277                          1.3351960666112692            
98002                         9                             661.6572831606164             163.01759737807203            537                           5362                          1.5725200218418434            
98524                         9                             322.00132885134457            79.88117794727286             261                           2575                          1.4252366299716521            
98526                         9                             236.01493551248637            61.23275357669451             203                           1759                          0.6981584363077695            
98701                         9                             661.6572831606163             178.26570156882056            586                           5409                          0.5345786338681153            
98876                         9                             162.73929425130822            43.69175886114413             141                           1288                          1.555757616172115             
99881                         9                             661.6572831606165             168.65931351332247            559                           5399                          0.37542952481995007           
69                            10                            127.38428247887448            31.820430184786183            105                           935                           1.4809501078586782            
266                           10                            661.6572831606164             156.2384202210377             510                           5233                          0.2780271373161873            
953                           10                            239.59839411954087            55.76750149609731             186                           1849                          1.3547473959135112            
2601                          10                            661.6572831606165             160.30443201976385            537                           5248                          0.4879776045006189            
2670                          10                            31.818581237852523            7.190147110079479             24                            253                           1.415416217220761             
2924                          10                            661.6572831606168             174.93435799264256            577                           5477                          0.06312195266032972           
3049                          10                            515.9903224271575             121.06660072615912            406                           4074                          1.5288911069560824            
3651                          10                            278.88406639147837            62.05371161328188             202                           2163                          1.0702834110407533            
3944                          10                            661.6572831606167             153.91049951820307            523                           5144                          0.5355460120123876            
3983                          10                            18.339768317323756            4.620564131174274             15                            136                           1.3692259079986004            
4558                          10                            661.6572831606168             163.51288367654064            539                           5373                          0.03975401083711581           
4671                          10                            661.6572831606165             163.2958979141748             542                           5174                          1.425113499071734             
5334                          10                            145.59329326572282            28.675608132798597            95                            1000                          1.432097859785148             
5395                          10                            661.6572831606168             154.3254007701899             501                           5208                          0.2507455850485153            
5436                          10                            661.6572831606167             153.24194814601685            509                           5238                          1.3357273296877916            
5472                          10                            32.205673622389355            7.24187609459077              25                            242                           1.3440079455910907            
5892                          10                            16.63416397031292             3.285412017930384             12                            126                           0.06469094993547973           
6476                          10                            248.66388378619183            69.43270860948141             226                           1996                          0.030853837154468693          
7107                          10                            661.6572831606167             135.35903531855033            450                           5162                          0.6030766099543718            
7146                          10                            661.6572831606165             148.11098887366953            491                           5269                          1.1844089464093335            
7592                          10                            661.6572831606165             136.8476341493115             458                           5193                          1.3012729401725027            
7648                          10                            661.6572831606165             180.1785178834748             594                           5306                          1.2015389312793734            
9180                          10                            661.6572831606162             151.88651017144426            506                           5168                          1.5707458818023636            
9698                          10                            640.8241663922072             179.8007623305553             596                           5104                          1.3362993691557965            
9773                          10                            661.6572831606165             143.87765219639937            478                           5285                          1.572680396033036             
10189                         10                            368.708162837695              83.22425683278492             274                           2925                          1.261537841214642             
10299                         10                            661.6572831606163             160.61548309657368            542                           5300                          0.7271366025609984            
10706                         10                            661.6572831606165             155.38068081513157            519                           5249                          1.4254202690442122            
10931                         10                            661.657283160617              156.53512967455268            523                           5352                          1.3679680016568703            
11296                         10                            661.6572831606168             158.15723054958755            523                           5285                          1.3754258487843227            
11351                         10                            661.6572831606167             160.80955149511445            531                           5229                          1.3807622184974835            
12070                         10                            50.15738992392016             12.120180741224676            38                            365                           1.4123909792321687            
12552                         10                            661.6572831606167             164.62806249230954            553                           5294                          0.1027925450963793            
12932                         10                            50.2029637767597              9.19304088412706              31                            400                           1.457830539893497             
13517                         10                            65.82843124623659             16.363766342350143            53                            527                           0.08208550871230816           
13546                         10                            661.6572831606164             150.34601137837555            499                           5277                          0.14157145734375468           
14253                         10                            32.20567302334841             7.610576999868124             22                            222                           1.3175105976243882            
14497                         10                            93.91412684212949             19.894166767885523            66                            743                           0.06159765995219468           
14505                         10                            661.6572831606163             171.83166855150174            565                           5415                          0.17409431132389167           
14529                         10                            43.9634380372379              10.684166289045393            37                            338                           1.5000400815131556            
14988                         10                            613.754072636788              156.65732089812923            511                           4979                          0.09585218214409764           
15818                         10                            661.6572831606163             163.79192462593105            541                           5353                          1.3601488348754895            
16368                         10                            119.49897647547647            31.31361359634513             101                           884                           1.4303833673882345            
17563                         10                            134.31283408813874            35.72415933548368             119                           1035                          0.27156585054344984           
18791                         10                            661.6572831606165             156.72308082523793            516                           5177                          0.3139535513167624            
19459                         10                            661.6572831606164             160.97320820332106            530                           5225                          1.3716333642098029            
20132                         10                            582.2217974959368             134.53901560410335            441                           4571                          1.4079721295850136            
20617                         10                            661.6572831606163             145.5983972668992             486                           5059                          1.1751444810646523            
20884                         10                            593.7528542997222             131.32091630305993            433                           4641                          1.2814835048978859            
21650                         10                            661.657283160617              202.90545455408116            671                           5200                          1.1483238323457796            
22497                         10                            219.53090212325444            52.119540780806936            174                           1773                          1.7785997317996496            
22565                         10                            661.6572831606163             149.8040054448518             491                           5124                          0.4595716862359778            
22759                         10                            73.03900000000002             21.258990573521785            71                            542                           1.298934053986971             
23953                         10                            661.6572831606169             149.01074118631075            496                           5200                          0.1891326233108604            
24381                         10                            661.6572831606168             149.99475667421243            504                           5291                          1.3077461917198785            
24612                         10                            661.6572831606162             146.76897448871296            487                           5180                          1.3242355587320138            
24808                         10                            661.6572831606165             162.821093171221              532                           5321                          1.2886097836924992            
25214                         10                            425.82965113233575            107.26342686129611            361                           3423                          1.4185694371951598            
25305                         10                            661.6572831606165             139.5080358493009             471                           5183                          0.9499500504388507            
26186                         10                            208.0051300140808             44.71507554623476             149                           1590                          1.2338457773786704            
26503                         10                            661.6572831606168             158.20149133810426            529                           5396                          0.3932104886143533            
26772                         10                            586.5932831606165             129.35797080820822            427                           4729                          1.3946260862123667            
26844                         10                            661.6572831606165             158.42879903035515            527                           5324                          1.132466154041413             
26845                         10                            661.6572831606162             156.92922110227343            521                           5293                          1.3946172855491437            
27289                         10                            127.78041369832518            29.48995596607829             94                            978                           1.3800464991503136            
27329                         10                            661.6572831606165             142.95057041710285            477                           5262                          0.25324548769481614           
27464                         10                            514.3060301116102             128.92561778084456            430                           4190                          1.2597886131036282            
27542                         10                            262.6180130061078             58.49990943250541             196                           1979                          1.134496341312051             
28225                         10                            661.6572831606164             142.16862756293864            468                           5303                          0.5177643975273303            
28584                         10                            225.7606837091436             50.69027479906932             166                           1779                          1.2421265396635786            
28658                         10                            661.6572831606163             146.88541673000933            489                           5115                          0.4415007989333893            
28709                         10                            661.6572831606164             149.23342253300655            501                           5231                          1.295190368348317             
28934                         10                            661.657283160617              153.18873754108805            505                           5262                          1.3195315846857816            
29294                         10                            640.8648675397535             160.6954366773616             526                           5152                          1.3354238516415875            
29658                         10                            661.6572831606164             159.73422077163872            537                           5461                          1.3950692637131206            
30220                         10                            661.6572831606165             147.25903170841605            489                           5204                          1.411581281100718             
30490                         10                            661.6572831606165             149.97332749120298            507                           5277                          1.2927768824448416            
30628                         10                            594.0881836323904             133.98992799635437            447                           4770                          1.334881862031094             
30661                         10                            554.6354386231302             129.35305433850854            428                           4369                          1.1750376387662933            
30869                         10                            661.6572831606164             147.41514103262372            482                           5142                          1.1397793707703747            
30944                         10                            414.1689428189579             116.7325330918464             389                           3148                          1.2831041954732119            
33122                         10                            661.6572831606165             166.70478196464038            554                           5136                          1.023325193409884             
33397                         10                            661.6572831606165             152.71878916315018            510                           5243                          1.4714488614428012            
33796                         10                            339.4487938320938             80.35770608564167             267                           2606                          1.3426730877093465            
33801                         10                            661.6572831606165             161.7967871057631             531                           5307                          0.7082361436375484            
34272                         10                            479.60486577593053            116.85983020127601            383                           3798                          1.4089748229240366            
34538                         10                            661.6572831606169             154.01410269806175            515                           5320                          1.0194271685823284            
34602                         10                            661.6572831606164             165.2772206806628             547                           5296                          1.3554391232857164            
36478                         10                            661.6572831606165             160.45261325310946            525                           5227                          1.449780538784219             
36526                         10                            661.6572831606168             161.72073632797984            531                           5452                          1.3975625549223494            
38037                         10                            661.6572831606164             168.4605652266307             559                           5278                          1.4117192619765881            
38240                         10                            661.6572831606167             151.21528600807198            492                           5203                          1.472161089521643             
38913                         10                            345.04543169472686            77.67886054270798             261                           2559                          1.30556929271154              
39801                         10                            128.1460127234598             36.15431240944658             117                           1027                          0.6851865545784656            
40435                         10                            140.35693914028857            33.266282340683276            111                           1156                          0.31260888729314196           
41018                         10                            661.6572831606165             159.48590344125827            529                           5365                          0.29275153977009427           
41275                         10                            661.6572831606164             155.5800008340268             507                           5259                          1.3967223806796085            
41319                         10                            661.6572831606168             157.47350893865462            520                           5305                          1.3523140456702656            
41437                         10                            661.6572831606167             150.07270671063313            500                           5280                          1.378650639339964             
41552                         10                            417.53016730139615            96.18809334610575             323                           3188                          1.319334079036822             
41926                         10                            374.7545843587427             82.36495457785409             272                           2954                          0.8460093283511052            
42638                         10                            661.6572831606165             151.31585046002127            501                           5177                          0.7229998595907112            
43123                         10                            661.6572831606164             152.74515617088332            496                           5154                          1.3286691294503319            
43897                         10                            31.81888447346507             7.638468772720387             24                            197                           1.3271037507108794            
44038                         10                            52.41847631887687             11.331725342480611            40                            375                           0.0649123697158617            
44868                         10                            661.6572831606167             156.1697561579684             515                           5328                          0.10307240967089344           
45230                         10                            661.6572831606168             162.35271643756244            538                           5316                          1.364249184212185             
45528                         10                            661.6572831606165             153.08110689695837            514                           5279                          1.4284026094326654            
45977                         10                            661.6572831606169             148.14680780365853            489                           5092                          1.3511709741487314            
46546                         10                            661.6572831606168             157.08086563753074            515                           5290                          1.295621352522208             
46787                         10                            661.6572831606167             207.3481971493075             681                           5221                          1.369524845796939             
46933                         10                            301.8633650015249             79.67049693696264             270                           2313                          1.8117632048564531            
46954                         10                            97.51088982077806             24.59985413942757             83                            756                           0.7081277173749689            
47012                         10                            661.6572831606167             150.20040537317885            499                           5214                          0.21664850694405616           
47202                         10                            20.5151982657098              4.700700626555981             14                            140                           1.3170420570379358            
47486                         10                            661.6572831606163             140.08227385671148            461                           5131                          0.03928845313890974           
47724                         10                            661.6572831606164             153.10468555563108            506                           5229                          1.2221738368389194            
47776                         10                            181.15746037749875            35.77919610710446             122                           1171                          1.3387154304741469            
49246                         10                            88.99059697187828             20.867427699698133            69                            699                           0.3207076828644042            
49556                         10                            661.6572831606165             156.0003667647376             513                           5302                          0.1825835784585986            
49628                         10                            661.6572831606165             169.52227848167382            562                           5316                          1.3579649181429558            
50573                         10                            661.6572831606165             166.72910561359595            544                           5249                          1.4819710503908645            
51249                         10                            661.6572831606164             162.76503545518963            534                           5264                          1.44884659925325              
51700                         10                            226.51264206693637            57.18244830228556             194                           1732                          1.4172625481876493            
51969                         10                            391.87386035325784            100.98962446691128            338                           3148                          0.5064746807154719            
52542                         10                            612.4946819831159             137.60954801739388            448                           4878                          0.8903616784890223            
52763                         10                            661.6572831606169             171.95985442619087            567                           5358                          1.193350993382316             
52936                         10                            661.657283160617              165.00851275423213            554                           5209                          1.5006022732519777            
53016                         10                            148.7140589549409             32.19137686923103             104                           1055                          1.4520758958630147            
53093                         10                            661.6572831606164             156.70760358917724            523                           5335                          0.2792494933882008            
53186                         10                            661.6572831606169             145.98887484903454            489                           5249                          1.3768187833359948            
53320                         10                            661.6572831606163             158.9511792331328             521                           5154                          1.288061291787097             
53352                         10                            661.6572831606163             155.88479452007323            510                           5254                          1.3819398461401966            
53728                         10                            37.260746157173486            5.710926816776127             20                            273                           1.356327367828324             
53831                         10                            658.0450040169316             164.0684531962029             543                           5386                          0.0514786896899035            
53970                         10                            514.2050054430575             124.03761188466233            406                           4103                          1.4380657705353546            
54238                         10                            150.4683698277506             38.56426528868922             128                           1157                          1.0782156582975482            
54561                         10                            661.6572831606165             160.22480510481773            534                           5260                          0.3383021959551258            
55790                         10                            661.6572831606165             146.2520471417037             493                           5227                          1.4102268823162551            
55970                         10                            661.6572831606165             159.95836984198152            543                           5251                          1.291513298808461             
56638                         10                            661.6572831606165             171.186254852378              565                           5162                          1.4224655728801872            
56886                         10                            661.6572831606163             144.64167804338686            484                           5244                          1.4955515730712858            
57024                         10                            315.1930344945029             69.29475708007784             231                           2361                          1.2774562553812459            
57420                         10                            661.6572831606167             155.11156338320893            512                           5114                          0.606186349046598             
57925                         10                            34.9910525985282              5.085596731765475             18                            221                           1.3554181070791806            
57954                         10                            315.3949346216844             61.888567597834964            208                           2408                          0.04624406600928463           
58415                         10                            661.6572831606165             139.84087520761304            465                           5101                          0.5502319806538474            
58432                         10                            661.6572831606165             173.1864057605298             575                           5231                          1.2258815121854543            
58545                         10                            661.6572831606163             156.86840454879186            517                           5137                          1.5209583078024704            
58625                         10                            213.1551218909926             53.308661075023295            175                           1708                          1.3680223130287072            
60233                         10                            560.7395884771078             137.60385344527393            456                           4538                          0.46360636679866474           
60570                         10                            661.6572831606167             137.44627736123394            454                           5375                          1.2081649839681075            
61328                         10                            661.6572831606167             169.38683017201427            564                           5267                          1.2004978018369568            
61428                         10                            661.6572831606167             156.44654511118765            520                           5299                          1.4885282627787801            
61952                         10                            232.3684755281199             57.5614416032518              192                           1897                          1.369262832236947             
62022                         10                            661.6572831606167             154.04544262099552            512                           5151                          0.5072311407035058            
62775                         10                            661.6572831606168             158.1798150842894             527                           5244                          1.3515551045377647            
63092                         10                            661.6572831606164             162.08510872392657            541                           5247                          1.3904481571307519            
63102                         10                            197.57643540379388            53.46666731211292             178                           1496                          1.4245819113090281            
64133                         10                            661.6572831606167             154.7641464291314             515                           5286                          0.46849996062108223           
64393                         10                            661.6572831606163             158.13591835815555            526                           5344                          1.3562030460980297            
64555                         10                            661.6572831606168             164.18298548840988            553                           5322                          1.3896775834461716            
64597                         10                            661.6572831606164             141.92251742963862            474                           5161                          1.4586925777428519            
65139                         10                            661.6572831606165             145.78899229928547            483                           5332                          1.2474715503644984            
65262                         10                            644.9448412640535             142.16402935834788            470                           5119                          1.2764581837741154            
65364                         10                            661.6572831606165             137.81251390628273            466                           5247                          1.2409422049861643            
65871                         10                            31.062680673688146            5.323042078198926             18                            224                           1.2258541171676354            
66884                         10                            195.53953447145585            57.96014863576904             198                           1593                          0.04689550400409319           
67086                         10                            228.20520631151612            56.75412127871694             190                           1778                          0.5189039556673407            
67467                         10                            661.6572831606165             149.87190617213966            507                           5260                          0.49716517687688994           
68212                         10                            587.5594878892864             156.90680464612893            528                           4782                          1.330370923971462             
68338                         10                            661.6572831606169             150.5964572385399             503                           5271                          1.3941922380340936            
68532                         10                            661.6572831606164             155.65851233376395            517                           5086                          1.331262885475614             
68567                         10                            123.14183681818925            34.32786819075007             113                           948                           1.3701965616131022            
69310                         10                            389.8906500578096             88.54776986185782             293                           3009                          0.29965056755669983           
69707                         10                            438.59863779564483            92.14707134744572             307                           3343                          0.7770374811681742            
69943                         10                            661.6572831606164             161.39014348397055            538                           5152                          0.806983160806941             
70535                         10                            204.65964204559435            49.865809186967866            163                           1525                          1.4177778975245134            
71128                         10                            629.1799944813433             154.34961288536618            512                           4980                          0.43291585801584354           
71601                         10                            661.6572831606165             158.6653458230922             526                           5353                          1.3491303562186543            
71675                         10                            661.657283160617              151.11121106143355            508                           5299                          1.3870466435771198            
72140                         10                            661.6572831606164             144.61312377515802            488                           5342                          1.337738405413418             
72848                         10                            661.6572831606167             152.9869117410818             508                           5256                          1.2822848780489298            
72899                         10                            586.5932831606164             131.75774754007554            429                           4685                          1.3401781473482464            
73444                         10                            525.1408247711184             138.8139625610889             453                           4233                          1.1457371046517386            
73729                         10                            579.6604654272255             130.79180000316165            432                           4602                          1.203540119785637             
74218                         10                            661.6572831606165             147.93397703584668            488                           5308                          1.1493175477162447            
74332                         10                            661.6572831606165             158.88502573539537            525                           5271                          1.2973335210850694            
74378                         10                            661.6572831606167             150.7759015680258             498                           5257                          1.3868499117361157            
76078                         10                            661.6572831606168             147.33921662940617            488                           5114                          1.3182604349321165            
76201                         10                            661.6572831606164             149.0313757796954             489                           5280                          1.2926555687881245            
76446                         10                            661.6572831606167             147.32153811700823            492                           5219                          1.2933977500056102            
76595                         10                            487.1890208099624             121.81608905202674            400                           3941                          1.2983516197908425            
76638                         10                            661.6572831606165             146.41847231222252            485                           5183                          1.0620821426500964            
77070                         10                            661.6572831606165             161.83655955076472            548                           5237                          1.2788406309604579            
77665                         10                            661.6572831606163             160.79107387459172            522                           5091                          1.4386592817097732            
78281                         10                            577.3516226082997             132.46858677101335            446                           4627                          1.3949591174777654            
79386                         10                            661.6572831606165             166.09485108699994            554                           5341                          1.1706466766328283            
79473                         10                            523.4228483280446             127.95528000512483            419                           4137                          1.4614072033809222            
79602                         10                            661.6572831606167             152.6279258458623             500                           5136                          1.1128009305542714            
79776                         10                            301.6710249511116             68.04659947011142             227                           2295                          1.3292774850155695            
80299                         10                            241.05639197616472            58.80639179530158             200                           1818                          0.5986658630191481            
81134                         10                            661.6572831606165             170.57035639493319            553                           5446                          0.5227327337157218            
82109                         10                            573.9921831606164             130.32524500026793            435                           4610                          1.475752257907633             
82248                         10                            661.6572831606165             153.82203339509664            511                           5144                          1.1468006352281617            
83407                         10                            661.6572831606163             164.2271160612881             540                           5326                          1.3482560533616348            
84260                         10                            623.3034629982161             149.6612738521977             496                           4888                          1.431909231070374             
84400                         10                            661.6572831606164             165.74314190139017            555                           5371                          1.3072885392012217            
84743                         10                            489.69130324531585            109.81820468859449            363                           3780                          1.4661628385822492            
85130                         10                            661.6572831606167             167.67882549841394            561                           5360                          0.9600436388710066            
85648                         10                            661.6572831606167             147.37732752682783            489                           5272                          1.4749538027239326            
85676                         10                            139.67037498906248            32.58423443598501             108                           1040                          1.2929809262009946            
85789                         10                            661.6572831606165             144.49469728871264            488                           5002                          0.284659135108385             
86371                         10                            408.6617116418756             101.15480630628609            328                           3276                          1.2776291442951508            
86925                         10                            176.9607886898936             44.22799602686618             149                           1357                          0.881129343833958             
87028                         10                            75.24999999999999             15.961266392195663            52                            575                           0.3907759193721966            
87566                         10                            414.3441454795939             102.71399088214832            341                           3051                          0.13838857882190822           
87569                         10                            137.64131503845164            32.47000489612118             108                           1069                          0.9005001608226367            
87690                         10                            174.36468083941222            47.553586812953455            161                           1370                          0.2858632842864839            
88500                         10                            661.6572831606167             155.8183975395766             512                           5374                          0.42602905501856636           
88725                         10                            289.4162754462902             66.90546211090218             218                           2302                          1.3576939068549119            
88750                         10                            661.6572831606165             154.7854953902149             511                           5239                          0.5811133187133859            
89183                         10                            661.6572831606165             165.01354203620852            543                           5349                          1.3550908725048536            
89477                         10                            661.6572831606164             155.3664671077634             518                           5425                          1.4397966754327967            
89593                         10                            515.2264076119811             122.96409528018573            407                           4025                          1.3700606033789033            
89951                         10                            620.3827732632587             144.44524446446536            482                           4916                          1.0755523006437808            
90664                         10                            661.6572831606168             156.9737202897988             523                           5268                          1.2698845741528848            
90765                         10                            152.53366386931523            34.76059236840446             112                           1179                          1.3835750435819363            
90844                         10                            319.18391150286936            73.11951282623961             247                           2616                          0.3009647430597844            
91814                         10                            661.6572831606165             160.97913690223047            535                           5229                          0.6476712491427674            
92149                         10                            661.6572831606164             157.84826596586407            522                           5275                          1.4139602044447384            
92297                         10                            134.13511644385943            34.03189625154636             115                           942                           1.3830919256793115            
92848                         10                            661.6572831606167             154.92675754596652            515                           5201                          0.30150633256246345           
93275                         10                            661.6572831606164             156.3473369859721             513                           5159                          1.362872039896534             
93669                         10                            661.6572831606168             153.43233413504882            500                           5275                          1.3636735016036239            
93674                         10                            661.6572831606167             158.52283684721647            523                           5349                          1.3295228285380258            
94172                         10                            661.6572831606168             156.6021217780014             515                           5315                          1.387169139410555             
94347                         10                            661.6572831606164             155.26540381204572            508                           5248                          1.366651500767202             
94701                         10                            661.6572831606165             155.829112572245              520                           5240                          1.3486941619713435            
95149                         10                            541.2327129160536             125.56952948969193            412                           4316                          1.369151327522055             
95531                         10                            19.23786266388202             3.6176265584871174            11                            138                           1.089178509618118             
95874                         10                            58.87167091168998             14.614884364665485            47                            506                           0.029784867084861312          
96023                         10                            201.49506837683015            52.1005612747708              176                           1757                          0.12547308228323972           
96086                         10                            473.29495073832067            105.975507756459              356                           3876                          0.4610037980272981            
96556                         10                            661.6572831606165             154.08081374100553            509                           5316                          0.9348647759542922            
96694                         10                            374.759747338594              86.24407116502022             290                           2927                          1.3468962253339805            
97101                         10                            414.49944124276055            105.625821911867              346                           3220                          0.7622747806033439            
97316                         10                            661.6572831606165             150.9162346504339             497                           5311                          0.9214459251492826            
97868                         10                            661.6572831606164             153.43162957546483            502                           5308                          1.3176030299820432            
97882                         10                            661.6572831606167             161.21997681444319            535                           5373                          1.3338526702303932            
98063                         10                            68.27134209453831             15.26441742459975             50                            537                           1.4092194304968948            
98205                         10                            585.295214850388              130.72987101099196            436                           4580                          0.13198508193099018           
99012                         10                            647.5071575315187             156.7222285634878             524                           5073                          1.147413350162641             
99268                         10                            658.3226069415232             165.5320005330518             540                           5250                          1.3831048449507035            
1048                          11                            661.6572831606164             158.70246542935752            523                           5333                          1.4382980105183512            
1138                          11                            459.71737124644164            119.84372034574979            398                           3668                          1.3848838769967786            
2228                          11                            661.6572831606164             162.10301777511154            542                           5184                          1.0484919001402928            
2354                          11                            661.6572831606165             165.30572821874944            552                           5428                          1.4271081946559256            
2992                          11                            328.4253351586823             69.22779405554397             238                           2509                          1.4553433836473704            
3072                          11                            315.87074740652395            68.63157882713823             224                           2529                          0.621743543345551             
3503                          11                            661.6572831606165             154.4680954954369             515                           5240                          0.5951687781179751            
4106                          11                            611.6942047870275             132.85706117826845            445                           4970                          1.3655285185133532            
4580                          11                            661.6572831606168             163.3021324909397             548                           5461                          1.1734521945651717            
5501                          11                            661.6572831606164             157.32478266610968            524                           5267                          1.4449733767677935            
5702                          11                            661.6572831606163             156.21081442769238            517                           5301                          1.3803230101805979            
6064                          11                            32.20538331062489             4.691814172093431             18                            218                           1.3700514819338718            
6075                          11                            314.0198891162804             69.78890590301704             230                           2489                          0.04454495295996497           
6079                          11                            661.6572831606163             162.41165246502865            533                           5286                          0.6091231455749463            
6473                          11                            129.29322024693084            27.688217410238124            89                            970                           1.4150198917629933            
7400                          11                            661.6572831606167             153.58750044051394            506                           5384                          0.24126712482398008           
7824                          11                            661.6572831606167             151.44588439835096            510                           5328                          1.3407415309019068            
7985                          11                            661.6572831606165             160.12520335829498            528                           5254                          1.3408674389660593            
8319                          11                            317.6665577062755             77.4977509768246              259                           2445                          1.3975093375743066            
8343                          11                            661.6572831606159             139.45189210740907            468                           5192                          0.6804284487672649            
8633                          11                            661.6572831606163             148.8353987710658             494                           5133                          1.2314374872322387            
9049                          11                            661.6572831606165             157.51644099018492            517                           5297                          1.3037889309249637            
9851                          11                            179.74172998036772            46.58545218422797             156                           1331                          1.368924373906418             
9996                          11                            661.657283160617              169.04251046008739            558                           5221                          0.40980181862678894           
10083                         11                            661.6572831606168             162.85791241555202            540                           5260                          1.4844934833959007            
10239                         11                            661.6572831606164             144.90287097481055            478                           5174                          1.4285467949139483            
10464                         11                            661.6572831606167             158.7236783243541             528                           5205                          1.264211713858184             
11735                         11                            661.6572831606162             146.33586661529742            488                           5108                          1.3977967452950797            
12216                         11                            661.6572831606165             147.65434728270256            493                           5069                          1.2896821092975705            
12341                         11                            467.27173976118803            116.48584456192069            382                           3720                          1.2990541809314244            
12472                         11                            501.47895641868126            145.31797110790978            487                           4113                          1.010083622174089             
12819                         11                            547.8991106073191             140.08356210578503            455                           4330                          1.281124490730659             
13106                         11                            661.6572831606169             146.83080339028692            487                           5324                          1.2146608331111421            
13530                         11                            661.6572831606164             155.2593620995217             516                           5266                          1.289097118975684             
13813                         11                            648.0348881247905             154.94673175471146            520                           4970                          1.3616937672645846            
14194                         11                            566.0832389857027             125.8077850436932             421                           4534                          1.3671353149126504            
14550                         11                            661.6572831606163             146.11798404992112            486                           5233                          1.105078561465985             
14756                         11                            661.6572831606164             174.6282953881794             582                           5263                          1.2818215984498065            
15204                         11                            661.6572831606162             200.9350057763171             667                           5251                          1.5359490556937612            
15633                         11                            568.649177139208              129.284094995787              436                           4551                          1.7631395654037574            
16499                         11                            427.4792252473393             96.99125330099463             321                           3390                          1.1420864663438306            
17136                         11                            325.4469426878201             80.98312887416913             275                           2614                          0.8473897846735621            
17661                         11                            661.6572831606165             155.94828163869022            516                           5183                          0.7194987506820886            
18507                         11                            582.8429253939562             139.59981370013094            461                           4575                          1.3660679776677225            
18527                         11                            122.12638551722937            31.694164001524342            106                           949                           1.2227483638566037            
18916                         11                            661.6572831606168             153.2207637994659             510                           5128                          0.2775075027437584            
19070                         11                            661.6572831606167             151.92250687856466            505                           5246                          1.3451145774975664            
19553                         11                            661.6572831606162             142.44566776769045            473                           5266                          1.3380874891436807            
21011                         11                            661.6572831606163             147.9296672286067             494                           5143                          1.2503373903396846            
21948                         11                            452.8065981502671             96.9997619764578              312                           3466                          1.3011852367898311            
22015                         11                            28.59943710000445             8.38538945767947              26                            198                           0.8356142011346261            
22153                         11                            141.95294994326488            27.605283853262694            89                            1086                          0.07182833832003026           
22298                         11                            130.42302235447855            34.33760460443293             116                           1087                          0.23769378070699054           
22337                         11                            661.6572831606162             151.01707662733585            497                           5254                          0.3024662807017047            
22338                         11                            56.46123619328723             9.682420433306774             35                            435                           1.3181877910309743            
22436                         11                            71.10512134274273             18.489969026342656            60                            548                           0.08894663271289947           
22527                         11                            522.9935398153532             137.13597517557716            456                           4244                          0.1601758846906351            
23032                         11                            661.6572831606167             156.9193938681188             522                           5217                          1.2076220809020377            
23365                         11                            37.42700310196112             10.474986324594752            32                            301                           1.3771431437299086            
23532                         11                            661.6572831606168             156.8157620404912             519                           5358                          0.08711049050158927           
23763                         11                            661.6572831606165             156.54604604232162            522                           5064                          1.3724164854542567            
24136                         11                            661.6572831606164             150.21323286435776            502                           5296                          1.3713543898354108            
24838                         11                            661.6572831606167             155.2109491067727             511                           5191                          1.3227768797865853            
25287                         11                            299.3197199118585             69.06175716748761             226                           2390                          1.3558924417641358            
25853                         11                            86.63093894598991             26.379384149440178            87                            672                           0.5993301010711731            
25916                         11                            661.6572831606165             152.6455842372789             502                           5334                          0.2294033413418869            
26405                         11                            661.6572831606167             156.9046332354164             516                           4960                          1.3292498854570778            
26645                         11                            661.6572831606165             161.3411487850215             539                           5188                          1.3679036881304047            
27004                         11                            661.6572831606165             164.85182270371243            547                           5186                          1.4168697709713014            
27877                         11                            41.058399546782915            8.388668813252153             26                            286                           1.4486749903524891            
27969                         11                            661.657283160617              149.5171139600793             499                           5344                          0.07042514521776909           
29293                         11                            594.8321371367115             133.30170086407875            435                           4613                          1.3110380690624068            
29348                         11                            661.6572831606161             163.69074196764115            542                           5199                          1.1578651356600185            
29606                         11                            661.6572831606168             165.9575870281818             542                           5299                          1.4325655524890757            
29988                         11                            590.8893442135031             141.97747675767548            469                           4683                          1.438750820970851             
30572                         11                            661.6572831606165             151.45435245704533            498                           5272                          1.242267945650525             
30635                         11                            59.03643071556253             12.471013294676585            40                            475                           1.3165466293592676            
30713                         11                            661.6572831606165             160.5187705061537             530                           5325                          0.10590055844490201           
31097                         11                            661.6572831606165             164.7759658921782             544                           5265                          1.4029957047120702            
31452                         11                            73.03900000000003             19.358015840187097            60                            579                           1.4400040335863973            
32247                         11                            451.8375205602868             103.76655756371333            345                           3707                          0.16272170830039162           
33290                         11                            661.6572831606165             144.87667254343364            483                           5145                          0.9097554003092484            
33826                         11                            661.6572831606163             157.28230301744424            523                           5201                          1.2762235568967206            
33997                         11                            190.55164781215564            63.09676980228808             206                           1465                          1.3798783867579356            
34096                         11                            661.6572831606167             206.2926166850716             681                           5327                          0.5480412021813579            
34272                         11                            33.08622977858767             10.431745961060296            34                            231                           1.8083562566835423            
34284                         11                            661.6572831606165             153.90797076190478            510                           5195                          0.09005320813733901           
34524                         11                            661.6572831606163             151.3709692045215             505                           5349                          1.3490866846910354            
34925                         11                            605.8416039398903             175.87708702919502            583                           4757                          1.3330832974938633            
34931                         11                            32.205813388525506            6.682799405697445             21                            237                           1.5431719821723493            
35320                         11                            661.6572831606169             153.07810358276961            517                           5239                          0.05643461673655115           
35696                         11                            502.0166426264436             120.42341672362987            397                           3891                          1.3531122296446547            
35763                         11                            661.6572831606164             152.69880452096996            506                           5214                          1.0496909659575244            
35808                         11                            661.6572831606162             145.24418953473548            472                           5274                          1.3381751483812017            
36247                         11                            661.6572831606164             148.0043386241835             500                           5254                          1.2581013978711975            
36268                         11                            342.5071420119235             73.77676016361625             242                           2626                          1.3125517622249432            
36672                         11                            546.1704278017863             140.6300748539826             467                           4377                          0.6430020656963049            
36674                         11                            176.9902469208995             39.02218042491977             130                           1384                          1.2355961772381168            
36703                         11                            661.6572831606167             141.85195189088248            463                           5127                          0.3431914444733117            
36777                         11                            439.3370001922715             111.18541080507366            367                           3511                          1.2327471608681164            
37121                         11                            661.6572831606165             156.35985437054939            524                           5242                          0.9709027073944422            
37126                         11                            661.6572831606163             160.5192440810152             530                           5283                          1.3730386641523986            
37344                         11                            536.392397724911              122.80303289671093            405                           4121                          1.4054685134036693            
37805                         11                            661.6572831606168             150.97403856124242            499                           5308                          1.0751598323224882            
37906                         11                            661.6572831606164             198.79911940457373            651                           5274                          1.3200542910741349            
38248                         11                            283.27827911957775            62.51578887378739             205                           2291                          1.7339878067391967            
38489                         11                            661.6572831606164             172.18277147836736            567                           5343                          0.5458573248920895            
38506                         11                            661.6572831606165             159.9963928594381             532                           5210                          1.5027329219108363            
38736                         11                            661.6572831606165             154.7052799554108             509                           5147                          1.4072083046767294            
38952                         11                            150.2100097696129             42.1792005063352              144                           1080                          1.3512347660070385            
39361                         11                            382.05138608613964            90.74755995467893             300                           2921                          0.3764540223040618            
39458                         11                            276.95702604275414            66.2288264783745              212                           2184                          0.7936860814371884            
39835                         11                            661.6572831606165             154.38680877778722            510                           5211                          0.570009456064085             
40330                         11                            661.6572831606164             156.58025103573198            518                           5185                          1.347744030097155             
41001                         11                            661.6572831606165             148.96242212681156            496                           5211                          1.3734211081322698            
41428                         11                            661.6572831606165             158.74479185400938            522                           5156                          1.3087053479879367            
42632                         11                            661.6572831606167             165.11224491571207            548                           5142                          1.3827238794890577            
42892                         11                            636.6239078618278             159.80768888040274            533                           5130                          1.449621436566078             
43127                         11                            61.69552323506666             12.911725876786809            44                            488                           1.4074825458406437            
44128                         11                            661.6572831606165             146.58092810258358            489                           5124                          0.11470859289799651           
44292                         11                            661.6572831606167             149.5046063155578             506                           5207                          1.290478825402571             
44718                         11                            661.6572831606164             163.04028361373062            543                           5166                          1.3316312210132426            
44844                         11                            661.6572831606164             165.1528997170866             551                           5361                          1.4338871797100867            
44965                         11                            661.6572831606168             145.98001102809386            480                           5192                          1.457045244713794             
45051                         11                            437.03485069905446            105.20816378139291            347                           3518                          1.2714887743326826            
45086                         11                            543.698327699788              127.53626916736553            422                           4317                          0.917250452594434             
45903                         11                            661.6572831606164             154.6073883071909             521                           5174                          1.1146666208250868            
46266                         11                            90.67723938007187             18.096633603103847            62                            681                           1.368766240488572             
46427                         11                            587.7974766603462             138.93000063471754            460                           4737                          0.16179417564695117           
47028                         11                            661.6572831606168             169.84671946127452            570                           5173                          1.222048241160354             
47859                         11                            421.18687776106276            97.12619017934625             321                           3413                          1.4964976609987661            
48313                         11                            661.657283160616              142.09626486066475            472                           5322                          0.848005809303884             
48547                         11                            615.0734051951965             148.52950590341118            493                           4989                          1.2483459843928615            
49446                         11                            563.5798348443847             199.1784464915852             659                           4490                          1.2997452772050297            
49481                         11                            661.6572831606165             156.84445865335155            527                           5223                          1.740835426852259             
50368                         11                            480.643534159467              144.0340394084554             479                           3779                          1.3878011789903848            
50665                         11                            661.6572831606164             157.44470035756692            514                           5206                          1.2657486524503043            
51452                         11                            661.6572831606163             154.14592405119               515                           5165                          1.3696881577742033            
51859                         11                            233.31091525175142            51.21391226338763             172                           1842                          1.3590199481562713            
51957                         11                            42.07069951688604             9.746081419231997             32                            344                           0.45305460595979885           
51963                         11                            661.6572831606164             152.43377373185592            500                           5053                          0.08453142076521147           
52362                         11                            661.6572831606162             161.09541852554364            537                           5340                          1.3258025701887746            
52427                         11                            36.391745785380635            7.474778982660187             27                            231                           1.4143686117705818            
52596                         11                            661.6572831606165             152.63740806385954            502                           5362                          0.06864775470295736           
52665                         11                            661.6572831606163             160.68622062218546            527                           5367                          1.3285148411587269            
52716                         11                            616.3983308387756             150.3179826987334             490                           4810                          1.4000801927885034            
53448                         11                            661.6572831606165             154.34651585063776            513                           5337                          1.3099841485341408            
54129                         11                            81.54273731044835             19.459923771904716            65                            670                           1.357377704517238             
54242                         11                            196.72235302482702            39.870624647162245            132                           1425                          0.17019517915163535           
54328                         11                            32.20549431987406             8.247644833087458             28                            233                           0.34961207576916353           
54656                         11                            661.6572831606165             152.38457812595797            509                           5195                          0.07317557512112587           
55134                         11                            661.6572831606172             171.01786705254864            569                           5254                          1.3439803982517051            
55204                         11                            191.56107790258986            46.392905483660606            150                           1510                          1.5055054134860777            
55296                         11                            661.6572831606168             175.70476620939536            578                           5351                          0.4021224587203201            
56668                         11                            370.6084857148462             82.38810932214805             278                           2855                          1.5341631569523537            
57455                         11                            661.6572831606165             162.34856242586767            533                           5287                          0.7284310550779662            
58625                         11                            661.6572831606165             148.49362245772323            495                           5248                          1.4113429385759064            
59181                         11                            93.64911278212483             20.204748644020555            69                            744                           1.309410528067625             
59866                         11                            661.6572831606164             161.20190972420272            528                           5364                          0.1804070934359028            
59913                         11                            661.6572831606163             144.17986636406056            463                           5053                          1.4068686993261408            
60042                         11                            307.7439980497218             74.42383943967708             246                           2430                          1.2456341709863228            
62681                         11                            309.045156863359              69.37915724406139             224                           2373                          0.6475401848239933            
63278                         11                            661.6572831606165             153.11195075114264            508                           5046                          0.5979786734801597            
63396                         11                            661.6572831606167             151.7780857697107             505                           5310                          1.3428218892664197            
63977                         11                            661.6572831606165             156.78157439516747            519                           5377                          1.3374697024868616            
64135                         11                            267.4875117475336             56.66495651799987             183                           2079                          1.3739453125016308            
64747                         11                            26.83654615692213             4.758295279067519             18                            194                           0.4905319089517072            
65039                         11                            316.5466167825782             66.27745685632321             215                           2357                          0.04517612331271466           
65132                         11                            661.6572831606167             148.12679401685241            498                           5285                          0.5720921281439263            
65780                         11                            273.5323192071272             62.079659663465286            202                           2132                          1.3105723233542905            
65948                         11                            434.37874211716115            94.60055327451244             314                           3418                          0.5381915231130595            
67119                         11                            661.6572831606165             157.2811781900458             528                           5245                          0.8290925349365221            
67225                         11                            211.64624439755664            47.60102531973808             158                           1677                          1.3911355177564797            
67763                         11                            328.69572646110333            85.08572140756104             275                           2696                          0.41830662629220405           
67862                         11                            488.0890377764067             106.7814970013451             350                           3942                          0.7372752376288527            
67993                         11                            43.51538174012048             10.502436114466956            37                            344                           0.9261211327579978            
68086                         11                            274.694109600448              69.89725991751729             235                           2150                          0.09495695411810057           
68294                         11                            438.62673972189464            109.94952289461806            370                           3533                          0.6159610774514819            
68424                         11                            661.6572831606167             157.24906742797               514                           5259                          0.9692078611447753            
68467                         11                            661.6572831606167             163.99347755838275            546                           5251                          1.3664228412498347            
69714                         11                            600.0444061914719             148.25842672063706            496                           4951                          1.442194140184505             
70911                         11                            661.6572831606168             152.5529064616122             506                           5211                          1.308814167301366             
71263                         11                            661.6572831606165             180.47720290075662            597                           5340                          1.3375842292090603            
72025                         11                            661.6572831606165             178.6395800137382             585                           5054                          1.5746374104738363            
72860                         11                            177.70760437127572            49.469485109008325            159                           1392                          1.5573783613202465            
73495                         11                            661.6572831606164             148.43833399761255            490                           5333                          0.42661868747081977           
73699                         11                            591.8734315179651             137.1624657062217             452                           4658                          1.296707078358196             
73963                         11                            661.6572831606169             163.77723761428277            547                           5400                          1.1980361153025236            
74054                         11                            338.8197981460199             80.59696141559483             266                           2749                          1.4413087104080233            
74233                         11                            661.6572831606167             144.5910559262772             476                           5224                          0.7003366785805061            
74397                         11                            661.6572831606164             166.12488997129267            543                           5459                          1.2670048176481776            
74583                         11                            36.39181999367472             6.231253260048234             21                            284                           1.4405419427716977            
74732                         11                            661.6572831606167             155.68699226443022            511                           5101                          0.05440714318428759           
75256                         11                            7.218127380210103             1.17428931804588              4                             60                            1.356618634787547             
75336                         11                            77.71880011019414             16.91390587030516             58                            605                           0.01027204084548751           
75572                         11                            21.091570310403622            4.417835697020911             13                            161                           0.15217301994571927           
75589                         11                            48.601102150813254            10.064968375929219            34                            398                           0.03586710754980492           
75844                         11                            661.6572831606167             157.22214099866517            520                           5190                          0.08988153812568292           
77035                         11                            418.5632158604849             98.84394770803975             330                           3317                          1.381055360537668             
77365                         11                            661.6572831606168             155.52762771739705            516                           5328                          0.868586315059786             
77945                         11                            482.9669521202859             119.67455779575855            393                           3905                          1.367851216130342             
78401                         11                            505.76984812064876            139.46628117109512            465                           4149                          1.0420117446558579            
78857                         11                            215.06235426024494            49.55137909053441             165                           1690                          1.2259292088386005            
79196                         11                            544.0693663100419             114.78093158897511            378                           4368                          0.434361290561022             
79516                         11                            32.20569215050946             6.966909917816232             22                            213                           1.006673383314332             
79579                         11                            556.0186040125916             130.35413995764452            434                           4534                          0.05925166171992309           
79709                         11                            661.6572831606168             154.29159529318974            504                           5250                          1.143719471518231             
79808                         11                            661.6572831606168             148.267743779089              488                           5191                          1.3396895597437402            
80566                         11                            661.6572831606167             160.40176942997238            528                           5183                          1.2986539267400965            
81893                         11                            375.17105208159796            82.66357493854682             271                           2848                          1.40149746832713              
82083                         11                            565.9713999099991             131.00843302911457            439                           4468                          0.7179670006847719            
82118                         11                            380.7347931036571             95.98226767196584             320                           3060                          1.153328471193626             
82265                         11                            537.2624172280673             129.08641133530674            429                           4285                          0.8453388865183225            
82641                         11                            371.29691179496336            99.27656734566403             328                           2904                          1.1344723653379258            
83110                         11                            571.2083074596017             128.56101921953896            422                           4666                          0.8711489748362841            
83965                         11                            7.915641751951918             0.564132625764993             2                             45                            1.116051544651902             
84003                         11                            661.6572831606162             142.57961008518132            474                           5255                          0.005210764528837605          
84251                         11                            661.6572831606165             158.31542403030923            521                           5136                          1.2516693509076888            
84377                         11                            661.6572831606164             146.56637549559258            486                           5230                          1.3796771622023618            
84804                         11                            58.66723332541676             16.98908840073836             57                            406                           1.284294624151283             
85500                         11                            188.24327554604406            42.31885710555487             143                           1455                          0.14938285724665032           
85514                         11                            661.6572831606165             145.98167537653728            481                           5021                          0.37462897368090453           
85562                         11                            113.7428938755807             26.17370626167407             87                            870                           1.2759705094712368            
86051                         11                            661.6572831606164             158.9123648541236             529                           5340                          0.2290136502985082            
86551                         11                            32.20584015345374             10.051774091275087            33                            247                           1.3942028492440346            
87116                         11                            661.657283160616              151.35924221128587            501                           5388                          0.08696868378975227           
87205                         11                            661.6572831606163             152.80216103656522            509                           5250                          1.3285523321344452            
87839                         11                            518.2495608144659             106.3208561984266             361                           3996                          1.3427102792566266            
88019                         11                            32.86800861405914             7.168283263782911             25                            274                           0.9449299359370016            
89645                         11                            661.6572831606163             156.12391224797597            511                           5366                          0.06575705335650489           
89911                         11                            661.6572831606164             157.49419743198433            527                           5236                          1.3575173749620988            
89920                         11                            661.6572831606165             168.7273122198244             556                           5300                          1.3863804671105942            
90425                         11                            661.6572831606164             151.81180728927393            504                           5163                          1.471651019690169             
90519                         11                            342.1368730835689             88.3331574094518              291                           2711                          1.3330669293995385            
90866                         11                            305.8071140297638             65.27505464948055             214                           2484                          0.771994946590475             
90876                         11                            661.6572831606163             164.1801151865647             536                           5427                          0.5688968983263121            
91061                         11                            93.20812813045109             20.506112742621745            65                            750                           1.428424309012701             
91195                         11                            73.03900000000002             17.735990949926773            60                            541                           0.17497972446202115           
93081                         11                            228.32926873776125            55.89632706699635             187                           1858                          0.15650223141338027           
93922                         11                            509.19335107522716            123.36972575209911            408                           3922                          0.49176016533506267           
94766                         11                            589.0183786773165             153.5756034368394             508                           4603                          1.0780930944588443            
94904                         11                            661.6572831606165             148.18404838764818            492                           5028                          1.3409404174141446            
96221                         11                            661.6572831606163             169.22812147343464            564                           5358                          1.2956638170115031            
96310                         11                            661.6572831606168             163.3471903386807             536                           5401                          1.484328311832447             
97568                         11                            661.6572831606162             148.536208219414              490                           5295                          1.425513834205967             
97574                         11                            336.0892332590488             83.47290806996688             276                           2745                          1.3004852400574856            
98691                         11                            661.6572831606167             154.53885684441897            521                           5384                          0.7287280692683372            
98876                         11                            661.6572831606171             156.88443759288913            525                           5236                          1.36434017084704              
98918                         11                            585.2588754689556             127.36381412432566            414                           4656                          1.381250002843974             
99102                         11                            661.6572831606163             145.85978280422526            486                           5398                          1.1034010289083098            
99475                         11                            577.6954066535535             133.10949529201946            440                           4537                          1.2806713223045338            
99492                         11                            661.6572831606169             162.08792586018524            537                           5484                          1.1665548470114875            
99664                         11                            661.6572831606165             158.68432808678278            533                           5326                          1.416455259501813             
73                            12                            661.6572831606164             164.96443728667643            544                           5131                          1.403918946392781             
791                           12                            661.6572831606167             187.9335744052609             615                           5301                          1.4480612495417553            
1003                          12                            106.22188552750174            26.572435211051133            89                            830                           1.6335669280071041            
2032                          12                            539.6307555239583             137.7812865054246             457                           4214                          0.23346940532085841           
2158                          12                            32.20545774032897             9.037917656677548             31                            243                           1.2140772759836704            
3018                          12                            661.6572831606164             189.13200709191747            627                           5380                          0.08118597790389279           
3532                          12                            661.6572831606163             162.35010894037327            536                           5233                          1.6571561684592075            
4441                          12                            117.93647208478413            31.171850525417724            103                           944                           1.418199697812402             
4900                          12                            661.6572831606167             180.4799444694737             604                           5273                          0.27067227160554436           
5258                          12                            443.7163222150162             112.64087093430396            381                           3501                          1.5879802292583496            
5813                          12                            424.6115731606367             114.51680165738432            374                           3474                          0.9970205393010267            
5881                          12                            32.20585297231079             7.149396288908992             23                            218                           0.994411284127693             
5919                          12                            32.205351431249724            6.097168572847691             20                            197                           0.06133962890457255           
7335                          12                            661.6572831606164             171.9515647221775             567                           5265                          0.05355266127305501           
7524                          12                            661.6572831606165             166.22905026713892            558                           5190                          1.506657147611534             
7738                          12                            661.6572831606167             165.80097000258854            553                           5288                          1.467034235373558             
7967                          12                            661.6572831606164             161.76203563383638            543                           5306                          1.456420893481499             
9573                          12                            661.6572831606164             176.79941032393393            580                           5197                          1.433685026947326             
9947                          12                            661.6572831606165             156.57254897730553            524                           5196                          1.5411216233817282            
10521                         12                            661.6572831606163             173.96545966586837            580                           5312                          1.3830405348873893            
10753                         12                            661.6572831606163             181.40012198927303            607                           5375                          1.5319142533480905            
10810                         12                            301.21200853971396            89.84755284974028             298                           2418                          1.6088359942121546            
11137                         12                            534.3334345957841             152.29050065242137            490                           4071                          0.7888472350593743            
12479                         12                            661.6572831606165             160.67088351816216            532                           5172                          1.3145109588515314            
13341                         12                            31.818847996231916            8.999867643623947             29                            213                           1.4121795144099711            
13452                         12                            661.6572831606163             178.67066439513096            592                           5426                          0.07797221206294358           
13562                         12                            661.6572831606168             158.07286993703008            516                           5123                          1.5651978962339625            
13834                         12                            661.6572831606163             174.30752850070454            570                           5292                          1.374417211818195             
13951                         12                            498.1876113232314             109.58247259032944            368                           3814                          1.5216076270438776            
14166                         12                            661.6572831606165             177.925535384943              593                           5255                          0.9654689167799664            
14334                         12                            661.6572831606164             185.94911723300834            615                           5396                          1.5657697448478325            
14704                         12                            661.6572831606164             175.08866945014276            584                           5173                          1.6310813253149563            
15595                         12                            296.6121243109543             69.98688488871278             234                           2264                          1.5364627478692046            
16414                         12                            661.6572831606169             180.87512959852268            594                           5374                          0.6175942501259688            
16811                         12                            661.6572831606165             166.10783620609055            550                           5290                          1.5747389524901325            
16918                         12                            19.135482640827608            3.464796910893789             11                            138                           1.4550317632492433            
17498                         12                            546.3180287436676             128.6684423648394             426                           4292                          0.030173271038780827          
17685                         12                            661.6572831606167             165.2276571348346             541                           5277                          1.1301129547163997            
17917                         12                            661.6572831606168             161.44253749446344            533                           5174                          1.4378035435760308            
18069                         12                            661.6572831606171             171.91125346482085            575                           5387                          1.413867815717195             
19341                         12                            96.27954548683174             22.315717498673354            71                            798                           1.514513799138874             
19422                         12                            661.6572831606167             174.10965498382114            577                           5278                          0.19245213896043759           
19436                         12                            63.62945078219306             18.30353234214936             59                            434                           1.5287417806761567            
19572                         12                            661.6572831606165             159.7516628543434             521                           5054                          0.15747850135787575           
19616                         12                            32.20576529157466             7.034989500730518             23                            228                           1.3907575825510379            
19870                         12                            661.6572831606164             182.58175420189028            613                           5321                          0.06195456145748478           
20346                         12                            661.6572831606165             166.55254978026733            560                           5227                          1.6120624982219847            
20581                         12                            378.9992523163886             98.9938396154001              331                           3107                          1.4681613681417691            
20639                         12                            661.6572831606165             172.6377257514806             571                           5337                          0.8738195372099747            
20708                         12                            536.8037880833241             150.0021207995266             488                           4097                          1.5099128182997223            
20990                         12                            661.6572831606168             183.60970525097378            611                           5403                          1.2992682993169147            
21060                         12                            34.35070789136541             12.184557032262227            39                            273                           1.6189462976193032            
21823                         12                            661.6572831606164             169.96570206311338            560                           5191                          0.1052877703922619            
21921                         12                            661.6572831606165             187.21653403169546            621                           5348                          1.4886875611313646            
22184                         12                            508.26987378469886            140.61334658698792            464                           3955                          1.643915329902673             
22424                         12                            661.6572831606165             158.3110001421772             526                           5195                          1.2313567777501868            
23322                         12                            661.6572831606168             169.2854633076467             567                           5146                          1.3882805120660628            
23334                         12                            241.24533850267284            60.183624028972226            194                           1813                          1.4928567818073675            
23350                         12                            661.6572831606165             158.43187204312602            527                           5176                          0.518172025764547             
23351                         12                            541.2775736039671             137.33728908509443            455                           4263                          1.3878721348931142            
23969                         12                            661.6572831606165             170.68113040832912            558                           5285                          1.2068194050942465            
24141                         12                            661.6572831606165             165.46450613843487            559                           5177                          1.4839931429980866            
24228                         12                            661.6572831606164             187.14787695545064            625                           5373                          1.4650775100014644            
25112                         12                            446.641894837869              117.66767765753583            388                           3493                          1.642473408877129             
25628                         12                            661.6572831606163             171.24213279893925            568                           5236                          1.0296717370513946            
25867                         12                            661.6572831606165             162.45896467463263            549                           5328                          1.5070583112433948            
25940                         12                            223.6111108861808             61.636434392959956            201                           1737                          1.4351710565108198            
25961                         12                            661.6572831606164             175.47988596735397            586                           5312                          0.5357099343742937            
26115                         12                            661.6572831606164             177.13782079610732            598                           5435                          1.5412324010030898            
26124                         12                            661.6572831606167             170.17271651425386            565                           5280                          1.5662412233456464            
26827                         12                            661.6572831606164             176.4448997647773             583                           5113                          1.4939096619133672            
27365                         12                            661.6572831606168             179.99607621457997            596                           5221                          1.5467463879536452            
28533                         12                            661.6572831606164             169.17454023445387            567                           5288                          1.581550371624886             
28836                         12                            661.6572831606164             178.70723261592278            588                           5245                          1.4884633283931676            
28910                         12                            23.975511911119018            4.254333315551516             15                            186                           1.5573920939362296            
28918                         12                            348.4650715844369             80.54878433394843             273                           2707                          0.03838457747110467           
29180                         12                            661.6572831606165             171.8768121059372             572                           5132                          0.7136290680654638            
29359                         12                            70.95001652085772             18.734700306477222            61                            546                           1.5090830105397814            
29840                         12                            557.6485395037988             152.28466613581244            502                           4576                          0.1637192836665745            
30372                         12                            462.19784671690394            129.73350343865593            425                           3702                          1.3310978934725881            
31350                         12                            661.6572831606167             181.6045425368749             581                           5032                          1.1272841405552119            
31479                         12                            194.37756335743597            49.71868470425225             164                           1499                          1.5630748637156335            
32026                         12                            71.83863461782269             20.33677126586129             68                            578                           0.4343511146625407            
32854                         12                            661.6572831606164             170.4652520461815             566                           5344                          0.17817290608573963           
33123                         12                            648.7362865605214             179.7548336156234             586                           5229                          1.4919589107503364            
33296                         12                            661.6572831606161             169.1756809227094             556                           5362                          1.560096136372818             
33553                         12                            577.1135682047026             153.54747685347482            507                           4658                          1.4741736761693531            
34328                         12                            187.03021733484263            44.807501473325644            150                           1504                          1.3484497924953263            
34680                         12                            363.2367166864217             92.89454418918278             311                           2836                          0.39350145619633436           
34752                         12                            203.6265798953641             49.58585555366361             160                           1402                          0.8212665439527145            
35534                         12                            410.0626142142886             111.47726753130894            372                           3288                          0.42678703604735935           
35748                         12                            227.47896511598373            55.04979915938794             178                           1807                          0.9834458680720829            
35856                         12                            566.7152752293895             147.80045402647468            491                           4493                          0.47503699755151585           
35962                         12                            470.9018309189492             122.62540364642365            409                           3866                          1.2998673350031236            
36066                         12                            661.6572831606167             170.69122638013872            571                           5253                          1.0818208204425679            
36213                         12                            137.93536995262343            35.69723516591733             116                           1052                          1.5057284666558157            
36364                         12                            661.6572831606163             171.5512274457264             567                           5180                          0.30854195789470823           
36496                         12                            110.2561323464086             26.153751817789203            88                            851                           1.5020745544022538            
36997                         12                            661.6572831606165             182.62132028281545            608                           5219                          0.232068067601594             
37165                         12                            183.25895860567482            48.1697170045962              157                           1406                          1.6049068783376057            
37434                         12                            661.6572831606163             178.90905439435443            595                           5368                          0.41859922284578827           
37582                         12                            600.0218128982808             157.60787813292663            519                           4747                          1.5697655204023477            
37594                         12                            145.26808922411274            37.00490480648533             123                           1166                          1.3795120413794937            
37598                         12                            36.39210202855902             9.189112188661507             30                            222                           0.3246106248789004            
37663                         12                            584.9734833100389             146.42621671820768            481                           4579                          0.07925837100171126           
38153                         12                            661.6572831606167             166.41245614614144            542                           5197                          1.2787684891119482            
38454                         12                            661.6572831606167             168.6582093918418             557                           5264                          1.4452153622916004            
38603                         12                            661.6572831606167             180.83912198742425            600                           5122                          1.4822434893753593            
39274                         12                            409.6857785734718             99.52211769806901             327                           3384                          1.5850412521831418            
39324                         12                            661.6572831606167             151.92652532784223            492                           5171                          0.8682429754343695            
39984                         12                            661.6572831606164             182.85261474013478            607                           5325                          1.3151568766992145            
40141                         12                            12.240447833614885            3.105165544890005             10                            93                            1.6026073691194294            
40265                         12                            32.20547331568005             9.11182969642161              29                            226                           0.02659455626336223           
40295                         12                            661.6572831606164             163.29805932495526            549                           5167                          0.07815224024057431           
41004                         12                            31.81882009517819             5.435121409867511             18                            226                           1.4416324457806877            
41088                         12                            661.6572831606165             183.91392677318834            603                           5231                          0.0471446341739145            
41313                         12                            661.6572831606165             172.88968776740325            578                           5406                          1.602987132955776             
41948                         12                            661.6572831606165             177.42934088480405            581                           5298                          1.5292532494077802            
42084                         12                            458.62806585025714            121.78688539115805            406                           3635                          1.5448195086466465            
42670                         12                            661.6572831606162             172.8257960199266             569                           5252                          1.0697310742095478            
43724                         12                            225.24032613115244            54.952922588354355            182                           1732                          1.5070135280619992            
43847                         12                            622.4208179796886             154.91864574925134            515                           4664                          0.4807947774900422            
44300                         12                            661.6572831606164             186.95892748190042            613                           5327                          1.3636266561555495            
44517                         12                            223.47238133892856            52.550639474798               173                           1723                          1.6337742090167717            
44637                         12                            661.6572831606168             169.1891194972443             559                           5150                          0.45841787853884997           
44726                         12                            36.39183674743828             8.491923783895826             29                            276                           1.480866344601829             
45215                         12                            661.6572831606164             170.3416728475606             572                           5215                          0.0768304100131989            
45305                         12                            169.5123560965749             34.93229639473111             114                           1194                          1.503368845956481             
45551                         12                            476.865368379818              121.44316839989563            403                           3954                          0.30197127162774406           
45816                         12                            661.6572831606168             171.50932209724792            565                           5259                          1.0626480434951788            
46217                         12                            20.963583730238653            7.602829147960812             25                            186                           1.4970306696172062            
46324                         12                            661.6572831606167             180.37182968343438            605                           5338                          0.06704770903897164           
46729                         12                            173.91791633405364            39.00276754382949             127                           1206                          1.5997631427495667            
47167                         12                            569.8136758436999             151.73398914287193            512                           4500                          0.3364532273006271            
48042                         12                            661.6572831606165             167.29336348672362            556                           5333                          1.3454147657255733            
48064                         12                            661.6572831606165             160.61766956953               534                           5132                          1.4689629271995646            
48152                         12                            661.6572831606168             179.17366311556245            599                           5334                          1.4098702536324539            
48283                         12                            445.90883138243885            116.87702513378778            385                           3604                          1.579948982854104             
48485                         12                            522.6395830961478             143.05984130714882            471                           4079                          1.0214811796658432            
48660                         12                            76.54008876258112             20.115324610857783            68                            620                           1.254700598256901             
48955                         12                            661.6572831606165             169.65974933305404            571                           5342                          0.177881938467642             
49247                         12                            661.6572831606164             165.9852080986422             555                           5308                          1.4978120144523448            
49524                         12                            661.6572831606168             183.07401033609318            602                           5207                          1.4620604781882462            
49546                         12                            661.6572831606163             189.13403543492092            629                           5330                          1.5969557897484654            
49644                         12                            661.6572831606165             183.32028242382876            612                           5388                          1.6620571816456455            
49930                         12                            501.4188788133578             135.9605951770483             446                           3850                          1.6161178485381935            
51156                         12                            661.6572831606167             156.31822159135507            516                           5208                          1.1842265846914977            
51689                         12                            661.6572831606165             177.27362735195155            589                           5252                          1.3650761493819092            
51836                         12                            661.6572831606164             183.18850024064102            611                           5239                          1.557831085497627             
51954                         12                            661.6572831606165             193.2630469844132             638                           5418                          1.611616108481812             
52051                         12                            661.6572831606165             173.91140787059967            579                           5142                          1.694194726511673             
52162                         12                            661.6572831606165             182.01196162732964            594                           5393                          1.5280274582427409            
52423                         12                            389.63975156028994            98.66077806661006             334                           2995                          1.580961580218327             
52541                         12                            661.6572831606167             175.48269517712524            572                           5284                          0.8772777921050834            
52616                         12                            661.6572831606167             186.34766959954186            608                           5243                          1.523787537845225             
53439                         12                            622.9029155709218             162.68955003802293            544                           5019                          1.6213247764327459            
54101                         12                            661.657283160617              162.78811217294225            542                           5255                          1.4392184307140283            
54321                         12                            661.6572831606167             164.16744922566096            538                           5390                          1.4322856991857826            
55011                         12                            587.5182054909882             156.65180507294866            511                           4629                          1.4354080643137535            
55158                         12                            661.6572831606167             177.599387773128              587                           5188                          1.361880739420719             
55920                         12                            661.6572831606165             184.99901246528893            612                           5185                          1.5521032219447388            
56675                         12                            472.2405644798007             139.51972706430544            451                           3810                          1.6236833008516403            
56778                         12                            424.8370429783307             103.3750375855304             352                           3440                          1.2060622852960095            
57176                         12                            661.6572831606168             169.60789396606273            559                           5442                          0.9199457441483672            
57305                         12                            661.6572831606168             177.27781454807698            580                           5324                          1.4841510963953852            
58038                         12                            661.657283160617              174.97703589048226            580                           5295                          1.5444951783668155            
58056                         12                            661.6572831606164             176.169394965956              583                           5256                          1.5344419616470772            
58102                         12                            214.89605867049576            55.11503314257867             182                           1697                          1.5455190621957158            
58679                         12                            661.6572831606164             175.98982135661603            573                           5123                          0.4826447202916518            
59026                         12                            498.8413483769511             127.01411094406865            431                           3933                          1.5277828663763455            
59126                         12                            661.6572831606168             187.54167796413608            614                           5411                          1.128881026580884             
59272                         12                            661.6572831606165             174.34033205875846            590                           5305                          1.6324863042078377            
59781                         12                            661.6572831606162             168.2129006253411             549                           5255                          1.5468051270236334            
60479                         12                            661.6572831606167             182.44104254434643            605                           5477                          1.4613840102436457            
60715                         12                            661.6572831606165             171.70446516234355            576                           5203                          1.6031340642204461            
61096                         12                            407.02244552265097            114.99801147337966            382                           3188                          1.520297267366712             
61490                         12                            579.3834596694096             150.54383656736897            499                           4598                          1.012122594304061             
62053                         12                            661.6572831606165             173.2736569184465             579                           5176                          1.3208463544417497            
62314                         12                            583.0792576495468             163.69215351770004            544                           4571                          1.527092615977565             
62593                         12                            212.38867596021925            48.76704470787766             160                           1617                          1.4360835978546174            
62713                         12                            661.6572831606165             179.37749065994728            582                           5380                          0.4233266748396479            
63024                         12                            656.0540522414553             177.0115376624971             593                           5143                          1.5541021068775933            
64070                         12                            32.1871384147306              8.745280683091512             29                            250                           1.5624334176327725            
64095                         12                            661.6572831606163             168.3518755706463             563                           5111                          0.07686568228170693           
64467                         12                            570.1470235789097             148.02928321783799            490                           4446                          1.484182998629855             
64712                         12                            661.6572831606165             180.31791699016904            592                           5276                          1.2959650629679182            
65773                         12                            448.9014331556508             109.55011471804303            365                           3551                          1.5738190346539715            
66017                         12                            661.6572831606167             169.23466714878353            572                           5251                          0.9642304291753482            
66370                         12                            525.6467726650891             141.99973358998542            469                           4197                          1.5069914592983906            
66881                         12                            661.6572831606165             177.49473729258855            591                           5384                          1.2455517434364567            
67140                         12                            661.6572831606169             159.49989572173476            531                           5016                          1.5619451245650369            
67375                         12                            472.682033956306              118.720690945516              389                           3767                          1.4016077410921035            
69083                         12                            653.4000802606483             190.9361645409539             637                           5382                          1.0327319765590595            
70233                         12                            661.657283160617              163.130405736102              547                           5337                          1.6839378271935685            
70294                         12                            332.6571774053198             84.49419640897223             275                           2458                          1.4390185438535368            
70543                         12                            661.6572831606167             178.2770803045494             589                           5249                          0.731983912125309             
70645                         12                            661.6572831606165             160.9350485843494             543                           5079                          1.5616907999330398            
70765                         12                            661.6572831606165             179.34621668235698            590                           5288                          1.4190624699656853            
70955                         12                            406.0258193644462             98.1978699925635              325                           3173                          1.5618036923626522            
71222                         12                            661.6572831606165             179.88072087117118            597                           5254                          0.8636186023962531            
71233                         12                            500.34060189360616            127.60378660680149            426                           3897                          1.5745155195108327            
71786                         12                            62.092240161905174            14.084276127665916            48                            427                           1.124859159324385             
72088                         12                            495.6298677592483             120.80313623585991            392                           3954                          0.12507470049960168           
72249                         12                            661.6572831606167             173.12719532643106            570                           5355                          1.0461878562287215            
72728                         12                            661.6572831606163             168.24870879189479            569                           5318                          1.5110743205443091            
72911                         12                            165.0002503117023             42.13251709801392             137                           1312                          1.4927492449419033            
73665                         12                            661.6572831606165             180.99711588062056            603                           5324                          0.36499032645781465           
73748                         12                            661.6572831606165             169.22621617849333            567                           5336                          1.5945948858326184            
73858                         12                            32.20560624220256             6.973654179368732             22                            238                           1.4916608828319142            
74451                         12                            106.54590714211135            29.03168579609298             96                            879                           0.05928174320513908           
74779                         12                            661.6572831606164             178.19131333462494            585                           5196                          0.2554898080460536            
75079                         12                            661.6572831606165             184.74677666652204            609                           5256                          1.553571907418492             
75366                         12                            661.6572831606165             178.36050797668497            594                           5153                          1.6196828770910374            
75466                         12                            520.2049870352788             137.56494073920015            456                           4146                          1.5742934106629127            
76548                         12                            152.2436288185853             37.42090576093034             125                           1134                          1.2016452122202188            
76621                         12                            661.6572831606164             171.77911786209333            567                           5192                          0.33022279531673293           
77232                         12                            283.73044748085636            63.13446293558782             209                           2194                          1.4997434668482685            
78654                         12                            655.3206295789113             156.54774242743366            528                           5324                          0.5536333412051637            
78655                         12                            661.6572831606165             185.49878380829637            605                           5253                          1.3847714748249258            
78811                         12                            661.6572831606164             176.8453917077653             586                           5286                          1.6130560520491248            
79005                         12                            124.62648548610136            29.031685822664013            100                           909                           1.547498265294307             
79331                         12                            661.6572831606165             174.0606703759723             577                           5240                          0.26217696854303024           
81265                         12                            597.9086378559493             156.68367018693138            516                           4771                          1.5264036065646323            
82697                         12                            661.6572831606161             178.6521933159708             598                           5299                          1.3716243167259419            
83224                         12                            661.6572831606164             180.73041097067718            592                           5156                          1.5731017136027419            
83326                         12                            661.6572831606163             169.71843980774747            566                           5085                          1.5708292242405657            
83388                         12                            661.6572831606164             174.5576069831821             573                           5283                          1.4907790415960935            
85116                         12                            661.6572831606164             164.6285051885546             548                           5287                          1.5205735276244239            
85973                         12                            661.6572831606163             172.0851050659718             574                           5319                          1.4491590964582182            
86062                         12                            221.5325588521802             56.050451967210705            184                           1689                          1.515989357270338             
86280                         12                            199.71286054808957            48.072720173995485            159                           1543                          0.48798593151569264           
86984                         12                            661.6572831606163             176.95434972969903            586                           5363                          0.4205317362434022            
87325                         12                            661.6572831606167             154.588644682956              502                           5166                          1.5512983206098678            
87792                         12                            661.6572831606164             180.3401653768641             597                           5208                          1.3427508509673418            
87858                         12                            425.5253421910947             117.14553650131502            387                           3388                          1.5824541000970322            
87943                         12                            661.6572831606165             178.96182159846035            582                           5016                          1.0230096135254114            
87969                         12                            661.6572831606168             166.84617679091633            563                           5239                          1.5480311363126251            
88151                         12                            661.6572831606167             173.86438369738514            580                           5112                          1.4841421156321672            
88477                         12                            306.99304236151204            87.67526353010163             293                           2562                          1.535031009207448             
88480                         12                            661.6572831606169             175.6782830760193             583                           5361                          0.7704207077474832            
88655                         12                            537.0253033639056             144.96496375736174            484                           4301                          1.5461760618829068            
88766                         12                            381.6268186113122             102.01898236476745            342                           2972                          1.2798689760648962            
89548                         12                            263.9252397941348             78.79252176749968             261                           2232                          0.9033320768113997            
89849                         12                            538.5950347228385             130.2503480651965             430                           4327                          0.6899213456258884            
89937                         12                            422.55428779947806            108.52227134530749            355                           3423                          1.1416297074693211            
90405                         12                            181.94842581144565            43.84935612386539             149                           1394                          0.9458257782570121            
90473                         12                            661.6572831606164             174.9078596230633             590                           5271                          0.3901364122716867            
91791                         12                            17.911227858146564            1.5114756251523316            5                             108                           1.5477580526515278            
91943                         12                            180.3976911423228             46.94133556608558             152                           1384                          0.013589192476441237          
91956                         12                            661.6572831606165             165.79047538212285            551                           5367                          0.4053136294648903            
92307                         12                            39.36763450571395             10.57207309400636             35                            298                           1.4534199861438826            
92401                         12                            520.7641397860451             140.3159418690996             463                           4147                          0.09279411252669269           
92433                         12                            661.6572831606164             162.36069818619313            541                           5339                          1.2273311053798976            
93144                         12                            661.6572831606165             178.75874010151276            594                           5359                          1.4279464075065478            
93493                         12                            661.6572831606168             175.30341427592703            579                           5348                          1.572628551593685             
94044                         12                            661.6572831606167             170.22923914910308            563                           5368                          1.533727596645333             
94385                         12                            661.6572831606167             179.9741083742995             592                           5280                          1.4958586335647146            
94802                         12                            661.6572831606165             157.18889687262183            521                           5231                          1.5690867008493534            
94917                         12                            661.6572831606165             160.58233343391555            531                           5140                          1.3796374733407393            
95209                         12                            527.0587407074892             134.98420973891356            457                           4227                          1.406572462911437             
95333                         12                            570.3161221245374             139.2136946112648             468                           4481                          1.1995267882338574            
95760                         12                            661.6572831606165             169.63999764828804            567                           5231                          1.2285764130551               
96067                         12                            661.6572831606163             169.9957247589366             568                           5176                          1.4933236149946292            
96291                         12                            661.6572831606168             165.6887085271408             547                           5329                          1.4987514978982728            
97549                         12                            661.6572831606163             180.52806193809633            595                           5188                          1.454684861583523             
97813                         12                            120.95581640413874            30.10945578336156             98                            954                           1.5796748573682629            
98049                         12                            188.55675321061224            50.78152756946986             168                           1470                          0.2619523459937073            
98084                         12                            661.6572831606165             168.74610584279668            567                           5269                          0.448558393262005             
98436                         12                            307.04832425576325            87.59088143286269             293                           2331                          1.4955880056300523            
98438                         12                            661.6572831606162             174.2631728790355             580                           5271                          0.7688723495580121            
98806                         12                            240.19661818597152            61.360467693551776            203                           1879                          1.5331349603003792            
99501                         12                            467.0296536730697             122.62051642950995            408                           3593                          0.538118337933896             
99539                         12                            661.6572831606165             167.64210831523724            558                           5087                          1.0752008627340164            
