### BoGEMMS simulation ### 
# EventID Pos Edep_scint[keV] Nabs_SiPM_PDE Nabs_SiPM N_opt Edep_SiPM[keV]
129                           1                             59.5409119593761              12.453597544889591            41                            414                           0.10824271415998078           
1374                          1                             59.540911959376096            11.522825748342251            38                            461                           0.10015800785199144           
1710                          1                             59.540911959376096            14.548167859786322            47                            488                           0.12534380892430472           
5462                          1                             59.540911959376096            16.53994814290054             52                            476                           0.1401466455742201            
7486                          1                             59.5409119593761              12.94694890661719             43                            378                           0.11332535007525615           
8180                          1                             59.54091195937609             13.526068765881691            45                            422                           0.11734086436631226           
10593                         1                             59.540911959376096            14.102805991901965            45                            479                           0.12128679136045623           
11865                         1                             59.54091195937609             12.097180990464645            38                            434                           0.10297951004486124           
13023                         1                             26.344628422211876            5.401245822353556             18                            205                           0.047307695408579625          
13544                         1                             59.54091195937608             14.362560021824539            50                            415                           0.13016246098281073           
17031                         1                             58.32392091115458             11.076492783397022            39                            432                           0.10187902587750391           
22184                         1                             59.54091195937609             15.899838417502021            51                            462                           0.1361768067290401            
26703                         1                             59.54091195937609             14.76038671717632             47                            434                           0.12615459395955883           
30124                         1                             57.17012816811302             13.075715143153985            44                            427                           0.11499249313923694           
30255                         1                             59.54091195937608             11.687632724868248            36                            470                           0.09844439322051524           
30271                         1                             56.987304945513785            12.652521561784736            43                            455                           0.11422599744201628           
30979                         1                             59.54091195937609             8.814140887191725             29                            399                           0.07734775963776558           
31445                         1                             59.54091195937608             17.415850397435907            54                            507                           0.1490589311130709            
32058                         1                             59.540911959376096            20.634649124459546            68                            449                           0.1799127698562341            
35903                         1                             59.540911959376075            15.223372168922742            52                            457                           0.13539400727066142           
36999                         1                             59.5409119593761              13.206004964315234            44                            407                           0.11642040148547023           
41794                         1                             59.5409119593761              15.868785617750179            51                            460                           0.13882263342074505           
47497                         1                             59.540911959376096            15.166163639002587            54                            452                           0.13919078478131422           
47729                         1                             59.540911959376096            10.259226823720873            33                            452                           0.087380545719693             
47955                         1                             59.54091195937609             13.407197362501252            47                            488                           0.12109005297615608           
48490                         1                             59.540911959376075            14.476143064661635            49                            436                           0.1284801387237231            
48922                         1                             59.5409119593761              15.057984197530422            51                            443                           0.13375289933544426           
49034                         1                             59.54091195937609             11.1569007279013              37                            403                           0.0988351958742332            
50225                         1                             59.54091195937608             13.843273405084265            47                            467                           0.12305633159888847           
51058                         1                             59.54091195937611             16.901866342853914            59                            520                           0.15327418289297187           
51359                         1                             59.540911959376096            11.013253034221487            36                            438                           0.09507097426791472           
55594                         1                             59.54091195937608             13.844588884153824            44                            467                           0.11902289368519552           
55785                         1                             59.54091195937609             14.00162501643212             46                            453                           0.12204702141438484           
57134                         1                             59.5409119593761              15.381086076160047            48                            436                           0.13069102458619372           
57694                         1                             59.540911959376096            13.501529694585304            46                            474                           0.12044189289848634           
58950                         1                             59.540911959376096            12.344383042711534            41                            438                           0.10797282102817787           
61952                         1                             59.5409119593761              12.515995556469795            42                            468                           0.1105407309039833            
63610                         1                             59.540911959376096            9.861669374362291             32                            387                           0.08624970421024336           
64168                         1                             59.5409119593761              11.889071212820333            38                            485                           0.10149520549899518           
67974                         1                             59.540911959376096            12.053666401665883            43                            473                           0.11003730137877286           
69399                         1                             59.5409119593761              15.789485343339498            51                            427                           0.13656134622571206           
74738                         1                             59.5409119593761              16.1510431666775              55                            487                           0.1436597828183413            
80356                         1                             59.54091195937611             16.624930080031625            54                            439                           0.14318778990276082           
80572                         1                             59.5409119593761              14.10592280289519             47                            472                           0.12326767366035271           
80766                         1                             59.54091195937609             15.913704000696102            54                            468                           0.1409462188585318            
81848                         1                             59.5409119593761              14.77875628282783             49                            436                           0.13044541761476017           
82026                         1                             59.54091195937611             10.66298564382059             34                            405                           0.09351431450577308           
83466                         1                             59.54091195937609             14.536962798434162            48                            461                           0.12728402986754905           
85394                         1                             59.54091195937609             18.152150003935215            59                            475                           0.15651745737861428           
89367                         1                             59.5409119593761              12.595270976310909            41                            443                           0.10900690273079736           
90907                         1                             58.39175171291456             12.153076062521276            39                            430                           0.10434180698345388           
90919                         1                             59.540911959376096            12.797479379542063            43                            453                           0.11268510429428136           
91917                         1                             59.54091195937609             11.528940504059982            39                            474                           0.10186302279418934           
93600                         1                             59.54091195937609             14.325304131604398            47                            448                           0.12514566665284996           
95960                         1                             59.5409119593761              15.768399491645171            52                            432                           0.13751342992161844           
99245                         1                             59.54091195937609             12.677381926924971            44                            418                           0.11431724937534214           
99471                         1                             59.54091195937608             13.01702040711372             44                            473                           0.11557972129931661           
99717                         1                             59.54091195937611             15.026228341641065            48                            418                           0.12786909666664914           
772                           2                             59.54091195937609             13.056961871452383            42                            482                           0.11264646063054733           
1695                          2                             59.5409119593761              12.174457317270853            39                            467                           0.10498950123417566           
2904                          2                             59.54091195937608             14.47054220405751             47                            447                           0.1259979472997026            
3349                          2                             59.5409119593761              14.803234902520074            49                            468                           0.1296538697317727            
4109                          2                             59.54091195937609             19.489741255080084            66                            451                           0.17439842447988976           
4707                          2                             59.5409119593761              15.810952634482161            53                            425                           0.1394691818765566            
4918                          2                             59.5409119593761              15.497110832455625            51                            434                           0.13550312016335844           
8358                          2                             59.54091195937609             20.487014911617898            68                            475                           0.18200247484318355           
9530                          2                             59.540911959376096            14.735324543218443            47                            418                           0.12647292518675626           
12837                         2                             59.540911959376096            13.59672964387431             46                            409                           0.11954104953341316           
14770                         2                             59.54091195937612             11.609073876045969            40                            401                           0.1040282148669189            
15951                         2                             59.5409119593761              13.266279742619306            46                            415                           0.11852770282808542           
16656                         2                             59.540911959376096            21.00346916728718             71                            470                           0.18524742524200896           
18121                         2                             59.5409119593761              10.912049846303322            35                            405                           0.09388582936641364           
19202                         2                             59.54091195937609             13.326889406640237            42                            480                           0.11555272785383418           
19998                         2                             59.540911959376096            15.828283039420464            50                            446                           0.13548055949522433           
20710                         2                             59.54091195937609             12.810057449044383            45                            434                           0.11674709242952845           
23177                         2                             59.54091195937609             14.553729878959647            53                            462                           0.1347926582290107            
23439                         2                             59.54091195937608             17.1699128144757              55                            452                           0.14741828856485148           
23901                         2                             59.540911959376096            10.777884745474553            38                            469                           0.09716579899623891           
29294                         2                             59.540911959376075            14.783472153307194            50                            474                           0.13293300735299102           
29891                         2                             59.54091195937609             16.38350934601784             56                            373                           0.14582843786069075           
31296                         2                             59.540911959376096            12.868764883402376            43                            440                           0.11369600131802086           
33612                         2                             59.54091195937609             13.685985255212065            44                            451                           0.11695030319397261           
34595                         2                             59.54091195937609             19.779294583546463            66                            534                           0.17504812795024138           
36596                         2                             59.54091195937609             19.633487834421633            65                            455                           0.17196860120753035           
38728                         2                             59.5409119593761              12.293285810911009            42                            467                           0.10935514333408726           
41494                         2                             59.540911959376075            13.646317297786927            44                            422                           0.11781642421416821           
42813                         2                             46.61422222882161             11.373297928862645            37                            411                           0.09796961755603294           
43135                         2                             59.5409119593761              17.90765593834436             57                            459                           0.15212972820730614           
44305                         2                             59.5409119593761              11.37177583171145             38                            414                           0.09973592489020384           
45501                         2                             59.54091195937609             16.982996674086518            56                            451                           0.14854252435330428           
46395                         2                             59.54091195937611             16.785060446387593            55                            430                           0.14585700614493197           
48007                         2                             59.5409119593761              18.60924033904709             61                            435                           0.16132385040199765           
48427                         2                             59.5409119593761              12.905167892527583            41                            420                           0.11201438830548947           
48872                         2                             46.20402004135584             10.403087202002567            33                            350                           0.08921252309654071           
50752                         2                             59.5409119593761              14.970341953659684            49                            426                           0.12942757614466505           
51011                         2                             59.540911959376096            13.589462761937245            45                            422                           0.11876949702952812           
51530                         2                             59.54091195937609             9.559964813119368             34                            388                           0.0873647003805492            
52969                         2                             59.5409119593761              16.65039519832595             54                            459                           0.1455087376294342            
53036                         2                             59.54091195937608             17.062122606231423            56                            414                           0.14949508016095084           
53485                         2                             59.540911959376096            18.400614200333365            65                            415                           0.16791146338331553           
56115                         2                             58.28275347757877             11.091950550534632            38                            414                           0.09847480662265577           
57085                         2                             59.5409119593761              17.026628349778992            58                            421                           0.15216799996730007           
57755                         2                             44.960686585738834            13.374093399547656            45                            323                           0.1184814316845609            
59510                         2                             59.5409119593761              15.821744465507084            51                            476                           0.13775928034362425           
64138                         2                             59.5409119593761              19.21830403893475             61                            488                           0.1642211335509411            
67761                         2                             59.54091195937608             20.184340621456055            64                            458                           0.17089196257981257           
67986                         2                             59.04042193714183             8.765510799365074             29                            434                           0.07672084155074145           
69443                         2                             59.540911959376075            16.89204768353138             54                            440                           0.14621585329986575           
69672                         2                             59.5409119593761              12.45535974766814             41                            454                           0.1083074193877218            
70411                         2                             59.5409119593761              13.881685161717819            47                            475                           0.12204915511951249           
70510                         2                             59.5409119593761              16.254254527939693            56                            414                           0.14677165611828175           
71818                         2                             59.540911959376096            14.432356112436423            49                            451                           0.12830418431054819           
71987                         2                             59.5409119593761              12.423447327582481            40                            403                           0.10614315830399226           
72535                         2                             59.540911959376096            16.06162649750525             55                            462                           0.1432502607244956            
72921                         2                             59.54091195937609             16.49339574300454             54                            473                           0.14363310557259304           
77823                         2                             59.540911959376096            16.65906856617736             53                            463                           0.14398770421010523           
79740                         2                             59.5409119593761              12.146696484736886            43                            419                           0.10959674138995454           
80250                         2                             59.54091195937609             14.30430093533211             49                            467                           0.12874734078410185           
80449                         2                             59.54091195937611             12.224253248900355            41                            434                           0.10640082833659752           
81094                         2                             57.67265595924156             15.04191786923479             50                            415                           0.13371829950593672           
83802                         2                             59.540911959376096            18.112697810926296            61                            455                           0.15951401674468066           
87519                         2                             59.540911959376096            18.408881194075015            60                            425                           0.16007995268544234           
88530                         2                             59.54091195937609             19.637502954624765            64                            494                           0.16934678499176697           
89222                         2                             59.540911959376096            13.474600002855976            46                            455                           0.11928178710211797           
89365                         2                             59.540911959376096            11.876972454677272            39                            424                           0.10412445803526806           
91666                         2                             59.540911959376096            16.540654935946087            55                            441                           0.14445015965607097           
92997                         2                             59.540911959376096            19.02067516999796             61                            447                           0.16396366237383422           
96309                         2                             59.54091195937609             18.254956927455687            58                            463                           0.15609106636662745           
97342                         2                             59.540911959376125            14.66976113944416             48                            456                           0.1273171445757654            
97519                         2                             59.54091195937608             15.000157405362945            50                            493                           0.1312190956094138            
99841                         2                             59.540911959376096            17.61606408014975             56                            467                           0.1505265102418339            
1181                          3                             59.54091195937609             15.206604909065254            50                            475                           0.13282662162226533           
1318                          3                             59.54091195937609             12.608709452391714            41                            420                           0.10831663769540302           
4194                          3                             59.540911959376096            13.00816773570664             41                            433                           0.11022812196386586           
6262                          3                             59.54091195937609             13.707266815966557            43                            493                           0.11660329261724182           
6622                          3                             59.540911959376096            14.519616790560594            45                            472                           0.12261804743316024           
6916                          3                             59.54091195937609             15.805254946741107            55                            461                           0.1427423038411867            
7103                          3                             59.54091195937611             16.410471661697837            55                            447                           0.14511799554184784           
10603                         3                             59.5409119593761              8.907028629381834             29                            395                           0.0782059284887472            
10793                         3                             59.54091195937611             12.271005369014885            43                            414                           0.11018343956611433           
10981                         3                             59.540911959376096            11.563673724960891            38                            422                           0.1007940856079299            
13372                         3                             59.54091195937609             15.21439706902309             51                            438                           0.13354130878875947           
18984                         3                             59.5409119593761              13.923705004473744            45                            417                           0.1195983168745293            
23391                         3                             59.540911959376096            18.625720224577236            61                            457                           0.16210908512208191           
25998                         3                             59.54091195937609             11.725211599870951            39                            415                           0.10414203233736931           
26716                         3                             59.54091195937608             13.582186272900953            44                            475                           0.11889288996377557           
27271                         3                             59.54091195937609             11.553812329696857            40                            421                           0.10414260836360517           
28162                         3                             59.54091195937608             15.672902781718646            51                            443                           0.13532240976174342           
30762                         3                             59.540911959376096            14.456578588169453            45                            451                           0.1219616645462476            
32082                         3                             59.54091195937609             12.841139239422038            42                            437                           0.11199814262107846           
32192                         3                             59.54091195937612             14.359327777308781            46                            436                           0.12348847022471496           
33880                         3                             59.540911959376096            14.427760961756817            47                            433                           0.1254758206744366            
35145                         3                             59.54091195937609             13.67861814393648             44                            481                           0.11759012038529361           
39071                         3                             59.54091195937611             11.331593619371679            36                            422                           0.0975675942212089            
41139                         3                             59.5409119593761              13.94600996781363             46                            401                           0.1211049300059169            
42615                         3                             59.540911959376096            14.19801544993094             49                            417                           0.1273241672957608            
45004                         3                             59.5409119593761              13.584128817745983            44                            442                           0.11843712124983252           
47410                         3                             58.32616134763651             11.31418550159126             38                            417                           0.09923485875132337           
57152                         3                             59.54091195937609             15.32405821168026             50                            457                           0.13440733192770327           
64044                         3                             59.540911959376096            14.084079669701357            48                            417                           0.12498942377435637           
64058                         3                             59.54091195937611             12.901853398876748            42                            419                           0.11185861729030681           
64089                         3                             59.54091195937609             12.500505496841791            42                            457                           0.11151852244546202           
64106                         3                             59.5409119593761              10.718097386588223            36                            435                           0.09416478641791218           
64631                         3                             58.6884098509636              14.723314600016144            48                            437                           0.1278026811391353            
65372                         3                             59.54091195937609             15.728100707524508            52                            472                           0.13689916469075925           
66249                         3                             59.5409119593761              13.620446530214064            46                            462                           0.11978622157374436           
68945                         3                             59.54091195937609             13.7233043933647              45                            451                           0.11881558481425362           
68973                         3                             59.540911959376075            11.524036955248242            41                            391                           0.10487488521395483           
73340                         3                             59.5409119593761              15.403305388961876            51                            448                           0.13472803784278997           
77160                         3                             59.54091195937608             14.792082379136444            49                            488                           0.12849485556378268           
78269                         3                             59.540911959376096            12.6969294768053              41                            458                           0.11058422864907906           
80349                         3                             59.540911959376096            13.89400805453591             45                            441                           0.12019391211970223           
84079                         3                             59.540911959376096            13.42713193513948             45                            423                           0.11823278490313995           
84217                         3                             59.54091195937609             10.384161256787193            33                            451                           0.08903515101384271           
84794                         3                             59.5409119593761              10.685883682280807            36                            484                           0.09472441869585453           
84929                         3                             59.54091195937609             13.20765149442446             43                            457                           0.11420253737194763           
86320                         3                             59.54091195937609             13.6363653225529              46                            428                           0.12029375011232835           
86393                         3                             59.54091195937609             12.487390901520055            43                            451                           0.11167478687362674           
87293                         3                             59.5409119593761              11.356631409548717            40                            435                           0.10263795278832044           
87533                         3                             59.540911959376096            11.26449534369945             38                            469                           0.09939099572416171           
89713                         3                             59.5409119593761              16.876359232731833            56                            466                           0.14720102585008646           
89940                         3                             59.46612616987515             15.566701012272777            51                            436                           0.13673876533702728           
91784                         3                             59.540911959376096            15.87429028532298             51                            449                           0.13718479294675062           
92077                         3                             59.54091195937609             15.124203592065518            50                            487                           0.1331830225323118            
92852                         3                             59.540911959376096            15.76253264641954             51                            455                           0.13599773719823507           
95388                         3                             59.540911959376096            16.27703607637375             53                            448                           0.14065976371050343           
98985                         3                             59.54091195937611             8.981268631943257             28                            380                           0.07596213251045288           
359                           4                             59.540911959376096            14.093400328365494            46                            480                           0.12247672052803184           
3371                          4                             59.5409119593761              12.515536439981092            40                            437                           0.10752847663857576           
3405                          4                             59.5409119593761              12.569750059001727            42                            429                           0.11163995514878428           
4246                          4                             59.5409119593761              17.422199306643726            56                            461                           0.1501859607294273            
4433                          4                             59.54091195937608             16.827072291663093            54                            441                           0.144951801229158             
7294                          4                             59.54091195937609             14.35163500098888             49                            442                           0.1280632140425216            
8234                          4                             59.5409119593761              14.747886679320942            51                            437                           0.1319487440012698            
10344                         4                             59.54091195937609             13.788002190590255            43                            461                           0.1180835295801467            
11564                         4                             59.540911959376096            13.723592754236343            45                            449                           0.11942730462193783           
11728                         4                             59.5409119593761              12.820370866289053            41                            452                           0.10965468895298251           
12924                         4                             59.540911959376075            8.026715556636907             27                            425                           0.07268945217877587           
14545                         4                             59.540911959376096            14.089109506379208            45                            450                           0.12330346353564436           
15212                         4                             59.5409119593761              10.934960455554272            37                            460                           0.09606306592799703           
16583                         4                             59.54091195937608             15.197691140827732            52                            457                           0.13482891992699633           
17078                         4                             59.540911959376096            17.41140714266005             57                            440                           0.15214460951027994           
18919                         4                             59.540911959376096            13.443926284144684            47                            434                           0.12275913797452385           
20985                         4                             59.54091195937609             15.051155534851654            50                            474                           0.13154453278966083           
21374                         4                             59.54091195937609             9.531896339845227             30                            432                           0.08126266849530112           
25143                         4                             59.540911959376096            14.682127461999599            49                            387                           0.12994543878748474           
25943                         4                             48.878261147231704            8.610043463395815             28                            370                           0.07480272594068157           
27979                         4                             59.54091195937609             12.488242101534677            42                            451                           0.11014402417862226           
29195                         4                             59.54091195937611             14.136151667011857            48                            434                           0.12415394763616075           
30149                         4                             59.54091195937611             14.698095527599518            50                            475                           0.13083725879439526           
30804                         4                             59.54091195937609             14.323534367880956            47                            460                           0.12439171911058254           
31498                         4                             59.540911959376096            11.082025503363521            37                            427                           0.09760938516478615           
32618                         4                             59.540911959376096            13.408073620887858            43                            416                           0.11434465500138848           
34768                         4                             59.5409119593761              13.157828493030971            43                            484                           0.11476470261660753           
35795                         4                             33.19724230970262             5.297451635068815             17                            247                           0.04590784024993942           
36179                         4                             59.54091195937609             17.57010811427301             56                            429                           0.150629772043356             
37843                         4                             59.54091195937608             8.78699270983823              28                            430                           0.07511942107351725           
40226                         4                             59.54091195937609             15.206476399951043            48                            411                           0.1281352193888401            
44868                         4                             59.5409119593761              13.992978738159708            49                            452                           0.12539049093168003           
46250                         4                             59.54091195937609             11.91646464195739             42                            408                           0.1074105746675672            
48457                         4                             59.540911959376096            16.594911506251247            54                            452                           0.14447075917152172           
49245                         4                             59.54091195937609             14.653851807622098            52                            398                           0.13347700164171858           
49296                         4                             59.540911959376096            11.785799453633908            38                            421                           0.10055328840146513           
50656                         4                             59.540911959376096            13.158609078062534            43                            434                           0.11513879879750748           
56306                         4                             59.5409119593761              15.57319387646429             52                            464                           0.13776862070150825           
57358                         4                             59.5409119593761              10.213034955661128            31                            460                           0.08555572947041325           
57695                         4                             46.66871840604755             8.986032140917832             30                            313                           0.07924024664117439           
58463                         4                             59.12332970556469             13.678373163798856            44                            431                           0.11749537772065377           
62372                         4                             59.5409119593761              13.60170443542336             44                            454                           0.1174883655261085            
62576                         4                             59.540911959376096            13.333674439763138            45                            481                           0.1188669984145746            
65722                         4                             59.5409119593761              15.953496831989405            53                            484                           0.14136282272071476           
66134                         4                             59.54091195937609             12.651629753833355            41                            440                           0.10841944239252843           
66590                         4                             59.540911959376096            15.962114561304142            51                            463                           0.13637248377599215           
68785                         4                             59.540911959376096            15.694993212785343            51                            434                           0.13677845391363852           
69520                         4                             59.540911959376096            11.179505991043234            38                            408                           0.09976126977592924           
70023                         4                             59.5409119593761              11.940222413914434            38                            420                           0.1018358924807887            
71873                         4                             59.54091195937612             15.092631565198907            50                            442                           0.13157376969835877           
79680                         4                             26.344628422211876            3.9993267750244947            14                            157                           0.0362785657944764            
80497                         4                             59.54091195937609             17.18145840597265             60                            403                           0.1551005151696905            
82481                         4                             26.34462842221187             5.2600564248449855            16                            189                           0.0441982138803389            
83255                         4                             17.84280354534579             5.193616476464976             18                            149                           0.04639034080351616           
83407                         4                             59.54091195937609             13.552612647835666            46                            455                           0.1205872304475926            
84226                         4                             59.540911959376096            13.596513039258543            43                            429                           0.11782757081628435           
87562                         4                             59.5409119593761              15.313981732152433            51                            449                           0.1338713796620777            
89307                         4                             59.54091195937609             11.917734835249508            41                            484                           0.10680023670165277           
94260                         4                             59.540911959376096            15.589043584421333            52                            431                           0.13740197446905553           
94864                         4                             59.54091195937611             10.151742463961831            35                            476                           0.09041163065789423           
96600                         4                             59.54091195937609             16.948790565155686            53                            436                           0.14286894425665447           
33                            5                             59.540911959376096            15.930644301925819            53                            449                           0.14029706179048573           
395                           5                             59.54091195937608             13.939603935716653            44                            464                           0.11807802344556634           
1052                          5                             59.540911959376096            14.884333764167753            54                            453                           0.13824103405711452           
1997                          5                             59.5409119593761              16.00879010216308             53                            463                           0.13957832281203095           
4361                          5                             55.55926497222808             15.491103366984873            55                            438                           0.14057476946265546           
10947                         5                             59.54091195937609             15.696207957161093            52                            439                           0.1365806143048142            
12305                         5                             59.540911959376096            16.422658349562216            54                            452                           0.1416842663889955            
14181                         5                             59.540911959376096            12.814012806680454            42                            479                           0.11177844598911825           
15236                         5                             59.54091195937609             13.56971356291866             43                            436                           0.11499923666820056           
15555                         5                             59.5409119593761              12.901524969601818            44                            450                           0.11688256517460123           
20539                         5                             17.84280668412094             3.6467558081157287            12                            127                           0.0323302524175695            
22084                         5                             59.54091195937609             15.908624296685678            51                            467                           0.1359067864216284            
24791                         5                             59.5409119593761              16.205317471829666            52                            449                           0.14040601641822323           
25293                         5                             59.540911959376075            16.02898463761491             54                            479                           0.14079209961930092           
25604                         5                             59.5409119593761              12.756440718010051            42                            439                           0.11130118223827229           
28990                         5                             59.54091195937609             11.325110481882206            39                            448                           0.10142180732473227           
35428                         5                             59.5409119593761              14.06893256572637             48                            427                           0.12416800863480672           
38128                         5                             59.540911959376096            17.185216148355547            56                            410                           0.1489250199401964            
47275                         5                             59.5409119593761              16.785056653797692            59                            482                           0.1518636102116493            
48713                         5                             59.5409119593761              14.179749244484261            50                            443                           0.13046417092238732           
48852                         5                             59.540911959376096            11.93473347618169             40                            421                           0.1044946660981424            
49722                         5                             59.540911959376096            12.744045819055806            40                            462                           0.10750594169560806           
50545                         5                             58.74945414354152             14.95779794828707             50                            468                           0.13107037714173578           
52647                         5                             59.540911959376096            15.213588581973104            52                            426                           0.1348516858734679            
53656                         5                             59.5409119593761              9.646419592198974             33                            444                           0.08602163896980183           
55647                         5                             59.54091195937608             14.740786669223416            47                            408                           0.12757546723491342           
55750                         5                             59.540911959376096            13.264427509604056            44                            424                           0.11724271345894238           
55889                         5                             59.540911959376096            14.494968540466434            47                            472                           0.12380951211412625           
56773                         5                             59.540911959376096            16.350862169989895            55                            465                           0.14444797825190475           
60695                         5                             59.54091195937609             14.06665781167016             46                            459                           0.1214444713739387            
62835                         5                             26.34462842221187             8.768319099058697             29                            233                           0.07778046305172495           
65228                         5                             59.54091195937609             17.917113341275456            59                            492                           0.15594392570751617           
65853                         5                             59.54091195937608             16.959124122142327            56                            451                           0.14851950676851133           
66382                         5                             59.540911959376096            16.31821154768946             54                            449                           0.14238144009631998           
66739                         5                             59.5409119593761              16.93659307936179             55                            453                           0.14562888967620807           
66797                         5                             59.54091195937609             16.15339006398159             51                            461                           0.136968034426257             
69175                         5                             59.54091195937611             17.498756510866066            57                            461                           0.15268766541479697           
73357                         5                             59.5409119593761              17.179307072504884            56                            471                           0.1500196623827992            
74945                         5                             20.889100928648865            3.998633613826891             13                            140                           0.034623033619562836          
75043                         5                             59.5409119593761              14.764425500188008            49                            403                           0.12963328256584924           
78852                         5                             59.540911959376096            17.243241464369092            55                            448                           0.14912035831899645           
79337                         5                             59.5409119593761              16.74077820006692             56                            454                           0.14697379063384977           
80187                         5                             59.5409119593761              15.874653462502797            52                            465                           0.1395760932997747            
80245                         5                             59.54091195937608             12.420950166421646            40                            430                           0.10636488185372503           
81232                         5                             59.540911959376096            16.367054997726132            53                            451                           0.14354315016599445           
83592                         5                             26.34462842221187             5.470820195445613             19                            174                           0.05055033747333122           
84519                         5                             59.540911959376096            13.039654431249913            41                            450                           0.11123677438796474           
85541                         5                             59.5409119593761              13.546252820391944            45                            459                           0.11928316330596432           
86029                         5                             59.5409119593761              11.537530537809863            38                            406                           0.10082658434483448           
87478                         5                             59.54091195937609             12.684971658017254            43                            451                           0.11199835931802037           
88485                         5                             47.292349265300004            11.440576178250772            36                            373                           0.0984226572426127            
90696                         5                             59.54091195937609             16.20562823421439             53                            471                           0.14081731149215745           
91438                         5                             59.54091195937609             14.881808156773369            49                            460                           0.13105146328355513           
92170                         5                             59.54091195937612             10.499665283812414            35                            440                           0.09227668870943972           
92738                         5                             59.5409119593761              14.743987514249959            48                            453                           0.12673499587874154           
94945                         5                             58.8685484971134              13.537661180096102            45                            455                           0.11853308180437733           
96581                         5                             59.5409119593761              11.638920508281712            42                            487                           0.10671866814934731           
99554                         5                             59.540911959376096            12.896704679987028            42                            415                           0.11101622529906295           
4370                          6                             59.54091195937609             14.798383517472777            53                            470                           0.13593667387861905           
5428                          6                             26.34462842221187             7.121514892031393             25                            202                           0.06456783010932164           
5920                          6                             59.540911959376096            14.00952207323834             46                            454                           0.12185949556272006           
6710                          6                             59.54091195937609             11.720283934746222            37                            443                           0.0994705447339984            
6736                          6                             44.2379119593761              10.01858520619095             32                            355                           0.08505595126535051           
7059                          6                             59.540911959376096            13.211660845514375            45                            452                           0.11795835583034449           
11121                         6                             59.54091195937608             12.765665384375202            43                            485                           0.11316775656426492           
13289                         6                             59.540911959376096            14.617428819659734            50                            409                           0.12998982298562328           
14860                         6                             59.5409119593761              11.472066880141249            37                            414                           0.09864581544862748           
15678                         6                             59.54091195937609             12.354445258979801            41                            428                           0.10731821931708735           
15756                         6                             59.5409119593761              13.937961760142928            44                            420                           0.11829616530663044           
17744                         6                             59.540911959376096            12.56686912984937             41                            401                           0.10842865962379383           
19969                         6                             59.540911959376096            13.870127085884459            45                            459                           0.1198777534260507            
20935                         6                             59.54091195937609             13.31913947985969             46                            470                           0.11997305362750295           
21540                         6                             59.5409119593761              15.357620866859069            51                            379                           0.13555022654382518           
23938                         6                             59.5409119593761              14.115696287140139            45                            454                           0.1212055811129473            
26934                         6                             97.4981327704433              23.013113188880293            76                            700                           0.1991829603001557            
29919                         6                             59.54091195937609             14.13525917578334             45                            433                           0.1213792024874857            
30244                         6                             59.540911959376096            13.875112156586379            47                            422                           0.12472319353061202           
30250                         6                             55.461676038738815            13.42461310779707             44                            428                           0.1177819228228616            
31746                         6                             59.5409119593761              12.115172131232063            40                            412                           0.10541340521413595           
32670                         6                             59.540911959376096            15.38991883199252             52                            485                           0.13663452112201882           
33645                         6                             59.5409119593761              12.412773420157668            42                            466                           0.11114520424151464           
33729                         6                             59.540911959376096            18.013315537753822            61                            439                           0.16017093467482157           
34152                         6                             59.5409119593761              11.829776039079507            39                            460                           0.10264317373574171           
34163                         6                             55.86924924919312             11.146824500174919            38                            410                           0.09925869818381391           
38526                         6                             59.5409119593761              17.60742841485021             58                            484                           0.15305674734689081           
39664                         6                             59.54091195937609             13.663724948397936            47                            473                           0.12183018473003769           
40313                         6                             59.5409119593761              15.742384325402261            53                            433                           0.1381393274208112            
42161                         6                             59.54091195937609             11.494702765790656            36                            442                           0.09841337427780451           
42723                         6                             59.54091195937609             14.052358349035305            45                            454                           0.1223525479897701            
44718                         6                             59.5409119593761              12.584875233008152            40                            444                           0.10873552997533993           
45272                         6                             59.54091195937608             14.415495710741837            48                            468                           0.12544641882096835           
46828                         6                             59.54091195937608             10.072738155754045            36                            429                           0.09192150384508126           
50234                         6                             59.54091195937609             11.876672155069294            40                            426                           0.10460155713582038           
52600                         6                             59.5409119593761              15.083163351479383            49                            426                           0.1290750519388118            
53111                         6                             59.5409119593761              14.520788626415978            47                            434                           0.12575646900250195           
55530                         6                             59.54091195937609             12.148502238717754            41                            470                           0.10842235007717223           
56368                         6                             59.54091195937609             17.979219163010985            56                            436                           0.15426082699550986           
56826                         6                             59.540911959376096            14.762572299436187            50                            466                           0.1318807021477241            
58605                         6                             26.344628422211876            6.104361693633787             22                            202                           0.0565125042505992            
61552                         6                             59.5409119593761              12.807201993283774            42                            464                           0.11191887007717481           
61806                         6                             59.54091195937609             12.751990637328008            41                            491                           0.10927689719597339           
62554                         6                             55.19476712997105             12.739322730453216            40                            405                           0.10807307740441456           
62967                         6                             59.5409119593761              17.235009296656724            56                            466                           0.14823718923582735           
63086                         6                             59.5409119593761              12.549847002184048            41                            437                           0.10882238436770386           
63189                         6                             59.54091195937609             16.584531574750464            55                            454                           0.14520258548306514           
65228                         6                             59.54091195937609             15.599745139823385            51                            449                           0.13486626507974245           
66390                         6                             59.540911959376096            15.862300726570558            54                            419                           0.14172380450546687           
69491                         6                             59.5409119593761              14.224875383297853            49                            475                           0.12604053074093127           
72180                         6                             59.5409119593761              13.813213251285834            48                            436                           0.12586026993559707           
72487                         6                             59.54091195937609             13.250956869334404            45                            446                           0.11827871149107713           
73952                         6                             59.5409119593761              13.458514130095784            44                            452                           0.11759875899156293           
74208                         6                             59.5409119593761              10.781049899786643            38                            443                           0.09884718430344493           
75184                         6                             59.540911959376096            12.250102347983738            40                            463                           0.10617163256582901           
75820                         6                             59.54091195937608             12.279712986512886            43                            448                           0.11057594874833283           
81917                         6                             59.540911959376096            11.55826076135719             41                            441                           0.10425596325761675           
84137                         6                             59.54091195937608             16.351580728249203            52                            484                           0.13947313457013122           
86295                         6                             11.60981190187632             2.483586993185781             9                             94                            0.02285532323879766           
88206                         6                             59.5409119593761              13.10053461797595             44                            444                           0.11488563482252757           
88542                         6                             59.54091195937609             14.292683700085483            46                            457                           0.12342341342901485           
90451                         6                             59.5409119593761              15.987471737811061            53                            450                           0.14115148749400086           
96145                         6                             26.34462842221187             5.4691772069079345            19                            181                           0.04919006699387583           
96649                         6                             56.64157130249139             9.308706597667147             30                            348                           0.0798664398875491            
97636                         6                             59.54091195937609             13.081475832632918            42                            435                           0.11255681547867055           
99014                         6                             59.5409119593761              10.595440561950507            35                            441                           0.09294141803802353           
2248                          7                             59.54091195937609             13.304912071858453            44                            433                           0.11605745893138249           
4329                          7                             51.04966913973206             14.096216844766346            47                            399                           0.12396225897760159           
4396                          7                             59.54091195937609             12.189432875467292            40                            450                           0.10513417478300541           
6672                          7                             59.54091195937611             15.926792858300308            54                            441                           0.14138675738523215           
7192                          7                             59.540911959376096            14.291447935566056            50                            474                           0.13044463371864343           
7981                          7                             59.540911959376096            13.24647212516614             43                            457                           0.1141671589710429            
8828                          7                             59.540911959376096            14.52980582041094             48                            463                           0.1271539667706199            
9055                          7                             59.54091195937609             13.619909050816483            45                            472                           0.1189519260710776            
9550                          7                             59.54091195937611             15.366423248844827            51                            441                           0.13428216845541333           
11325                         7                             59.54091195937608             13.878834532655066            44                            433                           0.11859584359543199           
13165                         7                             59.54091195937608             16.236014255403145            53                            454                           0.140531006340461             
13759                         7                             59.540911959376096            15.556012818744852            54                            451                           0.1390875434812383            
13798                         7                             59.54091195937609             15.493983939006785            52                            436                           0.13673092660101405           
14941                         7                             20.889083467346605            3.7569510070177388            13                            128                           0.03337926779393649           
15428                         7                             59.54091195937611             9.508623095462967             32                            408                           0.08378766017454406           
15829                         7                             59.540911959376075            13.146928472016665            48                            441                           0.12233661763965573           
15955                         7                             59.5409119593761              14.737909140825185            49                            364                           0.12891740377099214           
16177                         7                             59.540911959376096            14.027222527137903            46                            473                           0.12195467280013496           
18150                         7                             59.54091195937606             14.269559897517997            48                            461                           0.12819769774282652           
18232                         7                             59.54091195937609             14.233303352479226            46                            454                           0.12296267340706926           
19895                         7                             33.1962874986377              8.254400228759016             26                            273                           0.07044552758937667           
20405                         7                             59.540911959376096            12.869911337487578            41                            428                           0.11093473863191733           
22484                         7                             59.5409119593761              16.892799415693514            56                            428                           0.14754190838389997           
22880                         7                             59.54091195937609             12.570081787254011            42                            438                           0.110698052419913             
24956                         7                             41.80069989322093             11.160380259484317            38                            322                           0.10044141755938818           
25071                         7                             59.540911959376096            13.994952416588479            46                            431                           0.12204140527230421           
25878                         7                             59.54091195937609             13.287524317236459            43                            376                           0.11354090806396665           
26267                         7                             59.5409119593761              13.39097361700805             45                            466                           0.11773821157767501           
27702                         7                             59.54091195937609             12.704147035284276            44                            483                           0.11423310230053477           
31219                         7                             59.54091195937609             15.497233563122146            49                            466                           0.13245371080012533           
31329                         7                             59.5409119593761              14.09333888221789             46                            453                           0.12140127292326898           
32081                         7                             59.5409119593761              15.709304366972919            53                            431                           0.13845535700534492           
33262                         7                             59.540911959376096            14.956359832104868            50                            439                           0.13152387642894947           
33486                         7                             59.540911959376096            16.09380487084924             54                            420                           0.14248406759851107           
36578                         7                             26.34462842221187             5.9632474596498275            19                            190                           0.05193232376959978           
37251                         7                             59.54091195937609             12.996227517011013            44                            423                           0.11512627806923455           
38167                         7                             53.709767927657175            12.425626060052526            43                            394                           0.11275067032690697           
38785                         7                             59.5409119593761              15.99260793717154             51                            452                           0.13613160983709463           
38907                         7                             59.540911959376096            13.180721891595846            44                            444                           0.11479636893548296           
40568                         7                             59.5409119593761              14.435650319477553            47                            428                           0.12458535173777995           
42588                         7                             59.54091195937609             14.06567885149519             46                            446                           0.12223076317860794           
43595                         7                             59.5409119593761              11.480149841183081            38                            421                           0.09949680150069609           
43833                         7                             59.54091195937609             14.559712208966538            46                            404                           0.12446525899436683           
44199                         7                             59.54091195937609             12.554358353677214            42                            423                           0.11152255300419085           
45517                         7                             46.55159701052027             9.646874363815026             33                            337                           0.08522711849523469           
49208                         7                             59.5409119593761              15.895230461951435            51                            405                           0.13744745412645556           
50145                         7                             59.54091195937611             15.463958721839768            51                            458                           0.13531884842863287           
52680                         7                             59.54091195937609             14.825945118978435            49                            462                           0.12840760927750164           
52961                         7                             59.54091195937609             14.398165140812614            47                            439                           0.1239455721399701            
54895                         7                             59.5409119593761              12.483889416476071            39                            414                           0.10599274794832513           
55581                         7                             59.54091195937609             11.198546380627976            36                            447                           0.09647000074688547           
61718                         7                             59.540911959376075            16.534402120349665            53                            435                           0.14107541355314332           
62077                         7                             59.20008864673376             16.38001797099368             54                            482                           0.14463830867411742           
64641                         7                             59.540911959376075            15.424057500147649            48                            422                           0.13079490700930455           
67071                         7                             59.54091195937612             13.22344113845332             46                            396                           0.11963535979124493           
67320                         7                             59.5409119593761              15.828069106878639            52                            471                           0.13763883828220647           
67684                         7                             59.54091195937609             17.064183497326777            57                            467                           0.15043037316018293           
68068                         7                             47.84847061370818             11.821420026484818            41                            360                           0.10666904292702839           
69611                         7                             59.54091195937608             9.142179194935338             31                            444                           0.08042151847709314           
72352                         7                             59.540911959376096            11.683116298919952            38                            433                           0.10074650172002113           
73663                         7                             59.5409119593761              16.329206535086577            53                            456                           0.14199526381180694           
74673                         7                             59.54091195937609             15.945982116507988            51                            433                           0.1371107403888516            
75839                         7                             59.5409119593761              12.08096368306412             40                            464                           0.1057092493018591            
76825                         7                             59.54091195937608             14.340310276817888            49                            432                           0.12863053202244568           
76872                         7                             59.54091195937609             11.371375385131966            37                            393                           0.09794159730945219           
78992                         7                             59.540911959376096            14.016542394976055            46                            467                           0.12214805504881918           
80575                         7                             49.354520937157375            12.885886218097076            42                            355                           0.111118341470573             
80937                         7                             59.5409119593761              11.345942191954212            37                            424                           0.09807601351637395           
80967                         7                             59.540911959376146            14.526527744016875            46                            474                           0.12374898852335156           
81077                         7                             59.5409119593761              11.969390081031758            40                            439                           0.10564786058513398           
81432                         7                             59.5409119593761              16.245487534789234            54                            452                           0.1414458411407978            
81882                         7                             2597.78277671445              669.1534014327254             2219                          20950                         5.870053217960979             
82185                         7                             59.54091195937609             14.30784831844006             45                            437                           0.12199979937848375           
83275                         7                             59.54091195937611             10.326372983919933            34                            461                           0.0903586922243754            
84252                         7                             59.54091195937611             13.975332389554072            45                            484                           0.12044383945559133           
85869                         7                             59.540911959376096            14.621579656327711            48                            427                           0.12688021836504748           
88738                         7                             59.540911959376096            13.636806391530447            44                            472                           0.11911846658213705           
89222                         7                             59.54091195937608             12.532528051632255            41                            488                           0.10923743676016533           
89683                         7                             20.889105734064675            2.7064717429978606            10                            140                           0.025332960465895588          
90979                         7                             59.54091195937609             14.349224337705028            48                            456                           0.12510531828958324           
91634                         7                             17.842801591583594            2.726932653228314             10                            122                           0.025537508342765733          
92507                         7                             57.243213956847086            12.158784912831303            40                            431                           0.10685616947662796           
92573                         7                             59.5409119593761              11.73207137173311             38                            475                           0.10271712034497477           
96668                         7                             59.540911959376096            14.617029535754508            48                            463                           0.12772160741177707           
98377                         7                             59.54091195937609             17.28251507232087             57                            454                           0.1518628798066021            
99442                         7                             59.54091195937607             10.74836681767474             38                            454                           0.09728584839721083           
248                           8                             59.54091195937609             18.093218580852234            57                            457                           0.1529092340719646            
2561                          8                             59.540911959376096            12.829805744597618            44                            438                           0.1145137360509942            
4057                          8                             59.5409119593761              15.305983532698352            49                            437                           0.13190732043833964           
5744                          8                             43.436737112155384            8.048025279894603             26                            308                           0.06844568749802568           
8393                          8                             59.1956591530826              18.15386506047986             59                            426                           0.15816897057044235           
9863                          8                             59.540911959376096            12.072279999618313            40                            444                           0.1064992017849263            
10892                         8                             59.540911959376096            15.535237067406223            51                            478                           0.13485109484890373           
11043                         8                             59.54091195937609             15.277244664321932            52                            438                           0.13454217484946485           
11401                         8                             21.58349465598516             4.405760429327562             14                            135                           0.03846510915613248           
12432                         8                             59.5409119593761              14.276754475849993            48                            467                           0.12574642961018417           
15118                         8                             59.540911959376096            15.598604628030003            49                            458                           0.13228135677759512           
15298                         8                             59.54091195937609             16.02338120737859             52                            491                           0.1377655848292863            
16160                         8                             59.54091195937609             12.604532828825441            42                            458                           0.11000183275429397           
16855                         8                             59.5409119593761              12.618203651657245            44                            465                           0.1138009302133068            
20369                         8                             59.540911959376096            17.110083598274894            56                            482                           0.14914160358267553           
20422                         8                             59.5409119593761              10.989038301405296            38                            426                           0.0988204819037986            
21475                         8                             59.54091195937611             12.615081808588158            41                            461                           0.10886337427198439           
21982                         8                             10.51702705714775             1.6694030863873204            6                             63                            0.015262988414548914          
23214                         8                             59.54091195937609             15.540103702690951            52                            478                           0.13560824823885992           
23319                         8                             57.435349801474445            13.434713095686599            44                            432                           0.11611127302635693           
26018                         8                             59.540911959376096            11.028245052594746            34                            448                           0.09332237094785711           
26568                         8                             17.842805429695115            4.608742653367949             14                            125                           0.03817979934208627           
28089                         8                             56.27094022726603             12.413627784134293            41                            429                           0.10935386425703611           
28320                         8                             59.54091195937609             12.445490577708902            44                            446                           0.11208382752424052           
29183                         8                             59.54091195937608             11.46918655872298             38                            429                           0.10046648952243123           
30347                         8                             59.54091195937608             13.55390363511805             47                            469                           0.12218415322191593           
30568                         8                             59.5409119593761              12.27363361738473             41                            382                           0.10738486211334701           
30987                         8                             43.44980179014084             8.730736077196696             28                            327                           0.07428896220658866           
31037                         8                             59.5409119593761              13.706982373607632            47                            468                           0.12221056136426425           
32016                         8                             59.54091195937609             7.843455481279856             28                            422                           0.07150145022015857           
33029                         8                             59.540911959376096            11.034049844282265            37                            437                           0.09811925659293967           
33426                         8                             59.54091195937607             15.374409844230604            50                            456                           0.13545740914597537           
34177                         8                             59.54091195937609             10.655406724251735            39                            433                           0.09890781229385447           
34256                         8                             59.5409119593761              14.341313774523746            51                            464                           0.13135006886405323           
34709                         8                             59.5409119593761              9.448542676878635             31                            355                           0.08180638243961212           
35840                         8                             59.5409119593761              11.779599618281933            40                            463                           0.10435643185942645           
37012                         8                             59.5409119593761              14.161481196022283            48                            430                           0.12619133053689385           
37785                         8                             59.54091195937609             13.907026887416453            45                            448                           0.12310145716295164           
38120                         8                             59.54091195937609             15.584136456377845            51                            464                           0.13553699157283486           
39997                         8                             59.5409119593761              13.061222911012804            45                            436                           0.11549126210052228           
43028                         8                             59.540911959376096            11.429536973529904            40                            407                           0.10253879242511446           
43481                         8                             98.94189727074112             22.020803338711882            78                            759                           0.20103255324887717           
43821                         8                             59.54091195937609             8.968537762058835             31                            427                           0.08047767375451897           
44582                         8                             59.54091195937609             12.244519606758104            43                            450                           0.11056811755986953           
44799                         8                             59.54091195937612             13.379142382670164            46                            421                           0.11937051551204371           
47841                         8                             59.5409119593761              12.5399600260523              42                            467                           0.11077895822633073           
49259                         8                             59.540911959376096            13.673387903667788            45                            437                           0.11984819843637111           
53905                         8                             59.5409119593761              12.342957774443214            44                            442                           0.11181110576488448           
54952                         8                             59.540911959376096            13.54800175352361             45                            458                           0.11814786921436803           
55003                         8                             59.54091195937611             10.815306445920282            40                            472                           0.10100533932842146           
55552                         8                             18.018397899264386            4.340890977993243             15                            110                           0.03962447611547045           
55815                         8                             59.5409119593761              14.109757551791024            47                            449                           0.1244320536343181            
56087                         8                             59.5409119593761              11.949091494249743            41                            450                           0.10661925331623538           
56817                         8                             59.5409119593761              15.2024550663638              51                            454                           0.1331691976637753            
58426                         8                             59.5409119593761              11.059745538604426            38                            433                           0.09823955303589882           
58681                         8                             59.54091195937611             13.426416727363334            44                            460                           0.11716993848100912           
58925                         8                             59.54091195937609             13.456489103723232            45                            472                           0.11881806223094427           
61043                         8                             59.54091195937611             13.65168608523811             46                            437                           0.11979639194476004           
62338                         8                             59.54091195937608             17.327743137068374            55                            501                           0.14807595943292673           
64217                         8                             59.540911959376096            11.686565280834069            39                            406                           0.10271131445157675           
66176                         8                             59.54091195937609             15.746163501648384            51                            461                           0.13516953748940774           
66930                         8                             59.540911959376075            13.958874516048052            46                            476                           0.1217308553025546            
68962                         8                             59.540911959376096            12.011041555464121            39                            363                           0.10563122518263941           
68964                         8                             59.540911959376096            9.929286205251461             32                            423                           0.08543167416765961           
71487                         8                             59.5409119593761              17.688981277759282            58                            482                           0.15375659348672346           
73920                         8                             57.070324068220096            12.729222163320308            41                            396                           0.11036095203825441           
74418                         8                             59.540911959376096            14.658429609882727            49                            443                           0.13071058726742768           
74666                         8                             59.54091195937609             13.452962067252306            43                            436                           0.11595011412656955           
75468                         8                             17.842794585173102            3.670191631254821             13                            136                           0.032973908262949644          
77358                         8                             59.54091195937612             11.146117579651204            35                            433                           0.09495968082624327           
81350                         8                             59.5409119593761              15.421531906914849            48                            454                           0.13034586662966777           
82556                         8                             59.5409119593761              13.88989070721417             46                            446                           0.12158941963908833           
83495                         8                             59.54091195937611             16.434993866040767            53                            476                           0.14103529761760722           
85695                         8                             59.5409119593761              15.067469829388143            48                            449                           0.13044095769122507           
85968                         8                             56.10579635121363             14.310905712724896            49                            406                           0.12812956562689898           
86177                         8                             59.54091195937608             13.493243411963615            44                            452                           0.1178561236609428            
91870                         8                             59.540911959376096            13.197465043655084            44                            463                           0.11615162815472432           
93404                         8                             59.54091195937609             17.390987191023743            55                            452                           0.14740079510685042           
93916                         8                             59.540911959376096            17.618954661180503            61                            435                           0.15835751732114736           
93973                         8                             59.540911959376096            13.045980044083974            44                            453                           0.11455136241709094           
94246                         8                             59.5409119593761              13.757991441380236            45                            444                           0.12051956621437003           
95194                         8                             59.5409119593761              14.949610204770984            48                            457                           0.1289873114605995            
96677                         8                             59.54091195937609             12.947774360467998            45                            467                           0.11648868079405474           
97514                         8                             59.540911959376096            11.140784182341832            38                            393                           0.09896156702162666           
98015                         8                             59.54091195937609             16.925712721562896            54                            462                           0.14487033425919632           
117                           9                             59.540911959376096            15.568299061446972            50                            434                           0.13389551982714526           
2583                          9                             59.54091195937611             14.475974955040313            47                            460                           0.12549089252515347           
3575                          9                             59.54091195937609             16.005905430875906            53                            475                           0.1397817805307078            
4051                          9                             58.80743871733403             12.283949316410656            41                            453                           0.10751729618852604           
4881                          9                             59.5409119593761              14.006596461600768            45                            412                           0.12043061180948025           
8354                          9                             48.89569719449791             12.812972471363926            43                            385                           0.11273196996034418           
8969                          9                             59.5409119593761              13.341001955209434            48                            472                           0.12150833094733109           
9263                          9                             59.540911959376096            14.406030116018455            49                            453                           0.1279561561577608            
10314                         9                             59.5409119593761              14.91648247501127             49                            447                           0.1301369173060101            
10615                         9                             59.20283977420506             13.603898683900912            44                            429                           0.1175310070840124            
13315                         9                             59.5409119593761              14.345461570472667            47                            393                           0.12621260538399565           
13550                         9                             57.83274467871889             13.19373467421311             42                            446                           0.1124123068765902            
15490                         9                             46.33181195937608             11.396766291616244            39                            368                           0.10203543341051932           
16398                         9                             59.540911959376096            16.95072000097455             53                            471                           0.143686697282891             
20320                         9                             59.540911959376096            17.992442187666093            61                            416                           0.15988161107177215           
20527                         9                             59.54091195937609             16.351889098538756            53                            445                           0.14048249576444938           
21194                         9                             59.5409119593761              12.948896114570658            45                            448                           0.11736992086600584           
23786                         9                             59.54091195937609             9.59776354931148              31                            433                           0.08266548014385397           
26027                         9                             59.5409119593761              16.008294335760265            54                            414                           0.1412835353711036            
26121                         9                             59.5409119593761              16.127110342967462            52                            493                           0.13870954903184599           
28567                         9                             26.344628422211876            5.4143086619586365            18                            178                           0.047063759556498656          
29428                         9                             59.54091195937609             14.886406019436818            50                            456                           0.13117563234077761           
29852                         9                             59.5409119593761              13.005557588338837            44                            449                           0.11453380053253504           
33973                         9                             59.54091195937611             12.846110862414903            42                            415                           0.11105107412576708           
37683                         9                             59.5409119593761              15.018777252258559            49                            442                           0.1322478225958862            
41072                         9                             59.54091195937608             18.59208764794397             60                            428                           0.16044338062311428           
46701                         9                             59.54091195937608             18.919853589242543            62                            487                           0.16518585957234594           
47406                         9                             59.54091195937609             13.547736017285658            42                            409                           0.11430675181179022           
48964                         9                             59.54091195937609             14.308523658973037            48                            454                           0.12661195102754208           
49407                         9                             59.54091195937609             18.55466240677115             58                            457                           0.15642017562533714           
49955                         9                             59.5409119593761              12.967100610503008            41                            447                           0.11065332642683727           
51055                         9                             48.929234805949775            11.589838204113292            37                            349                           0.09915565772886803           
52818                         9                             15.94499454773103             3.6876096919961987            12                            151                           0.03230158372340555           
54240                         9                             59.540911959376075            15.50020209696926             49                            408                           0.13238012714618486           
55635                         9                             59.54091195937609             11.957700449822957            39                            413                           0.10348725801394773           
55641                         9                             59.54091195937609             18.278018281746395            60                            419                           0.15941153461270904           
60118                         9                             59.5409119593761              11.349587186091721            39                            455                           0.10124391916543295           
62915                         9                             59.5409119593761              16.995134551128764            58                            508                           0.15095568021145273           
63560                         9                             59.54091195937609             12.77564284816194             41                            431                           0.10999228388162909           
67338                         9                             59.540911959376096            16.32519317936031             53                            431                           0.14075153446151945           
67612                         9                             59.5409119593761              14.987154854877112            51                            402                           0.13431649636574866           
67657                         9                             59.5409119593761              14.98730432328086             48                            461                           0.12848592254099797           
70562                         9                             59.5409119593761              16.374430194481494            53                            467                           0.1408926561356575            
71092                         9                             59.54091195937609             11.262425402152374            36                            461                           0.09682753310142472           
71472                         9                             59.540911959376096            14.264680412349978            48                            477                           0.1259670479022364            
71653                         9                             59.540911959376096            15.435388811452087            53                            502                           0.14001721635752903           
71801                         9                             59.54091195937608             13.06064431566042             45                            377                           0.11710809801844577           
72266                         9                             59.540911959376096            12.893190906433698            43                            444                           0.11289126135860772           
77033                         9                             59.54091195937609             14.46851680682458             48                            429                           0.12645639797088323           
77242                         9                             59.5409119593761              13.997779864829965            47                            472                           0.12575686777120507           
78203                         9                             59.54091195937609             10.329402581711726            37                            455                           0.09367287343262455           
78929                         9                             59.54091195937609             12.79432896946663             43                            444                           0.11307895237824028           
80153                         9                             59.54091195937609             8.762297200040202             31                            426                           0.07952262862080986           
83040                         9                             53.749218363460024            12.632113961100229            43                            412                           0.11193083459085709           
87439                         9                             59.54091195937609             16.831159454859               57                            482                           0.14848526950319582           
92682                         9                             59.540911959376096            14.89261744854447             48                            438                           0.1290020160487445            
95634                         9                             55.92859489324819             11.258130274548561            37                            401                           0.09857745191827832           
96370                         9                             59.540911959376096            11.92952800597754             40                            444                           0.10477415479508817           
99039                         9                             59.540911959376096            12.824781640688208            40                            394                           0.10928254023648917           
75                            10                            59.54091195937608             11.622668358450243            41                            400                           0.10502080279658471           
2306                          10                            59.5409119593761              18.649540000614756            61                            437                           0.1623518406144542            
2982                          10                            59.5409119593761              14.521228207544903            48                            416                           0.12770101103525047           
3562                          10                            59.5409119593761              12.819230075833119            39                            443                           0.10746195524837227           
4812                          10                            59.5409119593761              14.338325804065908            52                            429                           0.13176159317754194           
5499                          10                            59.540911959376096            12.43626493864966             41                            371                           0.10946159083817524           
6183                          10                            43.73837288608148             8.633431994880352             28                            326                           0.07554992408339165           
6350                          10                            59.54091195937609             13.882453312705113            47                            455                           0.12263580543941625           
7323                          10                            52.087057073501995            11.427473294974169            39                            368                           0.1023987153499513            
8279                          10                            26.344628422211876            4.835034936600165             15                            196                           0.04020758506080983           
10116                         10                            59.54091195937608             12.214033656931345            42                            419                           0.10883139671905408           
11661                         10                            59.54091195937608             15.63951626628082             50                            444                           0.13364549146231444           
11988                         10                            59.540911959376096            15.893241920358204            50                            447                           0.13438389697983352           
12835                         10                            59.54091195937609             12.283032088754725            41                            487                           0.10750718818989767           
14746                         10                            59.54091195937608             14.456664850540514            49                            460                           0.1280938786133827            
17858                         10                            59.540911959376096            10.656425726104386            34                            471                           0.09188488025229297           
20886                         10                            59.5409119593761              12.16308196426439             41                            434                           0.10872009552773139           
23613                         10                            59.5409119593761              14.301484874668487            46                            458                           0.12207274794227065           
24250                         10                            59.5409119593761              12.905194748134388            41                            412                           0.11152652061728814           
24536                         10                            59.54091195937607             19.290070332049037            64                            486                           0.1685731831591527            
25406                         10                            59.5409119593761              12.380091095357628            41                            430                           0.1087627181174711            
25425                         10                            59.540911959376096            12.16467219173288             39                            418                           0.10398614564016685           
26210                         10                            59.540911959376096            13.679455412448306            47                            460                           0.12167327381007254           
27850                         10                            59.5409119593761              9.173348366367684             30                            412                           0.07886016813215863           
30018                         10                            59.540911959376075            13.474091810042323            46                            406                           0.1205902164119837            
30077                         10                            57.2707326380268              10.477325319109864            36                            425                           0.09324615577005035           
30654                         10                            59.54091195937609             13.677299053935606            46                            441                           0.12122877650088695           
31243                         10                            59.540911959376096            12.830114728746453            42                            445                           0.1134540614620423            
31668                         10                            59.5409119593761              14.202650536510708            45                            449                           0.12119941317145097           
31715                         10                            56.76986662480663             12.474819417076723            42                            416                           0.10958884771301265           
31914                         10                            59.540911959376096            12.60312888153775             41                            436                           0.10917082235788823           
32338                         10                            59.54091195937612             10.040054349346232            35                            448                           0.09141965617537705           
33079                         10                            59.54091195937609             15.07438970221755             49                            500                           0.12946804121229075           
34216                         10                            59.540911959376096            13.544258212427717            44                            444                           0.11679402060898006           
34547                         10                            59.540911959376096            19.15790246740664             62                            435                           0.16573310529756313           
35900                         10                            59.5409119593761              10.81284468007196             35                            451                           0.09243375105720028           
39407                         10                            59.54091195937609             17.624876338162657            59                            481                           0.1543775684084363            
40056                         10                            59.540911959376096            14.893796631078903            49                            480                           0.12941389802716957           
40198                         10                            59.5409119593761              13.407445574531504            45                            432                           0.11850217298338213           
41443                         10                            26.344628422211876            4.159278686692583             13                            194                           0.034791591447677205          
43243                         10                            59.54091195937609             14.732408411347778            47                            418                           0.12796616086311832           
43589                         10                            59.540911959376096            12.41749541060068             41                            465                           0.10952156518352295           
46242                         10                            44.162950314279826            8.015270904495354             27                            336                           0.0717473671410156            
48666                         10                            59.54091195937609             13.175573051518793            43                            481                           0.11299711489530821           
49241                         10                            49.32443294112821             9.61595734019925              32                            366                           0.08450588810362072           
53140                         10                            52.40727021927093             13.139072925845928            43                            375                           0.1162387281590014            
56613                         10                            59.540911959376096            14.488982558378208            47                            457                           0.12610354809537944           
56616                         10                            59.54091195937611             12.00716039678326             41                            496                           0.107169448503365             
56772                         10                            59.5409119593761              12.199459262682932            38                            442                           0.10220066664258116           
57025                         10                            59.54091195937608             13.349604496937703            43                            441                           0.11534109464153194           
58131                         10                            59.540911959376096            17.183569416049547            54                            487                           0.1457389170232098            
58569                         10                            57.92580742218159             12.948620712264148            43                            396                           0.11330232339545512           
59701                         10                            59.5409119593761              11.365122693697616            38                            422                           0.1004170032882039            
60323                         10                            21.369195813202865            6.096021052466161             18                            147                           0.050293649053371234          
64345                         10                            49.122006085380754            11.298857209580195            36                            334                           0.0966766198662845            
64647                         10                            59.54091195937609             12.392889393291766            39                            453                           0.1048850145831636            
65234                         10                            59.540911959376096            14.091817391702357            47                            444                           0.12430526546494812           
65948                         10                            59.54091195937609             15.676700064240405            50                            468                           0.13369928002452405           
66378                         10                            59.540911959376096            13.675235107733116            46                            420                           0.12013496285467452           
67053                         10                            58.80811285531218             8.910909341092989             29                            387                           0.07830880832703924           
68802                         10                            59.54091195937609             12.915512501001778            42                            446                           0.1125189526588913            
72078                         10                            59.54091195937611             13.343139923203347            46                            455                           0.11912652200707467           
75089                         10                            59.540911959376096            9.08373063923314              31                            413                           0.08024864838192854           
77689                         10                            59.54091195937612             11.393079910353729            40                            444                           0.10265854914540136           
77913                         10                            59.540911959376075            16.011394437350628            52                            499                           0.13991393328334747           
80206                         10                            55.24115535349242             14.140269728085775            44                            404                           0.119052751300949             
86260                         10                            59.540911959376096            11.264630437031956            37                            443                           0.09811317714973244           
86439                         10                            59.540911959376096            14.175598737071244            50                            460                           0.13058271463939877           
90381                         10                            59.54091195937609             10.327822522325322            36                            454                           0.09301492537273626           
90413                         10                            59.5409119593761              11.994332386129031            40                            444                           0.10615732448771695           
93159                         10                            59.5409119593761              14.853577653702146            49                            441                           0.12940204801420335           
94512                         10                            59.5409119593761              9.31358388643758              30                            438                           0.08039446894257582           
96506                         10                            59.5409119593761              11.125773843523236            39                            465                           0.09997336927978623           
96687                         10                            59.54091195937609             13.389807054259482            47                            407                           0.12111868162043092           
96741                         10                            59.5409119593761              16.546256192767338            54                            452                           0.14297560682043664           
96899                         10                            59.540911959376096            10.675248197404258            35                            453                           0.09268776467945979           
96964                         10                            59.540911959376096            13.521204204166365            45                            483                           0.11829246385485183           
97000                         10                            18.018402630244484            0.6829057238747387            2                             111                           0.005449400515755043          
97080                         10                            98.9436543482039              20.43232940677225             70                            763                           0.1816736565521597            
97353                         10                            59.54091195937609             12.865379807697922            43                            447                           0.11307698303608808           
97516                         10                            59.5409119593761              12.57229650741682             41                            480                           0.10885007027084721           
97973                         10                            59.54091195937609             14.806456953535957            51                            493                           0.13352267857115657           
6803                          11                            59.5409119593761              17.554940312019085            60                            499                           0.15595492102973196           
13795                         11                            59.54091195937609             18.675528607900425            59                            455                           0.1587308172481608            
15755                         11                            59.5409119593761              11.133375279778596            36                            421                           0.09675584779237438           
15903                         11                            59.54091195937612             8.195689114252886             28                            375                           0.07214853786202459           
16572                         11                            59.540911959376096            13.143142827513463            43                            468                           0.11480684922606048           
17103                         11                            59.5409119593761              12.366921776188452            43                            452                           0.1110107590145411            
17111                         11                            59.54091195937609             9.581622502362311             34                            485                           0.08769834917800653           
19263                         11                            59.54091195937609             12.09499672290823             41                            409                           0.10895347381508914           
23959                         11                            59.54091195937608             12.64555420835271             41                            438                           0.10821963130696106           
28899                         11                            59.54091195937609             12.739314692872785            43                            444                           0.11328945391228455           
29314                         11                            59.54091195937609             17.64932231780072             58                            449                           0.1536363252731783            
31472                         11                            59.5409119593761              16.74733423099971             57                            473                           0.14910282088560975           
32741                         11                            59.5409119593761              15.326052448166367            50                            470                           0.13307712848140144           
35516                         11                            59.5409119593761              12.556857530582379            41                            470                           0.10864110527467707           
38303                         11                            59.5409119593761              11.354127096247938            39                            499                           0.10085914938951487           
39579                         11                            59.540911959376075            9.681688276564326             31                            416                           0.08366961673399925           
40387                         11                            59.5409119593761              10.019166641844643            34                            399                           0.08870113376871983           
43043                         11                            59.540911959376096            17.03466568250794             56                            505                           0.14713971911666698           
43983                         11                            59.5409119593761              14.107450765199877            46                            427                           0.12262005807856503           
44752                         11                            59.06305747427056             14.543799443999593            47                            421                           0.1247004943371238            
46059                         11                            59.54091195937608             15.498442571368873            52                            448                           0.13614944551235245           
48140                         11                            59.54091195937611             11.983446267046343            39                            440                           0.10361350785114251           
53061                         11                            59.5409119593761              12.586634216751564            41                            442                           0.10868623963876328           
53333                         11                            48.143481537141014            13.530007276745785            45                            336                           0.1192642666326902            
54006                         11                            59.5409119593761              11.129525263852436            39                            365                           0.10021970106364987           
55014                         11                            20.88909830245669             3.6243181753015454            12                            136                           0.03260864604596893           
55372                         11                            59.5409119593761              15.653545913053357            52                            438                           0.1366446959598099            
58987                         11                            43.41134737695316             7.23163233537043              24                            309                           0.0639380558575445            
63688                         11                            59.5409119593761              12.832586333156364            41                            401                           0.1108806222091693            
64873                         11                            59.54091195937609             12.489745781739607            41                            443                           0.1083955178364286            
65213                         11                            59.540911959376096            10.882229980455422            38                            451                           0.09873096217169823           
67583                         11                            59.54091195937609             14.524690921654697            46                            429                           0.12393014784496124           
68468                         11                            59.54091195937609             12.873534122924564            43                            429                           0.11377710056347523           
69985                         11                            59.54091195937609             14.68440590167925             48                            461                           0.127905996002941             
73465                         11                            59.5409119593761              14.226265878950018            46                            453                           0.1223352636219289            
74262                         11                            59.540911959376096            16.939109207877173            56                            463                           0.14955322903576657           
74741                         11                            59.5409119593761              16.430386425651058            54                            474                           0.14301613959136888           
76770                         11                            59.540911959376096            15.54355661706514             50                            437                           0.13346280685757195           
76793                         11                            59.5409119593761              13.088148372305662            42                            451                           0.1120612138590096            
77098                         11                            59.5409119593761              14.202325434287214            49                            476                           0.1276149077567621            
78432                         11                            59.5409119593761              13.71597110658034             45                            437                           0.11954088475118746           
78433                         11                            59.5409119593761              11.602653904890339            39                            443                           0.10252808552102963           
78506                         11                            59.54091195937609             14.046599872568319            49                            465                           0.12738703920682767           
85553                         11                            59.5409119593761              14.145338174588442            45                            399                           0.12190216940235683           
86556                         11                            59.54091195937609             11.95304059563305             40                            419                           0.10497646701110555           
90442                         11                            59.5409119593761              11.63210550067439             39                            400                           0.10229165683656158           
90498                         11                            59.54091195937609             15.707652106285755            51                            459                           0.1373605659192235            
90520                         11                            59.54091195937609             18.808944403173587            63                            488                           0.1653493365951881            
90566                         11                            59.5409119593761              14.233304994364588            46                            421                           0.12287045561121712           
92268                         11                            59.540911959376096            12.447124871829246            41                            449                           0.10830897082715733           
92997                         11                            59.40766571751747             10.495916422422246            35                            471                           0.09260980479739751           
93490                         11                            59.5409119593761              12.736041801190467            41                            366                           0.11045601424750091           
93779                         11                            59.540911959376096            17.603290312853467            59                            436                           0.15466623246806113           
94817                         11                            59.5409119593761              14.235986596799739            48                            447                           0.12696197309367258           
96674                         11                            59.5409119593761              10.923914638945757            35                            434                           0.09479864101844326           
98370                         11                            59.5409119593761              10.780034657421288            36                            467                           0.09490364051027697           
98667                         11                            59.54091195937609             15.04848037975441             48                            456                           0.12818074481831296           
2428                          12                            59.54091195937609             15.444771138571909            50                            487                           0.13341085504227007           
3010                          12                            59.540911959376096            17.9102762357943              56                            451                           0.15148584643763036           
3189                          12                            59.5409119593761              14.763738043750024            49                            429                           0.13042213332859115           
6324                          12                            59.54091195937608             12.344016030751657            41                            428                           0.108456621559929             
6637                          12                            59.54091195937609             16.088193771402615            52                            442                           0.1393523635604618            
7275                          12                            59.54091195937611             15.360122963878219            51                            427                           0.134936472990915             
7975                          12                            59.540911959376096            14.90661660116215             50                            432                           0.12996273773070632           
10174                         12                            59.54091195937612             17.6368527761095              57                            472                           0.15089987257053314           
10355                         12                            59.5409119593761              9.548800733618428             33                            406                           0.08517933538243233           
10401                         12                            59.54091195937609             14.747272569763744            51                            411                           0.13157805462289884           
11007                         12                            47.92997677967414             11.234069777394074            38                            331                           0.09862038562917463           
12285                         12                            59.54091195937609             12.331376421913363            42                            420                           0.10983562073462885           
14535                         12                            26.344628422211862            5.270184516053308             17                            153                           0.04545643730616238           
14703                         12                            59.54091195937609             15.619184463880355            51                            436                           0.13629041983922344           
16022                         12                            59.54091195937609             16.307723686286113            54                            395                           0.1424493408703788            
19367                         12                            59.54091195937609             11.945009632335092            39                            402                           0.10354055314098577           
22113                         12                            59.5409119593761              14.359353075456049            48                            429                           0.12753392928759416           
22314                         12                            59.54091195937609             12.297380342104367            43                            365                           0.11075722714660677           
25261                         12                            59.5409119593761              11.56595488071034             37                            452                           0.09965088059457645           
26683                         12                            7.1283781621420825            1.0568101088238295            3                             49                            0.009518549461730336          
26790                         12                            59.540911959376096            12.352614410722436            41                            480                           0.10770060031467582           
29572                         12                            22.22738143765021             5.151307957209164             16                            144                           0.04410852951519281           
30414                         12                            59.540911959376096            10.642171357012563            34                            429                           0.09270030530355632           
33728                         12                            59.5409119593761              14.494105378272115            48                            432                           0.12620487270211167           
34409                         12                            59.540911959376096            13.309200980941018            44                            436                           0.11680214890318755           
36366                         12                            59.54091195937611             13.758078691818842            46                            441                           0.12171207871473752           
37259                         12                            59.540911959376096            12.783517709792633            42                            469                           0.11089441117970647           
40335                         12                            59.540911959376096            14.889163524546952            52                            475                           0.1342691718841692            
42704                         12                            56.40994459074305             10.569584706502317            36                            389                           0.09400901940824184           
42725                         12                            59.540911959376096            16.417383771703424            53                            457                           0.14298539780616668           
42782                         12                            46.47091195937609             9.353969872944454             30                            325                           0.08004115271389739           
43737                         12                            59.540911959376096            13.551317880242497            44                            461                           0.11831963563918153           
46936                         12                            59.54091195937611             15.671853478382612            51                            468                           0.1360957507695179            
48010                         12                            59.540911959376096            15.970636314038032            49                            472                           0.13420593030839692           
51930                         12                            59.5409119593761              11.906500462026907            38                            402                           0.10365642883232576           
52583                         12                            59.540911959376096            10.218578388381431            34                            422                           0.09135794984892429           
52861                         12                            17.842796577032193            3.0479319766076993            9                             113                           0.0251736702850652            
52918                         12                            59.5409119593761              17.378262826884814            56                            490                           0.14972708658676892           
54688                         12                            59.5409119593761              15.79267211851908             53                            427                           0.1385229750711798            
54969                         12                            59.54091195937609             13.143707646795306            45                            420                           0.11779411696555345           
58212                         12                            59.5409119593761              16.883629083969545            55                            511                           0.14634052585877821           
58666                         12                            59.5409119593761              16.54613293086265             53                            442                           0.14230793527985863           
60719                         12                            59.5409119593761              20.141319634163892            67                            484                           0.17677752392178298           
61086                         12                            59.5409119593761              17.658342718427328            56                            420                           0.1501146532975112            
62151                         12                            59.540911959376096            17.352393232550593            58                            439                           0.1537066105459505            
64270                         12                            59.540911959376096            17.158023432406885            57                            436                           0.14876275971991781           
65751                         12                            43.39591341070043             11.527376994035329            38                            310                           0.10087021235991216           
65827                         12                            59.540911959376096            14.21052380516144             46                            428                           0.12318364902731098           
67226                         12                            59.540911959376096            14.399401572154343            49                            470                           0.12752342587947646           
69840                         12                            59.54091195937609             14.276803191224543            49                            423                           0.1271868730321638            
72861                         12                            57.36855557307488             14.861815080631766            48                            427                           0.12879026297184049           
73041                         12                            59.540911959376096            16.191169220747128            53                            461                           0.14025798564147604           
73993                         12                            59.54091195937609             10.75522136513213             36                            425                           0.09422004294009892           
76400                         12                            59.54091195937609             13.317001527444244            43                            359                           0.1154737949255636            
77637                         12                            59.540911959376096            15.586342282676904            52                            448                           0.13635076304764662           
78028                         12                            59.54091195937612             15.663925396806187            54                            485                           0.13947507636556736           
79938                         12                            59.54091195937609             12.217214059145578            42                            460                           0.11012615349785639           
82624                         12                            59.5409119593761              12.88325453320632             43                            408                           0.11341037553175325           
84679                         12                            59.540911959376096            14.527760184727217            49                            426                           0.12777686117383996           
84697                         12                            59.54091195937612             13.671665588596221            44                            447                           0.11721319493705981           
86375                         12                            59.5409119593761              16.523324115198413            56                            461                           0.147578850148372             
89577                         12                            59.5409119593761              14.281395221152906            48                            439                           0.12532282235544318           
89891                         12                            59.540911959376096            13.227819721873061            45                            418                           0.11798680795221801           
90695                         12                            59.54091195937609             15.788262506184335            52                            439                           0.13732198030151763           
93777                         12                            59.540911959376096            13.18762404055567             45                            446                           0.11650147255161135           
96072                         12                            59.5409119593761              15.052196310419536            52                            436                           0.13529266563900966           
97694                         12                            59.54091195937612             14.44375240634894             46                            466                           0.1252385648413737            
97904                         12                            59.540911959376096            16.367136291316786            56                            463                           0.1470799894546767            
99924                         12                            59.540911959376096            14.331856839002793            48                            486                           0.12672179706040532           
