### BoGEMMS simulation ### 
# EventID Pos Edep_scint[keV] Nabs_SiPM_PDE Nabs_SiPM N_opt Edep_SiPM[keV]
1187                          1                             59.540911959376096            11.07277146657311             37                            431                           0.09803748553670391           
1212                          1                             59.54091195937609             11.291375517527772            39                            437                           0.10048708792086779           
5108                          1                             22.414696716681853            3.142541488914319             11                            160                           0.028407910847290704          
5477                          1                             59.5409119593761              10.243373668346019            35                            457                           0.09010312577757848           
6442                          1                             59.540911959376096            15.928544587636813            53                            483                           0.14047456473408898           
9328                          1                             59.54091195937609             11.800303025096985            40                            428                           0.10529081482170058           
10842                         1                             59.54091195937609             14.257217769995302            52                            456                           0.13272871125472116           
11029                         1                             59.540911959376096            12.654702998310862            40                            426                           0.10851331150237864           
16020                         1                             59.540911959376075            15.611178190214448            53                            448                           0.138837500738076             
16614                         1                             59.540911959376096            11.851668036238106            38                            434                           0.10192106915800947           
20545                         1                             59.540911959376096            12.319528275591079            39                            428                           0.10571688063998771           
20643                         1                             59.5409119593761              15.95525775986995             53                            473                           0.1404141742589734            
20917                         1                             59.54091195937609             11.459436583970911            39                            386                           0.10243173473460752           
21241                         1                             59.54091195937609             15.548171153075819            50                            474                           0.13476334830085973           
23143                         1                             59.540911959376096            11.847150264591349            39                            442                           0.10310626700803908           
26037                         1                             59.540911959376075            11.39136578309523             37                            416                           0.098834587192754             
29096                         1                             59.540911959376096            13.220877915016795            43                            473                           0.11418938026582982           
29807                         1                             59.54091195937609             11.022188599177134            37                            411                           0.09753564019083434           
30933                         1                             59.5409119593761              15.75987965291598             52                            443                           0.13793993104413416           
30965                         1                             59.5409119593761              9.219655441885763             29                            401                           0.07868910247849344           
31277                         1                             59.54091195937611             14.037799381581207            50                            439                           0.12848423523726882           
31599                         1                             59.54091195937611             14.770321137940115            48                            446                           0.1270076078832575            
32748                         1                             59.540911959376096            14.25721586561953             49                            412                           0.12708990736366482           
33953                         1                             26.34462842221187             7.032318194299583             24                            195                           0.06222712550278874           
35805                         1                             59.54091195937609             11.493968080865926            38                            436                           0.10092062692018355           
38996                         1                             59.54091195937608             10.130149786148156            36                            439                           0.09213644640141792           
40772                         1                             58.21491505267836             14.286995053912921            48                            453                           0.12631447594673076           
41571                         1                             59.54091195937608             14.250231986822081            46                            437                           0.12318563377468275           
41722                         1                             59.54091195937611             14.570248682866058            46                            459                           0.1241176866853678            
43432                         1                             59.5409119593761              14.804523400403976            51                            408                           0.13226320553821366           
43709                         1                             59.54091195937609             8.414541059338577             28                            389                           0.07371975456738944           
44887                         1                             59.54091195937608             14.783558179703308            50                            456                           0.13221248429106913           
46167                         1                             59.540911959376075            12.28946621076115             41                            443                           0.10725305914672756           
48419                         1                             59.54091195937609             13.836487861334039            45                            438                           0.12140311627007921           
49783                         1                             59.5409119593761              13.765148968084285            45                            447                           0.11960091439338025           
51732                         1                             59.54091195937609             14.895395367974787            49                            468                           0.13038401950225875           
54397                         1                             59.540911959376096            8.817916497797512             31                            448                           0.07982155506593645           
54402                         1                             59.54091195937609             10.204796149006437            33                            412                           0.08762028447944387           
55573                         1                             59.54091195937611             12.295738186524435            41                            460                           0.10793308213428246           
55778                         1                             59.54091195937609             10.545922164578922            35                            435                           0.09214353034658866           
57681                         1                             59.54091195937609             15.028131939629658            49                            443                           0.1299792056420741            
58771                         1                             59.5409119593761              11.707545263379586            42                            350                           0.1073602220685566            
59351                         1                             59.5409119593761              9.277677864838752             32                            385                           0.08292751504276238           
61964                         1                             59.54091195937609             17.430538143686935            59                            420                           0.1539438291163448            
63436                         1                             59.5409119593761              11.751872381548361            37                            390                           0.09981699715970986           
63952                         1                             59.540911959376096            13.311455404630893            44                            396                           0.11533684767081834           
64019                         1                             59.54091195937611             9.139924781008087             30                            406                           0.07977276676004265           
65322                         1                             59.540911959376096            16.07042530098881             51                            449                           0.13632986922079104           
66118                         1                             59.540911959376096            12.503002734773709            42                            415                           0.10980911928942401           
66478                         1                             59.540911959376096            13.350960196831508            44                            456                           0.11593557881191908           
68016                         1                             59.54091195937609             11.268491489551261            39                            428                           0.10258829523471338           
68876                         1                             42.699804281921175            10.175306207677082            34                            304                           0.0894615958230477            
70619                         1                             59.54091195937609             16.687114201307626            54                            455                           0.14590139494430449           
71051                         1                             59.54091195937609             13.589518320517328            44                            468                           0.11834557183346461           
73256                         1                             59.540911959376096            15.046603606208281            48                            473                           0.12825677656001655           
75123                         1                             59.540911959376096            17.4496682201927              58                            463                           0.15330025005437              
75979                         1                             59.5409119593761              15.642963231479431            52                            487                           0.1373435255743954            
77538                         1                             59.540911959376096            13.248925085826944            45                            446                           0.1185708813849196            
80334                         1                             47.70076895758806             9.20879312579107              33                            343                           0.08338040078312163           
82793                         1                             59.5409119593761              15.860274648846117            51                            450                           0.13743439490935708           
86049                         1                             59.5409119593761              12.905551495101555            42                            419                           0.11136173586734682           
86418                         1                             59.5409119593761              11.046751787263414            37                            446                           0.0976209507857274            
87700                         1                             59.54091195937609             12.613920330589929            43                            445                           0.11256073327160591           
87705                         1                             59.54091195937609             13.534952705406269            48                            464                           0.12315635599423994           
89132                         1                             59.54091195937611             10.200610108708299            35                            449                           0.09072127042614402           
91769                         1                             59.5409119593761              12.76772856045107             43                            427                           0.11202866045352122           
97688                         1                             59.54091195937609             14.641697437243414            49                            453                           0.1280360025904312            
99746                         1                             59.5409119593761              12.454585576645554            43                            451                           0.11104450726155438           
626                           2                             57.47225536988853             12.263298516314178            40                            427                           0.10599478525208522           
1292                          2                             59.54091195937611             20.23036188507342             66                            461                           0.1747338362182596            
1908                          2                             59.5409119593761              17.38476454527127             60                            435                           0.15664290958398058           
4568                          2                             59.5409119593761              13.381419623770315            45                            423                           0.12145759119596099           
7001                          2                             59.5409119593761              16.550122063788415            57                            468                           0.14874637169906285           
9193                          2                             59.540911959376096            20.237668477481776            67                            422                           0.17776285868585323           
9933                          2                             59.5409119593761              16.025100044363445            52                            447                           0.13765545945276197           
10610                         2                             59.54091195937609             19.797262318699968            66                            440                           0.17446902077169954           
13001                         2                             59.5409119593761              16.785489967221327            55                            478                           0.14492976977259597           
13315                         2                             59.54091195937609             15.60784811447632             54                            428                           0.14091975197942744           
13984                         2                             59.540911959376096            19.10882111382597             61                            426                           0.16632124693387274           
17236                         2                             59.5409119593761              14.48799112248618             48                            368                           0.1261873273288671            
17267                         2                             49.28761918427599             11.022622099203113            34                            370                           0.09299941636426608           
17281                         2                             59.54091195937609             17.719307330273114            62                            465                           0.16042188043679215           
17542                         2                             59.54091195937609             15.344641581600639            51                            460                           0.13531299410696823           
19289                         2                             59.5409119593761              14.563470220699687            50                            395                           0.13008285993117877           
19455                         2                             59.5409119593761              15.72105294076512             51                            455                           0.1354460165195301            
20442                         2                             59.5409119593761              18.951546209516394            59                            459                           0.16058364555331642           
23281                         2                             59.54091195937609             16.09038019693785             55                            452                           0.144119901990685             
23437                         2                             59.5409119593761              12.256932304596262            39                            433                           0.10402334522435887           
23601                         2                             59.5409119593761              18.34957609781164             60                            478                           0.16149008919632515           
24120                         2                             59.54091195937609             15.547564678430131            51                            459                           0.13598685742899852           
24282                         2                             59.5409119593761              14.984955659268328            49                            449                           0.13104874393726024           
25311                         2                             59.54091195937609             15.826191418951597            51                            418                           0.13664081320372587           
26236                         2                             59.54091195937609             15.626450798396212            51                            435                           0.1348551905940972            
26990                         2                             59.54091195937609             18.007259749642873            59                            442                           0.15765055245851706           
27947                         2                             59.5409119593761              16.126894151179915            53                            507                           0.14007223275961453           
29088                         2                             59.54091195937609             15.839804223835314            53                            443                           0.13870519314720814           
30288                         2                             59.540911959376096            11.583510046352977            39                            390                           0.1023035622993535            
30349                         2                             57.92014216379544             14.16337829395177             49                            432                           0.12653290957606578           
31884                         2                             59.54091195937609             15.857099440207827            52                            443                           0.13868327088817956           
31990                         2                             59.5409119593761              17.34125619005039             58                            442                           0.15222670326667792           
32340                         2                             59.540911959376096            17.315384346582416            58                            480                           0.1516006777178919            
35979                         2                             59.540911959376075            17.329993731336003            57                            454                           0.15086019879558496           
38668                         2                             59.54091195937609             18.616206934460084            63                            433                           0.16367813423132246           
43180                         2                             59.5409119593761              22.482410816864494            74                            479                           0.1982370885756665            
43471                         2                             59.540911959376096            17.411339401688235            59                            479                           0.15491608325981593           
46166                         2                             59.540911959376096            17.871306302125575            59                            430                           0.15622546903554696           
46601                         2                             59.540911959376075            17.59302248562                55                            417                           0.149124917816248             
46762                         2                             59.54091195937609             20.36716905064038             66                            445                           0.17609506815378795           
48077                         2                             59.5409119593761              14.688678399406676            50                            427                           0.12998384707125016           
49356                         2                             59.54091195937609             21.63820334858694             70                            458                           0.18801890098066726           
51616                         2                             59.5409119593761              13.58468479807133             43                            381                           0.11795502213900161           
52073                         2                             59.540911959376096            12.089636242399674            41                            447                           0.10832105591958377           
52152                         2                             59.540911959376096            17.600290850767507            55                            423                           0.1501234639372545            
52768                         2                             59.5409119593761              15.953013111399592            52                            431                           0.1380249890965136            
54562                         2                             59.54091195937609             21.385062066781302            68                            439                           0.18450393514428734           
56112                         2                             59.540911959376096            12.473339758392928            40                            444                           0.10712083858911653           
58574                         2                             59.540911959376096            16.48538314760742             54                            435                           0.14330478855974257           
60763                         2                             59.540911959376096            11.212754828136827            37                            385                           0.09872579541260738           
61353                         2                             59.54091195937611             11.62027396827868             38                            453                           0.10128235234883198           
62920                         2                             59.54091195937609             14.257009449276632            47                            418                           0.1239624514060695            
63083                         2                             59.54091195937609             16.26812634059502             55                            453                           0.14310215584775626           
63693                         2                             59.5409119593761              12.328553248886445            42                            433                           0.1108972421782728            
65470                         2                             59.5409119593761              15.930635848936602            53                            427                           0.13973159434797647           
65600                         2                             59.5409119593761              17.200729340938075            58                            453                           0.15304718486368743           
68434                         2                             59.5409119593761              11.79489445410587             39                            430                           0.10370101208920304           
68789                         2                             59.5409119593761              16.353246594235152            54                            452                           0.1416748984964283            
68905                         2                             48.6134578063064              11.623733339768028            39                            378                           0.10382810723544268           
69062                         2                             59.54091195937609             13.346014152190017            45                            449                           0.11861017695364248           
71251                         2                             59.54091195937609             19.320296495944504            63                            428                           0.16976456089260944           
71970                         2                             59.5409119593761              10.903295422655262            35                            466                           0.09321080493072618           
73183                         2                             59.54091195937609             15.520044027935842            52                            419                           0.1360639805653053            
74541                         2                             59.5409119593761              16.248212844970865            57                            450                           0.14588395053851788           
75602                         2                             59.54091195937609             13.11824979606197             47                            438                           0.12110062861546826           
75672                         2                             59.5409119593761              14.317479710463552            48                            438                           0.12591343041040634           
75819                         2                             59.540911959376096            14.460106465150488            50                            441                           0.12978605416592734           
75930                         2                             59.540911959376096            13.690688350658723            43                            437                           0.11585346557472741           
77250                         2                             59.540911959376096            18.387138346055952            59                            415                           0.15691421859339316           
77976                         2                             59.54091195937609             14.567322867030207            47                            468                           0.12539513716034434           
82745                         2                             59.5409119593761              8.7600683089911               30                            421                           0.07762339864820854           
83402                         2                             59.540911959376096            15.868894405367993            54                            382                           0.14249889886342226           
86133                         2                             59.54091195937609             14.908655563404254            50                            484                           0.1325193957613015            
87136                         2                             59.5409119593761              17.949129716828853            64                            404                           0.16400081879975187           
88648                         2                             59.5409119593761              19.079777754803118            65                            450                           0.16908641012736042           
88681                         2                             59.5409119593761              16.27652697743563             54                            435                           0.1419289252639833            
88703                         2                             59.54091195937609             17.248400829151947            54                            492                           0.14611438326841225           
89236                         2                             48.86610731000966             13.319213653977913            42                            361                           0.11385500542399465           
91412                         2                             59.540911959376096            20.160148032805342            67                            471                           0.17764809397447925           
93733                         2                             59.54091195937609             13.541822852178095            49                            429                           0.12477767649929074           
97861                         2                             59.540911959376075            18.142408732703213            59                            450                           0.15645120787672853           
99369                         2                             59.54091195937611             12.061537376386214            39                            444                           0.10408911308100081           
99769                         2                             59.54091195937609             15.024115923520188            50                            450                           0.13218908763034293           
2549                          3                             59.54091195937609             13.007990386020367            44                            463                           0.11440179822283589           
2884                          3                             59.540911959376096            11.83541875042688             40                            468                           0.10413454649169558           
3136                          3                             48.73204508068102             13.313896052934567            44                            399                           0.11720760581238668           
5712                          3                             59.54091195937609             12.950637621416451            43                            465                           0.11250173828544387           
7293                          3                             59.54091195937608             13.481071635979816            44                            486                           0.11744447394523468           
10318                         3                             59.54091195937609             13.366374240443008            46                            421                           0.11971847615921537           
13391                         3                             59.5409119593761              12.429880907769418            40                            428                           0.10802831906757991           
14434                         3                             59.54091195937612             12.283713729025985            41                            398                           0.1077859838633925            
17385                         3                             59.540911959376096            16.29737159920587             52                            446                           0.13966395955591987           
19767                         3                             59.54383779433368             11.696041283871356            38                            440                           0.10141309895316651           
20800                         3                             59.5409119593761              12.46245655815393             42                            432                           0.11067346429410944           
21842                         3                             59.5409119593761              15.033575429043701            50                            468                           0.1320114156558926            
21844                         3                             56.3156092343028              12.132494523715819            41                            407                           0.10743122607280976           
25489                         3                             59.54091195937607             14.075501639445603            49                            431                           0.12647394312217758           
25508                         3                             59.54091195937611             15.127110474174364            50                            450                           0.1325585949067185            
27186                         3                             59.5409119593761              9.462273615868067             31                            407                           0.08160178785876349           
27216                         3                             59.540911959376096            12.302523680754202            43                            442                           0.11067821152936026           
27689                         3                             59.54091195937609             13.059052399648355            41                            439                           0.11093702919227404           
28439                         3                             59.54091195937609             13.984411360902895            46                            457                           0.12134110724283738           
34200                         3                             59.540911959376096            13.66430408822244             44                            450                           0.11805612681220452           
35987                         3                             59.5409119593761              15.241021601038005            49                            459                           0.13067819977909392           
37864                         3                             59.54091195937609             17.008636566574342            55                            493                           0.14698313022784046           
40991                         3                             111.19664930411082            20.457830495621756            66                            776                           0.1764534158645701            
43152                         3                             59.54091195937611             10.847242995444311            37                            479                           0.09583840880684377           
43407                         3                             59.5409119593761              13.10600502488225             45                            465                           0.11749023336944114           
49397                         3                             59.540911959376096            14.718733194890191            52                            475                           0.1346447575228962            
49632                         3                             59.54091195937609             12.907702841640463            43                            439                           0.11261461760623133           
49704                         3                             59.5409119593761              12.205868712254993            43                            440                           0.1113140515137626            
54497                         3                             59.5409119593761              11.731251744964334            39                            430                           0.1026579112503137            
55953                         3                             59.540911959376096            11.845871622364495            40                            438                           0.10595323529022799           
56786                         3                             59.540911959376096            12.710414569831295            41                            435                           0.10917999242931163           
57113                         3                             59.540911959376096            16.292168892783092            51                            458                           0.13911295052566433           
57332                         3                             59.5409119593761              10.286290468384978            34                            446                           0.08927452013703539           
60009                         3                             59.5409119593761              10.826420020647651            37                            380                           0.09581639083893018           
60556                         3                             59.5409119593761              18.020531919042995            57                            474                           0.15432433556126027           
60575                         3                             59.5409119593761              12.145821398636414            42                            477                           0.10876113118283862           
62143                         3                             59.54091195937609             11.66866486393445             38                            428                           0.10130802104816608           
63273                         3                             59.54091195937608             13.960648068108274            48                            462                           0.1261011552487688            
70684                         3                             59.54091195937608             11.858769724154453            42                            433                           0.10792065062918801           
70721                         3                             59.54091195937609             13.430483962618647            46                            486                           0.11989987471680073           
75587                         3                             59.540911959376096            12.432653150731808            41                            443                           0.10877539795069885           
76117                         3                             59.54091195937609             11.420747386654567            37                            473                           0.09845142586738072           
76791                         3                             59.5409119593761              16.006670557830624            54                            432                           0.14335334149162682           
77060                         3                             59.540911959376096            10.358969082791164            33                            422                           0.08858724824664768           
86428                         3                             59.5409119593761              10.532125411044586            36                            427                           0.09492652389772441           
92203                         3                             59.54091195937609             14.529768694005922            48                            493                           0.12865419848190643           
94459                         3                             59.54091195937609             13.18884432380881             43                            444                           0.11460647767012308           
94633                         3                             49.27867721860899             11.351567442810776            36                            363                           0.09670840598963462           
95884                         3                             59.54091195937608             13.612491343872273            47                            432                           0.12181587435085284           
96803                         3                             59.540911959376096            12.395371934117716            43                            430                           0.11078503224050684           
96868                         3                             59.540911959376096            10.785991034455147            37                            330                           0.09701474461803801           
98312                         3                             59.54091195937612             13.523241131991496            45                            461                           0.11837274711558046           
502                           4                             59.54091195937611             13.58263958473991             45                            455                           0.11896173927828815           
1222                          4                             59.540911959376096            13.999479985918605            47                            477                           0.12297628467136054           
2965                          4                             59.5409119593761              14.303318833948621            46                            450                           0.12293086671714921           
3726                          4                             59.54091195937609             12.16794392148134             40                            417                           0.10670267018589213           
5368                          4                             59.5409119593761              12.249969915581904            41                            493                           0.1080373767435034            
5775                          4                             59.5409119593761              13.741632089383696            47                            467                           0.1242688708038169            
6381                          4                             59.5409119593761              10.296620253972378            34                            458                           0.09144628357390938           
10671                         4                             59.54091195937608             10.10357466134101             35                            408                           0.09051779866181499           
11249                         4                             59.54091195937609             17.863250221049267            59                            463                           0.15665279165871274           
13923                         4                             59.540911959376096            17.08594148770039             55                            423                           0.14752386704967144           
14969                         4                             59.540911959376096            14.128898899105863            47                            444                           0.12444413288366508           
15130                         4                             59.54091195937609             14.475241536279366            47                            446                           0.12494915475948362           
15286                         4                             59.54091195937609             14.492247202417909            49                            445                           0.12910530576525633           
16237                         4                             59.540911959376096            13.479772155994539            43                            421                           0.11555173118529098           
17517                         4                             59.5409119593761              13.07144953268287             46                            489                           0.11870931341278271           
18657                         4                             59.540911959376096            15.56242325896562             50                            471                           0.13530896056801636           
19142                         4                             59.54091195937609             13.301472337792966            44                            404                           0.11769934492349349           
21427                         4                             59.54091195937609             12.813024039812142            41                            422                           0.10999246912600541           
24026                         4                             49.85692124970362             12.469776282227446            40                            381                           0.1068725090803861            
25113                         4                             59.540911959376075            16.593613000500337            56                            462                           0.14655363273611136           
25306                         4                             59.54091195937609             14.435980005388034            48                            457                           0.12625190045296963           
26461                         4                             59.54091195937611             12.122848964997052            38                            432                           0.1035971206801827            
27314                         4                             59.540911959376096            14.881185451882823            50                            420                           0.13038932101189535           
27335                         4                             59.5409119593761              13.360683182981541            45                            432                           0.11835462639441457           
28884                         4                             44.237911959376106            9.831637340858663             36                            344                           0.09088278993347927           
31299                         4                             59.54091195937608             15.042182491394875            48                            444                           0.12820213930921215           
34257                         4                             59.54091195937609             16.284148946813808            53                            487                           0.14153393321150531           
35791                         4                             59.12103288324004             11.776028974049613            40                            476                           0.10522363365097095           
36511                         4                             59.540911959376096            11.011378995254725            39                            484                           0.10065163580231838           
39926                         4                             59.540911959376096            15.357389817503094            51                            451                           0.13449897218362208           
40491                         4                             59.5409119593761              16.73704487117697             54                            439                           0.14378237927406784           
41518                         4                             59.54091195937609             11.180780246023732            37                            452                           0.09817412031250902           
43042                         4                             59.5409119593761              12.54117263898222             42                            414                           0.11017599271091705           
44971                         4                             59.54091195937611             10.971721268051168            36                            437                           0.09497454294797646           
46837                         4                             59.5409119593761              15.060092658118894            51                            456                           0.13517625211767323           
49087                         4                             59.54091195937609             12.536970756553522            42                            429                           0.10948869361675086           
50188                         4                             59.54091195937609             14.288405345290421            48                            439                           0.12709112278335036           
50767                         4                             26.34462842221187             6.445858943417863             21                            179                           0.05750493041811784           
51429                         4                             59.5409119593761              17.396266299806275            60                            451                           0.15650584682136706           
51831                         4                             59.540911959376096            15.550461618832388            52                            424                           0.13671845048093648           
53194                         4                             59.54091195937609             14.540732592694049            48                            427                           0.12769553217816365           
54040                         4                             55.82904431432117             14.707098978792862            48                            438                           0.1277563384528817            
55913                         4                             59.54091195937609             12.440546299089844            43                            435                           0.11208554160899994           
56958                         4                             59.54091195937609             17.460855289905655            55                            460                           0.14885696137841165           
57374                         4                             59.540911959376075            15.773003919800738            55                            457                           0.14104962213025518           
60940                         4                             59.54091195937608             12.229233253092461            40                            430                           0.10542020778155511           
63292                         4                             59.540911959376096            10.142468544208482            33                            434                           0.08957910819977817           
64305                         4                             59.540911959376096            11.760344316871844            41                            387                           0.10572119914514659           
65539                         4                             59.5409119593761              13.667412475746985            49                            439                           0.12542198315960526           
68648                         4                             59.54091195937609             12.347262460978486            41                            472                           0.10800348768240747           
69005                         4                             59.5409119593761              14.216813894322902            46                            453                           0.12296196934484437           
70008                         4                             59.54091195937609             14.576604056939177            50                            437                           0.12982730454044494           
70068                         4                             26.344628422211873            3.944937276242864             14                            175                           0.03542822830418556           
70549                         4                             33.19628749863771             7.199464239257869             25                            234                           0.06436946093731605           
71368                         4                             6.085313006407701             1.564998846279161             5                             45                            0.013144274350061179          
72836                         4                             57.817696372249344            12.88998313388935             42                            459                           0.11243062757936088           
73572                         4                             59.5409119593761              11.15459563641895             36                            468                           0.09517861202515716           
74839                         4                             59.540911959376096            14.697621658840472            45                            433                           0.12469925933094407           
76132                         4                             59.540911959376096            14.10489963806555             48                            430                           0.12523318680420042           
76375                         4                             59.540911959376096            13.972928314487987            47                            476                           0.12361840754268963           
77021                         4                             59.54091195937609             15.321526965587502            51                            426                           0.13329587236803012           
77086                         4                             46.25862244433434             13.0099614508654              43                            357                           0.11398914174684507           
78853                         4                             59.5409119593761              12.552568827906919            42                            467                           0.1102573712648195            
80278                         4                             59.5409119593761              12.221219601191931            42                            464                           0.11008434901122051           
80754                         4                             43.41936734530308             9.923335873987039             34                            327                           0.0890336526341916            
81371                         4                             59.540911959376096            13.43477802075288             45                            465                           0.11872242281576599           
82001                         4                             58.28145369125396             14.839355630154042            49                            475                           0.13053875995285819           
83797                         4                             59.5409119593761              11.175294879716612            38                            449                           0.09881649812259381           
85384                         4                             59.540911959376096            16.262989734203913            52                            466                           0.14028435110699117           
87210                         4                             59.5409119593761              14.759675474916223            48                            463                           0.12805062777872972           
89540                         4                             59.54091195937608             17.263328297353144            58                            452                           0.15435499972853917           
89672                         4                             59.5409119593761              11.444858730327487            38                            411                           0.10055799204301862           
90735                         4                             59.54091195937609             9.653092175091123             33                            401                           0.08545908389116587           
91690                         4                             59.54091195937609             15.177241913491727            50                            453                           0.13249376817485012           
94477                         4                             59.54091195937609             14.889380603852523            49                            466                           0.13000289414376665           
97186                         4                             59.5409119593761              12.221889852006525            40                            448                           0.10667794810421656           
98676                         4                             59.54091195937609             12.963309713886877            44                            439                           0.11570593850084339           
99136                         4                             59.540911959376096            12.675689527527474            41                            453                           0.11070636599961375           
238                           5                             59.54091195937609             11.656718483322525            39                            425                           0.10217444590433795           
359                           5                             59.5409119593761              12.11073067240667             39                            373                           0.10381034004540432           
704                           5                             59.54091195937608             15.989492585380198            51                            460                           0.13749527611531287           
978                           5                             20.889101067375208            5.5941712817630025            18                            129                           0.04853683094103365           
1180                          5                             59.54091195937609             17.274609963528512            54                            476                           0.14692961344512348           
1895                          5                             59.54091195937609             10.497788130040195            34                            367                           0.09171922458217042           
2286                          5                             59.5409119593761              14.544415396883046            48                            475                           0.12756206843852674           
2949                          5                             59.5409119593761              16.888730220600372            57                            461                           0.14849532437293878           
3123                          5                             59.5409119593761              14.383303243022501            49                            424                           0.12707210829677706           
3440                          5                             59.5409119593761              11.518014122575373            38                            429                           0.10035401000043083           
3495                          5                             59.54091195937609             17.603055735343162            57                            451                           0.15232686165979945           
4028                          5                             59.540911959376096            16.94147358897005             58                            447                           0.15083290672875746           
5445                          5                             59.540911959376096            14.79643946648351             47                            416                           0.1255870256583203            
6501                          5                             59.5409119593761              11.354496448465488            35                            443                           0.09616734397254507           
8216                          5                             59.540911959376096            15.517585314392058            54                            454                           0.1385770922110218            
8598                          5                             59.54091195937611             13.589173355649523            46                            405                           0.11976425657660104           
10211                         5                             53.94249868208243             15.739690217733234            50                            431                           0.13557737392840252           
10377                         5                             59.540911959376096            15.91548259854653             53                            471                           0.13958655434217554           
11292                         5                             59.5409119593761              19.39951718706777             64                            460                           0.1687320000561561            
11546                         5                             59.5409119593761              13.328267480646991            44                            438                           0.1164841041715665            
13410                         5                             26.34462842221187             5.777457156206595             20                            204                           0.05152659146204325           
13702                         5                             59.5409119593761              12.010821603193818            38                            406                           0.10283967720187681           
16753                         5                             59.54091195937609             12.355859411410789            40                            467                           0.10751147706093872           
17019                         5                             59.540911959376096            13.398280465225568            42                            403                           0.11584654533865027           
18837                         5                             59.540911959376096            15.887779861241148            51                            437                           0.1361884432326782            
18969                         5                             59.5409119593761              17.002525659781295            53                            432                           0.1433829779984816            
19418                         5                             59.540911959376096            15.531232565932926            53                            450                           0.1373734808523417            
24235                         5                             59.54091195937609             17.204992946104635            54                            424                           0.14700478065240963           
24450                         5                             59.54091195937609             15.133459290311087            48                            435                           0.12957516648653736           
25605                         5                             59.540911959376075            16.837950092401258            57                            484                           0.14903374377637382           
27831                         5                             59.54091195937609             16.268328349242925            54                            463                           0.14243610670473789           
28182                         5                             59.54091195937608             13.324087759989027            43                            387                           0.11579716742240269           
28485                         5                             51.52835104184031             12.379249875182767            41                            406                           0.10747413271449993           
28623                         5                             59.54091195937609             15.498267126608056            53                            471                           0.13799148831616              
29490                         5                             59.54091195937608             16.872018533083548            57                            509                           0.14971328614742274           
29773                         5                             59.540911959376096            15.012571726470144            50                            453                           0.13153186439968892           
30494                         5                             59.54091195937611             15.163680473125938            48                            450                           0.1292261266492743            
33984                         5                             59.540911959376096            14.43195101164896             50                            472                           0.13247817473230528           
34355                         5                             59.54091195937609             16.585297644773675            53                            435                           0.14168897079798523           
35552                         5                             59.540911959376096            11.915228420614163            39                            434                           0.10262385885685879           
37638                         5                             59.540911959376075            13.491951420185329            44                            476                           0.11753736264035318           
38618                         5                             59.5409119593761              16.386029744364446            53                            447                           0.14064108709584272           
39355                         5                             59.54091195937609             14.901880086619371            51                            424                           0.13478932272398478           
39962                         5                             59.5409119593761              18.68332108680571             58                            437                           0.15729382901809022           
40247                         5                             59.540911959376096            14.45160755807013             49                            452                           0.1279898417844076            
40342                         5                             59.540911959376096            10.386376742741499            34                            437                           0.09093163974114699           
42347                         5                             59.540911959376096            12.82906173507325             40                            410                           0.10836893952891491           
43170                         5                             59.54091195937608             12.24632574156514             41                            473                           0.10761575228020921           
43666                         5                             59.540911959376096            16.66182197320006             56                            460                           0.14747490075069192           
44038                         5                             20.889101700786277            3.76767925142264              12                            153                           0.03197165021334242           
45112                         5                             59.54091195937609             8.553634810639048             27                            364                           0.07405060423113213           
46789                         5                             59.540911959376125            15.608084326392865            48                            497                           0.1308357389638359            
49626                         5                             59.54091195937609             14.055580337034563            45                            469                           0.12103439865108333           
49818                         5                             59.54091195937609             13.271497584554371            46                            466                           0.11957172392543944           
50516                         5                             58.92769883553335             13.540254245381501            46                            423                           0.11975079798178014           
51995                         5                             59.5409119593761              16.67049193988061             58                            464                           0.15013006645051366           
52150                         5                             59.5409119593761              12.758168097088367            42                            435                           0.11154777869980273           
52603                         5                             59.54091195937611             12.71352260197211             42                            462                           0.11094350900936738           
54225                         5                             17.84280813487652             4.710084813195124             15                            135                           0.03973310678110917           
56669                         5                             59.5409119593761              16.78337698328904             55                            473                           0.1473686104704538            
57589                         5                             59.54091195937611             12.204179769211521            40                            443                           0.10659989124066238           
59766                         5                             59.5409119593761              15.100230645987075            49                            440                           0.1297992441995432            
62775                         5                             59.54091195937611             18.247586613393608            60                            447                           0.1596044298795102            
63523                         5                             59.54091195937609             13.462645302012914            43                            428                           0.11598053693874015           
66505                         5                             59.540911959376096            11.041465136943913            37                            433                           0.09687046042940221           
66986                         5                             59.54091195937609             15.247024182798496            49                            430                           0.1308047745492956            
67820                         5                             59.540911959376096            15.97191108629029             52                            433                           0.13902524562844112           
68397                         5                             59.540911959376096            12.459620290831461            43                            431                           0.1123938838014046            
68507                         5                             59.54091195937609             13.034291490614939            42                            444                           0.11301150795183697           
69217                         5                             59.54091195937609             18.83558316238164             64                            453                           0.16663901863953573           
71443                         5                             59.540911959376096            13.313158101800695            46                            425                           0.1193108308351885            
74748                         5                             59.5409119593761              13.923296914114893            45                            433                           0.1201466262860823            
74951                         5                             47.102376004714664            11.402716803227646            37                            330                           0.09971074584479415           
76395                         5                             59.54091195937609             11.970054428393176            38                            419                           0.10189291113765322           
81919                         5                             59.54091195937609             14.236365670765625            48                            461                           0.12682289051110762           
84227                         5                             59.540911959376096            14.43689061463507             49                            442                           0.12699669193973456           
84529                         5                             59.5409119593761              15.477700448755042            55                            487                           0.1410197246734811            
85213                         5                             59.5409119593761              16.218478196604156            54                            468                           0.14395365047372216           
85461                         5                             59.54091195937609             18.76733050362185             64                            489                           0.16653885964899162           
86148                         5                             59.540911959376096            14.11866609478404             47                            455                           0.12442776849227333           
89214                         5                             59.06371523317804             13.203700050587061            43                            454                           0.11427251883583636           
89987                         5                             59.54091195937609             13.817151881382962            47                            448                           0.12231500456502917           
91000                         5                             59.54091195937612             14.108559252834182            47                            444                           0.12345146148703513           
92926                         5                             59.54091195937609             13.24811089255251             44                            487                           0.11581568085258194           
97523                         5                             59.540911959376096            12.887678386500621            43                            398                           0.11487727442228134           
99196                         5                             59.54091195937609             17.178710204450717            58                            438                           0.15186504055281871           
560                           6                             59.54091195937609             13.589808247005394            45                            483                           0.11811933751589429           
2786                          6                             59.540911959376096            17.323200964293978            59                            488                           0.15410939691736641           
6416                          6                             59.540911959376096            12.229631462196702            42                            440                           0.10917260729970381           
6819                          6                             59.54091195937609             13.668046741598895            45                            466                           0.12064006467926981           
7118                          6                             26.344628422211876            8.585686003277555             29                            217                           0.07614604386439254           
10618                         6                             59.540911959376075            17.873002805304438            58                            466                           0.15421059913207064           
11639                         6                             56.960348917327835            12.96677615805385             40                            436                           0.1085778996809035            
12560                         6                             59.54091195937611             15.697769388865602            50                            441                           0.13344963126708748           
13890                         6                             48.61161722826158             10.363753244592141            36                            330                           0.09283271026737475           
16460                         6                             59.5409119593761              15.056701180131194            50                            464                           0.13329301921628953           
17459                         6                             59.5409119593761              14.95372468548644             47                            426                           0.1284322047023014            
18533                         6                             59.5409119593761              12.78911708473458             43                            427                           0.11320299391622884           
19714                         6                             59.54091195937609             11.053022775005775            36                            454                           0.09545458809318241           
21157                         6                             56.50845687781013             11.414260332392919            38                            397                           0.1000662565684536            
23050                         6                             59.5409119593761              15.07424784510809             52                            412                           0.13444163793705266           
23673                         6                             59.5409119593761              11.433931875357699            39                            458                           0.1015943215737471            
24406                         6                             59.540911959376096            13.469880294782005            44                            435                           0.11671243989028093           
24695                         6                             59.54091195937608             14.06004383710443             45                            416                           0.12089837374854856           
24742                         6                             49.387816851485255            13.766847923753447            45                            365                           0.11830793924507209           
25832                         6                             59.5409119593761              12.127078480125856            42                            445                           0.10928170753228154           
26569                         6                             59.5409119593761              14.09578707749626             45                            424                           0.12042761084115305           
28976                         6                             59.54091195937609             15.770535126745218            51                            485                           0.13709914610713608           
29395                         6                             59.54091195937609             16.9580731221651              57                            466                           0.14935325085706125           
29944                         6                             59.54091195937608             15.577638260393913            54                            445                           0.13994898188390767           
31224                         6                             59.5409119593761              13.180974532614407            45                            440                           0.11641656066730637           
31945                         6                             58.127470750785115            13.83485188619266             45                            420                           0.12113985274339269           
32796                         6                             59.54091195937608             14.646991118003506            49                            463                           0.12795604382652614           
33757                         6                             59.54091195937609             15.510089129986762            53                            452                           0.1386373466586142            
34072                         6                             59.54091195937609             15.069241683897479            50                            460                           0.1320593658302357            
35107                         6                             59.5409119593761              17.550972157263125            57                            420                           0.15318228366353726           
36458                         6                             59.5409119593761              16.010933232739703            52                            461                           0.1384132835747447            
36663                         6                             59.54091195937608             15.218518880130851            51                            460                           0.13319029748154396           
37021                         6                             59.540911959376096            17.299864491714292            56                            440                           0.14912759492033315           
37467                         6                             59.5409119593761              16.92560623876626             56                            455                           0.14849943669444263           
37721                         6                             59.54091195937609             16.943970914034754            57                            432                           0.14984835872372684           
38075                         6                             59.540911959376096            13.268291328211903            44                            436                           0.11614547895696758           
38520                         6                             59.540911959376096            16.936895051726015            57                            436                           0.14810437613084892           
39427                         6                             59.5409119593761              14.670991983341375            50                            399                           0.13090739979952243           
39524                         6                             59.54091195937609             14.018203259576994            48                            422                           0.12606960763743713           
40178                         6                             59.5409119593761              14.621160461470508            47                            470                           0.12572429700867538           
41529                         6                             59.54091195937608             9.6122548415728               32                            418                           0.08448666696653905           
41614                         6                             59.5409119593761              14.296821850931194            45                            450                           0.12125888203279223           
42170                         6                             59.540911959376096            12.48443646759335             40                            437                           0.10623118943108038           
43202                         6                             59.54091195937609             12.153799306047093            44                            404                           0.11336801355144571           
45519                         6                             59.5409119593761              15.619888972155591            51                            437                           0.13635565708229938           
46310                         6                             59.5409119593761              14.073785674910974            45                            450                           0.12027973958800453           
46658                         6                             59.54091195937608             15.005701363951108            51                            472                           0.13365305367314437           
47044                         6                             59.54091195937611             14.90285695920528             49                            462                           0.13169819053250134           
47384                         6                             59.54091195937608             10.903817316559815            35                            416                           0.09270224439552448           
47820                         6                             59.54091195937609             13.544161691467332            45                            441                           0.11832991733853168           
48656                         6                             59.540911959376075            12.433537881356171            42                            426                           0.11097858896625977           
49746                         6                             59.54091195937609             14.609283286583773            47                            440                           0.12692827783028116           
51895                         6                             59.54091195937609             14.478941840215708            46                            439                           0.12494469287693881           
52147                         6                             59.540911959376096            12.217247551467214            40                            433                           0.10567989880992816           
56098                         6                             59.5409119593761              12.218624653578631            41                            420                           0.10908086178126025           
57830                         6                             55.25335310658117             11.127961794343571            35                            378                           0.0947973410195698            
58089                         6                             59.5409119593761              14.467536993737385            48                            436                           0.12610800639351866           
58355                         6                             59.5409119593761              12.303739690467603            39                            425                           0.10452028388973901           
62317                         6                             59.540911959376096            18.21831878784465             60                            491                           0.15947292081683612           
62433                         6                             59.540911959376096            13.59941572180101             43                            445                           0.11700823865207921           
63321                         6                             59.276455679334894            13.806415112692228            48                            435                           0.12363972156013521           
63991                         6                             59.54091195937609             15.932467313891244            51                            447                           0.13766978990905807           
64519                         6                             59.540911959376096            18.48590826064216             62                            446                           0.16354724252604633           
66116                         6                             59.54091195937609             12.310296698995446            41                            467                           0.10854790327168336           
66152                         6                             59.54091195937609             11.412793981569134            39                            432                           0.10175516460876559           
66226                         6                             59.54091195937611             10.664638266523843            35                            451                           0.09357201799007955           
66886                         6                             59.540911959376096            13.576177898454198            45                            473                           0.1180584502571035            
67163                         6                             59.540911959376096            15.831350048199717            51                            446                           0.13554671493010634           
68277                         6                             59.540911959376075            14.398373569870074            48                            497                           0.1281243337675549            
70373                         6                             59.540911959376096            14.882479011853468            49                            443                           0.1292449907433831            
70796                         6                             59.540911959376096            12.985731384199065            41                            427                           0.11103128412956159           
71076                         6                             59.5409119593761              14.523910382299944            49                            476                           0.1275681781210605            
72210                         6                             59.54091195937609             15.478168092678178            50                            496                           0.13369026144997503           
72280                         6                             59.54091195937609             10.8828396986053              39                            412                           0.09990829204380738           
76016                         6                             59.54091195937608             13.58679874591287             44                            443                           0.11820853944829397           
76173                         6                             59.5409119593761              17.90203754627061             57                            472                           0.15174764945269273           
80722                         6                             59.54091195937611             14.687352025561013            47                            493                           0.12566558680321455           
81492                         6                             59.540911959376096            13.306282516558849            43                            447                           0.11410062418085265           
86807                         6                             59.540911959376096            13.06673348052266             43                            446                           0.11406262090388732           
87519                         6                             46.72225543662331             11.661291956345025            39                            357                           0.10169874945144979           
89122                         6                             59.54091195937609             14.869523332839908            50                            470                           0.13165851415850724           
91185                         6                             59.5409119593761              14.025355798117735            45                            399                           0.1203422684422273            
92998                         6                             26.34462842221187             7.747112603481741             24                            194                           0.06533624514196343           
93377                         6                             59.5409119593761              13.453378258937141            44                            470                           0.117373814135797             
95141                         6                             59.5409119593761              13.909529488185276            47                            445                           0.12506064132484626           
98659                         6                             57.01444418047778             15.868884102547925            52                            450                           0.1371620999535092            
99307                         6                             59.5409119593761              13.984084302991828            47                            456                           0.12214357087986426           
99717                         6                             59.5409119593761              12.312841221791652            39                            463                           0.105131882638905             
73                            7                             59.54091195937609             13.899779794205092            47                            439                           0.12337107713233661           
248                           7                             21.36918717352772             3.8049536010533487            12                            161                           0.03205234246046325           
799                           7                             59.54091195937611             14.421894084402455            49                            413                           0.1267697340128603            
1428                          7                             59.54091195937609             13.373745368183064            45                            430                           0.11699154764249775           
2297                          7                             59.54091195937609             14.207449913803805            47                            406                           0.12495949824210731           
3132                          7                             59.5409119593761              13.177394820704707            43                            464                           0.1151111753102931            
3414                          7                             59.5409119593761              11.57748769757284             39                            406                           0.10151248211897562           
4164                          7                             59.54091195937609             13.864983826418612            45                            460                           0.12090821336920789           
5061                          7                             59.5409119593761              12.25416306710881             42                            457                           0.1097912794132336            
6309                          7                             59.54091195937609             14.356465102367757            46                            479                           0.12439752126161592           
6514                          7                             59.54091195937609             13.094538811051313            45                            468                           0.11719175755118262           
7359                          7                             59.5409119593761              13.045304003764583            42                            454                           0.11197290855315443           
10111                         7                             59.5409119593761              13.895703676495007            48                            433                           0.12380953744758219           
11453                         7                             59.5409119593761              16.16181398060559             51                            472                           0.13671355694619605           
11988                         7                             59.540911959376096            11.939082066979735            43                            391                           0.11071757382995466           
13355                         7                             21.1205060771086              4.479834456133023             16                            145                           0.04063451215572198           
15138                         7                             59.540911959376096            13.287081705970252            43                            446                           0.11488628547329147           
15834                         7                             59.54091195937609             9.975524499343907             36                            416                           0.0918758274437838            
18244                         7                             59.54091195937609             11.370491891307854            39                            405                           0.10309814667607209           
18659                         7                             59.540911959376096            14.434422068383315            49                            468                           0.12766293064815668           
18688                         7                             59.5409119593761              10.742863790124286            37                            397                           0.09532064801426184           
19288                         7                             59.5409119593761              16.51480684370653             54                            438                           0.14390447673802784           
23081                         7                             59.54091195937608             15.426839841992967            50                            493                           0.1335219607173337            
24484                         7                             59.54091195937609             14.889643451242236            48                            415                           0.12802340815493285           
24510                         7                             59.5409119593761              14.259432312171104            44                            433                           0.11929644802491764           
25282                         7                             44.79319782515376             11.961138496482087            38                            352                           0.10183853625488086           
34896                         7                             59.540911959376096            10.745992777838834            35                            425                           0.09246260113846212           
35735                         7                             59.54091195937609             15.063397839340423            48                            427                           0.1286548911191561            
35845                         7                             59.540911959376096            11.276350295652593            38                            447                           0.10094428509682288           
37851                         7                             59.5409119593761              9.150116249415634             31                            408                           0.08077615920087398           
39708                         7                             59.54091195937609             15.13545034157636             50                            454                           0.1324441222287036            
39796                         7                             59.54091195937609             11.659770788227224            39                            421                           0.10250449547066295           
40380                         7                             59.540911959376096            16.99192371019795             57                            441                           0.15041023240414106           
42114                         7                             59.540911959376096            16.041934033753087            53                            469                           0.13934937090678276           
43289                         7                             59.54091195937608             13.10779143313189             43                            445                           0.11382594640142729           
43475                         7                             59.540911959376096            10.816338354069769            36                            347                           0.09444956547841321           
44469                         7                             59.54091195937609             13.92277083361188             46                            422                           0.12174756538473663           
45159                         7                             59.54091195937609             13.666295989320544            45                            432                           0.1191087117285242            
45566                         7                             59.54091195937609             13.376024125515452            46                            426                           0.11912269611262637           
48146                         7                             58.04895486323929             12.967847844868974            44                            462                           0.11547255931648934           
49285                         7                             22.414707205028787            4.03776628656123              14                            147                           0.03646035440757643           
49665                         7                             59.540911959376096            14.432342638062591            49                            435                           0.12934405798208115           
50095                         7                             10.790125382678331            2.2354487422849805            7                             63                            0.018911599413344346          
53207                         7                             59.54091195937611             14.155908797868793            48                            431                           0.1253065174689333            
54932                         7                             59.54091195937611             12.166109179863868            40                            420                           0.1065133307717889            
60275                         7                             55.902688968114724            17.55783709602178             59                            431                           0.1552257405076221            
62380                         7                             56.575826927811185            12.747359068302853            42                            408                           0.11101942448637218           
63191                         7                             59.540911959376096            14.978889731164308            48                            477                           0.1294378022815243            
66393                         7                             59.540911959376096            10.867734053605256            36                            422                           0.09558857945705668           
70009                         7                             59.54091195937609             13.044679468834044            43                            451                           0.11465403974600001           
77675                         7                             59.540911959376096            8.430603047069296             31                            449                           0.07918049962102217           
77730                         7                             59.54091195937609             13.440924625489291            44                            456                           0.11755910183178606           
82241                         7                             59.540911959376096            14.073456784482778            46                            415                           0.12239076998725132           
84997                         7                             59.5409119593761              11.228981074611433            37                            492                           0.09880150350930055           
86742                         7                             59.54091195937611             10.097454536864891            31                            460                           0.08623565117619111           
88555                         7                             59.540911959376096            11.982712214629906            39                            416                           0.10372825797116686           
91051                         7                             59.5409119593761              12.50784417850168             41                            458                           0.10945281514623298           
92143                         7                             59.54091195937609             17.438520017054937            57                            467                           0.150865663031541             
92793                         7                             59.540911959376096            15.512482246963986            50                            458                           0.13465780857896317           
95036                         7                             59.540911959376096            19.00661733791851             65                            469                           0.17142846497397712           
95509                         7                             59.540911959376096            14.844450638222645            48                            495                           0.12965767238371406           
817                           8                             59.5409119593761              15.322302675881994            52                            451                           0.13569528315992196           
2775                          8                             59.54091195937608             10.737645927413928            35                            447                           0.09238789883882673           
3110                          8                             59.54091195937609             9.740530432142915             33                            417                           0.08629908669908382           
3764                          8                             59.5409119593761              12.398682484590895            44                            434                           0.113143371371322             
3971                          8                             55.50234154492211             12.640607267934872            43                            433                           0.11178272289803826           
6800                          8                             59.5409119593761              8.980096834868895             32                            436                           0.08154352482000873           
8567                          8                             59.5409119593761              16.392633539234126            53                            446                           0.14178637662195936           
11629                         8                             59.54091195937609             14.908182339244277            54                            456                           0.137659769136147             
12101                         8                             59.54091195937609             13.135590857644816            43                            456                           0.11448273130065267           
13652                         8                             59.5409119593761              14.301608083733457            47                            410                           0.1245235925075621            
15062                         8                             59.540911959376096            13.542928596724446            43                            439                           0.11608426474830238           
16344                         8                             59.54091195937609             11.817920341691847            40                            427                           0.10377694855395102           
16640                         8                             59.540911959376096            13.206525270494303            44                            463                           0.11624834699545779           
16915                         8                             59.54091195937609             12.860317448220638            42                            459                           0.11274605897366584           
17999                         8                             59.5409119593761              16.75575260687249             56                            435                           0.14745251635982373           
18968                         8                             59.540911959376096            11.817718594394956            38                            441                           0.10274427711623764           
20835                         8                             59.5409119593761              14.085772476063655            48                            428                           0.12449667858593466           
21667                         8                             59.54091195937609             14.137162308258358            50                            419                           0.12848869127776177           
22383                         8                             59.5409119593761              8.822493791516395             30                            445                           0.07823490534561679           
22706                         8                             59.54091195937607             13.384447632903495            47                            445                           0.12099665583853757           
24275                         8                             59.5409119593761              13.879037600063867            48                            475                           0.12434527964941727           
25030                         8                             59.54091195937611             12.461755408711726            42                            408                           0.1098063346518454            
27345                         8                             59.5409119593761              12.249023180998549            41                            419                           0.10669027840771667           
27811                         8                             11.36447603006941             2.9053535578119285            9                             75                            0.024644821534121546          
28410                         8                             59.540911959376096            11.240421892707753            39                            425                           0.10182215045611878           
33613                         8                             57.9757509192307              16.131245439670675            53                            420                           0.14062734312622077           
33638                         8                             59.540911959376096            11.171382556866087            40                            418                           0.10149499078624016           
37123                         8                             59.540911959376096            13.939614804300273            46                            451                           0.1209735630075753            
37190                         8                             59.54091195937609             12.633102849193458            43                            458                           0.11280457431262032           
38311                         8                             59.5409119593761              16.451320473285598            53                            459                           0.14032010858723404           
39508                         8                             54.607724974487866            13.843455174247923            46                            405                           0.12133286080773185           
40901                         8                             59.5409119593761              12.105002409783598            40                            460                           0.1063484432219445            
43065                         8                             59.54091195937609             12.853979160248759            42                            464                           0.11204490735305989           
43239                         8                             59.54091195937608             14.010958286378028            46                            476                           0.12231093269820402           
44771                         8                             59.54091195937609             13.620708707959185            45                            478                           0.11842461225149306           
44808                         8                             59.54091195937609             9.741304417683844             34                            415                           0.08920895499506931           
45049                         8                             59.54091195937611             15.40608616581093             49                            457                           0.13084288864663443           
45574                         8                             59.5409119593761              13.23722021735637             41                            479                           0.11121451581245441           
45625                         8                             59.540911959376096            13.082742117267856            44                            453                           0.11525353449598069           
52424                         8                             59.5409119593761              15.727100991620487            50                            406                           0.13499323576798813           
52845                         8                             59.54091195937609             16.371919323848896            55                            466                           0.14398691100130895           
53709                         8                             59.54091195937609             8.714495037241878             29                            421                           0.07691087171585287           
57061                         8                             52.73880282149244             15.088717399809893            48                            430                           0.12973540340100415           
57460                         8                             59.540911959376096            11.705345399222837            38                            337                           0.10059672579536566           
57752                         8                             59.5409119593761              15.910260972623702            52                            455                           0.13763889300874224           
58900                         8                             21.58349609591394             4.7840083487722715            14                            151                           0.03906711958883854           
60346                         8                             59.54091195937609             14.69208928491962             48                            464                           0.1281998150340165            
61347                         8                             59.540911959376096            12.91090915530676             45                            425                           0.11623315932606176           
62282                         8                             59.54091195937611             13.966383286961193            49                            461                           0.12741886681845704           
62285                         8                             59.5409119593761              15.115807154241374            48                            470                           0.13037021451403952           
63564                         8                             59.54091195937611             14.83229734580506             48                            427                           0.12894930338680569           
64291                         8                             59.54091195937611             15.635437701384292            53                            460                           0.13800533250751582           
67447                         8                             59.54091195937609             16.475369254122583            54                            420                           0.14301566403426952           
68483                         8                             59.5409119593761              11.973620156933247            41                            443                           0.10622055876920904           
68780                         8                             59.5409119593761              12.645958209462684            44                            421                           0.1130187831123688            
68900                         8                             59.54091195937609             13.622625009388129            43                            447                           0.11678995669179061           
69673                         8                             59.540911959376075            12.662254343847065            40                            452                           0.10845474917788633           
70215                         8                             59.5409119593761              13.026318025374225            47                            481                           0.12018834933369102           
70376                         8                             59.54091195937609             12.793253474739366            42                            390                           0.11076419197124482           
71300                         8                             59.5409119593761              13.641470133229268            45                            445                           0.1187736311994413            
74204                         8                             58.669531884091825            12.781307633161965            43                            462                           0.11287380008306734           
81615                         8                             59.540911959376096            13.998113092133138            46                            462                           0.12250415839243765           
83257                         8                             59.54091195937611             12.039731244228877            41                            465                           0.10728923972856885           
83328                         8                             33.19628749863771             7.164818501945838             24                            254                           0.06404438775061122           
83711                         8                             59.5409119593761              19.220132719961473            62                            494                           0.16536790671920085           
87890                         8                             59.5409119593761              16.3002607037721              53                            428                           0.14042469808334473           
88580                         8                             59.54091195937609             11.61273733287299             40                            462                           0.10407127830851583           
90230                         8                             59.5409119593761              14.020567246086209            47                            445                           0.12491048578269426           
90578                         8                             59.54091195937609             11.644297215440773            41                            474                           0.10497239138960288           
91062                         8                             59.5409119593761              13.524891644099208            46                            443                           0.1193577874595969            
91684                         8                             59.54091195937609             9.903452987885364             31                            427                           0.08349028425249984           
92670                         8                             59.540911959376096            11.129090690220826            36                            406                           0.09732786420328518           
93105                         8                             59.54091195937609             14.842044333113828            50                            459                           0.13139624496548233           
93861                         8                             59.5409119593761              15.976803392660495            51                            459                           0.13699768508570853           
94265                         8                             59.5409119593761              15.365564779792807            49                            445                           0.13128967660752938           
94718                         8                             59.54091195937609             9.019160312888374             30                            465                           0.08040332934710717           
95977                         8                             59.5409119593761              13.423878855468848            44                            418                           0.1172729338991078            
96140                         8                             59.5409119593761              16.01426610909639             54                            441                           0.14120633724669077           
96372                         8                             59.54091195937609             10.464700021896071            34                            471                           0.08992850561454113           
96669                         8                             59.540911959376096            14.612026130682839            51                            450                           0.13269906193005232           
97428                         8                             26.344628422211873            4.680330999300294             15                            163                           0.040201792477083456          
98896                         8                             59.540911959376096            14.230821916865576            46                            441                           0.12390593317026413           
2790                          9                             59.54091195937609             17.39324826035089             60                            435                           0.1560551401298706            
3453                          9                             59.54091195937609             15.109693051550977            49                            418                           0.13036149733921734           
5313                          9                             59.5409119593761              14.99204313520388             50                            506                           0.1314728356154449            
9120                          9                             59.5409119593761              13.143141671759174            43                            429                           0.1143905512830486            
10912                         9                             59.5409119593761              15.363988479996335            48                            417                           0.12975300620776412           
11291                         9                             59.540911959376096            14.591138357906097            49                            457                           0.129028072967042             
11951                         9                             59.5409119593761              11.220262985126391            39                            378                           0.10135882754335851           
12663                         9                             55.50300932211795             17.445005436579695            55                            443                           0.1494764041169847            
15059                         9                             59.54091195937609             13.718328788432078            45                            425                           0.11974812290719362           
18675                         9                             59.540911959376096            15.870468945246545            50                            469                           0.13592615015104556           
19350                         9                             59.54091195937612             10.825210367112843            37                            413                           0.09638919391630234           
21502                         9                             43.380666015411926            9.435050785775543             31                            313                           0.0818003662054262            
21678                         9                             59.54091195937611             15.608053734685669            52                            462                           0.13892917405365793           
22219                         9                             59.54091195937609             14.217532081677481            47                            476                           0.1240214928331183            
23415                         9                             59.54091195937609             13.22447185727037             42                            443                           0.11370413635787256           
24456                         9                             59.540911959376075            12.373515881106515            42                            447                           0.10915151393533681           
25776                         9                             59.54091195937609             12.389479345051184            40                            443                           0.10793046557499189           
26734                         9                             59.540911959376096            12.918645047594225            44                            451                           0.11539575571358965           
26841                         9                             8.031199600072549             1.0044667812482029            3                             57                            0.00889183174310583           
27013                         9                             59.540911959376096            12.106340802269692            40                            447                           0.10524808360403196           
27765                         9                             59.5409119593761              14.938298052581239            48                            400                           0.1299646354857553            
30244                         9                             59.5409119593761              9.650494506148402             32                            424                           0.08458062745832617           
30560                         9                             59.54091195937611             17.384068108223115            55                            443                           0.1484947141675731            
32361                         9                             59.54091195937609             13.173817078699892            45                            434                           0.11896255645734857           
32913                         9                             59.54091195937609             10.073531839617564            35                            410                           0.0905508673098405            
34174                         9                             59.5409119593761              12.506510426919448            41                            429                           0.10965982651412629           
38893                         9                             59.54091195937609             13.06219157473161             45                            490                           0.11640644846946423           
39849                         9                             59.540911959376096            11.348426915400648            37                            416                           0.0976660181055356            
40896                         9                             59.5409119593761              12.892344253842763            42                            429                           0.11124957021681872           
42829                         9                             49.160573050099345            10.970345148088805            36                            385                           0.09519482122911195           
44579                         9                             59.540911959376096            18.918330867325977            64                            457                           0.16860064424985127           
45128                         9                             59.540911959376096            15.277325157123073            49                            436                           0.13113707970252186           
45131                         9                             59.54091195937609             14.38704195274462             48                            436                           0.12804314023144153           
45390                         9                             59.54091195937611             11.399022364060585            38                            432                           0.10078427580604848           
45667                         9                             59.54091195937611             11.256154841377809            38                            431                           0.1000166335952723            
46221                         9                             59.54091195937609             13.409825393490207            43                            399                           0.11528007030090974           
47786                         9                             59.54091195937608             14.676579855952067            49                            422                           0.12818193865271457           
47839                         9                             59.54091195937609             14.889428359785834            49                            467                           0.12957287337182014           
48680                         9                             59.54091195937609             16.973764572855053            55                            447                           0.14617633013052614           
49113                         9                             59.54091195937609             16.874803214762824            54                            481                           0.14460216760561556           
49622                         9                             59.540911959376096            12.44043402037258             42                            402                           0.11035635565820791           
53962                         9                             58.47850975656654             13.692784289131412            47                            447                           0.1220564207531031            
54294                         9                             59.5409119593761              12.706847084064618            42                            459                           0.11013138663275147           
54637                         9                             59.54091195937609             11.773525756340398            40                            430                           0.10713012752405524           
55417                         9                             59.5409119593761              13.19619936420317             45                            457                           0.11761132494355611           
58254                         9                             59.5409119593761              10.23407627101775             33                            451                           0.09012574167167248           
59117                         9                             59.540911959376096            12.680705374082327            41                            474                           0.11078398911203273           
59735                         9                             59.5409119593761              12.31942337976962             40                            429                           0.1076863797973576            
60849                         9                             59.54091195937609             14.041304093323815            48                            465                           0.12400239363596735           
61461                         9                             56.75209082992912             9.246755125223629             31                            448                           0.08148125118752103           
62237                         9                             59.540911959376096            11.865575158094048            38                            434                           0.10204624083841977           
65470                         9                             59.540911959376096            16.727629525529647            52                            442                           0.14194314690066523           
66288                         9                             59.540911959376096            18.40838370429574             59                            466                           0.1605893425322505            
68018                         9                             21.369214530161283            4.00593780797057              12                            135                           0.032676709404952105          
69163                         9                             58.76515168993875             13.144435523539935            45                            433                           0.11755095062167911           
70389                         9                             59.54091195937608             13.563127295261879            47                            437                           0.12135983941375396           
71363                         9                             59.540911959376096            12.465577406706071            41                            457                           0.10952014989281716           
71724                         9                             59.540911959376075            11.998001588268886            42                            431                           0.10890300953953694           
72603                         9                             59.540911959376075            14.656614440209704            49                            447                           0.12902782026132092           
72808                         9                             59.54091195937609             17.984112261268773            59                            418                           0.15764088161492973           
73292                         9                             59.540911959376096            14.060625403603657            46                            477                           0.12189320995062751           
73634                         9                             59.54091195937608             13.409015226965556            42                            471                           0.11335623887200139           
75204                         9                             59.54091195937609             10.302076886145219            33                            430                           0.08844619543836871           
76323                         9                             59.5409119593761              13.873340072234148            48                            431                           0.12464766900760468           
77416                         9                             59.540911959376096            12.899782308902505            43                            420                           0.11526749882937219           
80652                         9                             59.5409119593761              13.928898242593824            44                            462                           0.11817761688304475           
81233                         9                             59.5409119593761              16.37373191671619             54                            424                           0.143091629859745             
82075                         9                             59.54091195937612             10.060036935104092            34                            435                           0.08830544630799472           
82265                         9                             59.54091195937608             12.60002406956988             42                            376                           0.11058006957408896           
82911                         9                             59.540911959376096            16.9319313113477              54                            436                           0.1464593935294905            
83245                         9                             59.5409119593761              14.613535307354299            47                            506                           0.12544429353188816           
84830                         9                             59.540911959376096            16.336060064650162            52                            479                           0.1399336403160171            
86470                         9                             59.54091195937609             12.964961475093432            41                            476                           0.11122434253214553           
86574                         9                             59.540911959376096            15.720408870564254            50                            445                           0.13444940517331144           
86649                         9                             59.5409119593761              11.601573563900903            36                            385                           0.09767190904947007           
90257                         9                             59.54091195937611             12.476611159535537            45                            455                           0.11421262907131109           
91533                         9                             33.1962874986377              12.292057106776653            40                            242                           0.10537591946587309           
91915                         9                             59.540911959376096            16.410157437965623            56                            471                           0.14740406772683662           
93644                         9                             59.540911959376096            14.204244968088252            45                            399                           0.12196752533860959           
94625                         9                             59.5409119593761              15.362081952145227            52                            444                           0.13591124893061882           
95478                         9                             59.54091195937609             16.290165753863175            54                            445                           0.14284827980334383           
98766                         9                             59.54091195937606             15.740743296850917            53                            478                           0.1406946377807205            
282                           10                            59.54091195937612             14.093046858706025            46                            426                           0.12258001811018228           
991                           10                            59.54091195937608             9.93244501591817              33                            469                           0.08654677400927792           
3044                          10                            59.5409119593761              12.737584330128731            43                            487                           0.11213655638320232           
6036                          10                            59.54091195937609             11.420319772537601            42                            427                           0.10579441040767379           
6995                          10                            59.540911959376096            14.44137326151666             48                            436                           0.12836705167160783           
13973                         10                            59.54091195937609             10.607877863285623            38                            426                           0.0978559658459022            
14208                         10                            59.5409119593761              12.69724577798784             41                            470                           0.10952394830911755           
16741                         10                            59.5409119593761              18.024726066757324            59                            474                           0.15681057744464988           
18286                         10                            59.540911959376096            12.3035457969338              38                            448                           0.10346490570324954           
18905                         10                            59.5409119593761              11.683827363356444            41                            441                           0.10646988772034739           
18931                         10                            57.70571083352885             12.839363618797076            43                            421                           0.11318749243372289           
20213                         10                            59.54091195937609             14.740492639705531            51                            401                           0.13168511156204638           
22419                         10                            26.34462842221187             4.903462858710483             15                            169                           0.04092497841047951           
28166                         10                            59.540911959376096            13.16875537524177             45                            469                           0.11633265478495416           
31460                         10                            59.5409119593761              11.83529171536507             40                            437                           0.1044935140306239            
31762                         10                            59.54091195937611             10.124121760949226            33                            466                           0.08780000613802241           
32333                         10                            59.54091195937609             9.570575332298427             31                            437                           0.08307423874085844           
33129                         10                            59.54091195937609             11.531438370712397            39                            384                           0.10174239466038162           
38645                         10                            59.54091195937609             13.7545341047025              45                            437                           0.12061000394767098           
43563                         10                            59.54091195937609             12.468290022115845            42                            433                           0.10984101297072059           
43646                         10                            59.540911959376096            15.154643647825413            50                            480                           0.1320328786585957            
45708                         10                            59.54091195937609             11.577302302003257            38                            436                           0.10134228856170478           
45892                         10                            59.5409119593761              13.471847261453052            48                            455                           0.12319026196970012           
47502                         10                            59.54091195937608             12.870148150591788            41                            461                           0.10872211828158175           
50805                         10                            59.540911959376096            9.486122892607481             31                            461                           0.08369995274785608           
50895                         10                            55.276875125594344            12.539543660632713            40                            376                           0.10813395368170917           
51856                         10                            59.540911959376096            15.772392654931425            50                            429                           0.1341900335077379            
57049                         10                            59.540911959376096            18.046718658987242            59                            461                           0.1561961883353854            
57458                         10                            59.5409119593761              10.888742243144367            36                            441                           0.09440814207820376           
57715                         10                            59.54091195937609             14.841793797382074            49                            416                           0.12901928471325183           
59323                         10                            59.54091195937611             10.6416404116172              35                            452                           0.09152421458287911           
59723                         10                            59.54091195937609             15.236663680190787            51                            399                           0.13402014910748972           
59836                         10                            59.54091195937608             15.330229392430772            50                            467                           0.13380111939938502           
67463                         10                            59.54091195937609             8.34309875906661              27                            415                           0.07239137526694753           
68259                         10                            59.540911959376096            8.289954057942149             28                            424                           0.0744070234230344            
69981                         10                            59.540911959376096            13.004937188236946            43                            473                           0.11278183336692167           
70344                         10                            59.540911959376096            12.32169734154759             38                            456                           0.1041477400028887            
71141                         10                            59.54091195937609             14.70857518845589             51                            447                           0.13243339962150913           
72546                         10                            47.9376800592289              12.104489940322553            39                            336                           0.10388973162280697           
73174                         10                            59.54091195937608             11.33525419581551             39                            434                           0.10138689418819816           
74384                         10                            59.35355549789524             11.155677503189384            37                            443                           0.09848808328866762           
74413                         10                            47.52570658942171             9.283869719047818             32                            382                           0.08285641682041839           
79282                         10                            20.889113399281598            5.500928918412469             20                            135                           0.05067652229988625           
80052                         10                            59.540911959376096            13.249580081129267            45                            479                           0.11768410893722678           
80094                         10                            59.54091195937609             11.586886177502222            40                            399                           0.10337815779844563           
83037                         10                            59.54091195937609             15.619574122715239            54                            449                           0.1390945651150022            
86351                         10                            59.45217359074802             13.78685397533993             48                            502                           0.12344387229796455           
86543                         10                            59.540911959376096            9.386502921118286             31                            402                           0.08193425129027775           
88003                         10                            59.5409119593761              12.764248004186122            42                            470                           0.11097685666165756           
90182                         10                            59.540911959376096            11.846330095071593            40                            435                           0.10427797857380892           
90265                         10                            59.54091195937611             14.125549094618629            46                            393                           0.12367538878346838           
95622                         10                            59.54091195937609             14.182152425532951            45                            476                           0.12062950778860664           
96528                         10                            59.540911959376096            12.207504551489244            39                            358                           0.10507203688365192           
98647                         10                            56.629984227511486            11.35186061071243             38                            397                           0.10043160922669925           
99582                         10                            59.540911959376096            12.73688329016691             42                            427                           0.11077799938514955           
99777                         10                            59.54091195937611             12.1848385613004              40                            361                           0.10634880992246706           
1130                          11                            59.54091195937609             10.863545300104928            36                            423                           0.09482049925429865           
2258                          11                            59.5409119593761              14.707005189056508            50                            426                           0.12975021811010504           
5702                          11                            59.54091195937608             12.591746904153974            41                            411                           0.10957390989185659           
6637                          11                            59.5409119593761              10.254719766841017            34                            424                           0.08896382357053809           
8730                          11                            59.5409119593761              14.326134012545594            48                            444                           0.12715767681387613           
12982                         11                            59.5409119593761              13.314047042399258            44                            392                           0.11745084093317883           
13134                         11                            59.54091195937611             10.728771447289507            34                            402                           0.09133614018039823           
14339                         11                            59.540911959376096            12.760557087039645            44                            444                           0.11473674076364192           
17293                         11                            59.540911959376096            11.112380115499741            37                            384                           0.09728169747022226           
23249                         11                            59.54091195937609             13.014383386958075            44                            482                           0.11530837025457202           
25690                         11                            59.540911959376075            14.73253718325171             47                            437                           0.12582546214871135           
25856                         11                            59.540911959376096            10.904332592581731            35                            385                           0.09441892895273392           
27111                         11                            59.54091195937611             11.677404248554984            40                            416                           0.10456630923988423           
27121                         11                            59.540911959376096            14.343396386176893            48                            458                           0.1250550066067147            
27440                         11                            59.54091195937609             15.638962651627732            49                            465                           0.1315211298869948            
27835                         11                            50.25144482475652             11.58744772816994             39                            330                           0.10258101603449038           
27918                         11                            59.5409119593761              12.840132231266283            41                            458                           0.10991453441441444           
29395                         11                            59.54091195937609             15.955824934514432            50                            441                           0.13656381933755105           
29864                         11                            59.540911959376096            13.416996666264303            46                            464                           0.11986786371684635           
30899                         11                            59.54091195937608             12.40259395728359             40                            451                           0.10692484656733205           
30927                         11                            59.54091195937609             15.114350771762378            47                            474                           0.12932516040650213           
31333                         11                            59.540911959376096            14.404654463595193            47                            431                           0.12635204161548555           
32586                         11                            59.5409119593761              11.750694616685713            39                            444                           0.10293516544924082           
34215                         11                            59.54091195937611             13.784023594873865            45                            449                           0.12046555639951854           
34497                         11                            59.54091195937609             10.19006732773759             34                            396                           0.08897493125770158           
37332                         11                            59.54091195937609             13.764679069997358            46                            441                           0.12034667213491164           
39081                         11                            59.54091195937609             10.995527386947597            39                            439                           0.0995181942463158            
39254                         11                            59.540911959376096            13.04416071828958             44                            469                           0.11587835221457027           
39945                         11                            59.540911959376075            9.19111470751011              33                            457                           0.08365803996925966           
40053                         11                            59.54091195937608             10.877459038011828            37                            425                           0.09792330576168552           
44017                         11                            59.54091195937611             11.80820276118659             40                            455                           0.10360974321821273           
44106                         11                            59.540911959376096            10.123497058488338            36                            435                           0.09154947386216254           
45490                         11                            21.369200002622023            5.785127226810179             18                            153                           0.04890145607591249           
45565                         11                            59.54091195937611             14.584245803154086            47                            472                           0.12452417402150924           
47490                         11                            26.344628422211873            6.661229611050192             22                            174                           0.05808431444294321           
48197                         11                            59.54091195937609             11.362387118063863            37                            456                           0.09833210513008547           
48313                         11                            59.54091195937611             13.701240938679783            45                            474                           0.11958043664487054           
54140                         11                            59.540911959376096            10.905460557325984            34                            460                           0.09272871141110023           
58025                         11                            59.54091195937609             17.1885530224732              56                            475                           0.15063530372921824           
58408                         11                            59.5409119593761              9.98876337921309              35                            450                           0.08999377109463975           
59629                         11                            49.01555778491611             12.965507739951311            42                            373                           0.11218732349388638           
62767                         11                            59.5409119593761              18.383725944102235            59                            467                           0.15749349812988261           
63539                         11                            59.54091195937608             14.563282045403328            48                            516                           0.1280220069358904            
63604                         11                            59.54091195937608             14.401000612919756            46                            444                           0.12216077186619219           
64639                         11                            59.5409119593761              12.677563035980851            43                            481                           0.1119713653455599            
65024                         11                            49.48455746091223             9.727896822137392             31                            378                           0.08403073656245326           
65496                         11                            59.54091195937609             11.594677204967578            38                            438                           0.10239255310427128           
67287                         11                            59.5409119593761              11.652128786896068            38                            440                           0.10208217226419079           
67828                         11                            59.54091195937609             13.654710336709122            46                            464                           0.12255565628952259           
70666                         11                            59.54091195937609             10.964347590929407            35                            380                           0.09535282026441824           
70858                         11                            45.535704923191545            4.2105184750679685            14                            330                           0.03671274622328631           
71028                         11                            59.54091195937609             13.343585546498248            42                            422                           0.11279543863450144           
71614                         11                            59.540911959376096            9.776054934804243             36                            457                           0.09174295125061102           
73418                         11                            59.54091195937609             14.464967846133943            46                            476                           0.12369461643948325           
74197                         11                            47.87640044381355             10.511311321378171            37                            381                           0.09486223357487501           
75899                         11                            59.54091195937609             12.838537331394491            45                            437                           0.11711213898921839           
76522                         11                            59.54091195937608             15.82566264298473             52                            476                           0.13872386397511824           
79773                         11                            59.5409119593761              14.0954583760698              48                            466                           0.1247114009595476            
81250                         11                            59.54091195937609             11.564043393470284            39                            432                           0.10124036248447227           
82139                         11                            59.54091195937609             12.61358698507665             42                            455                           0.11028648382327211           
83984                         11                            59.540911959376096            16.31900978962814             53                            422                           0.13992611989865622           
84735                         11                            59.5409119593761              12.905376820606499            42                            445                           0.11169605163087605           
88907                         11                            59.5409119593761              11.965719272425826            39                            398                           0.10477297461074248           
89687                         11                            59.54091195937609             14.416327591062243            46                            439                           0.12315210793824025           
90493                         11                            59.540911959376096            12.352404985894145            39                            419                           0.10528661015871797           
90925                         11                            59.54091195937609             16.162575754598127            52                            457                           0.1387035771579977            
95196                         11                            9.11261442771802              1.8801915680145191            7                             70                            0.017969582380442085          
95518                         11                            59.540911959376096            14.468359281340323            48                            458                           0.12706657611313374           
96703                         11                            59.540911959376096            13.692527445011311            43                            473                           0.11546675480508814           
99665                         11                            55.40311169281867             13.35285798459898             45                            404                           0.1189706743304279            
99688                         11                            59.54091195937609             14.181468808968514            46                            484                           0.12227609470338713           
99690                         11                            59.54091195937609             15.134871175813867            51                            470                           0.13359521870976535           
694                           12                            59.50648558974601             20.07427375325274             67                            452                           0.17955488794278146           
1420                          12                            26.34462842221187             7.683078891098121             26                            189                           0.06947228513906704           
3229                          12                            59.5409119593761              16.55084665447805             55                            448                           0.14569434333185435           
4961                          12                            59.540911959376096            14.391606855071318            46                            462                           0.12251585663923989           
5881                          12                            59.54091195937608             9.63834218901694              31                            443                           0.08272257814284621           
8692                          12                            59.54091195937609             14.771065106655698            49                            436                           0.13096751653925962           
8857                          12                            59.5409119593761              16.104792725310983            53                            479                           0.14091136633651358           
12811                         12                            59.5409119593761              17.908774481201952            60                            491                           0.15758885390229366           
14355                         12                            59.5409119593761              18.398367243125488            63                            453                           0.16562506186906306           
14800                         12                            59.5409119593761              16.6994667609489              54                            412                           0.14379784250039207           
15641                         12                            59.54091195937611             14.968967157171129            52                            460                           0.1358766055072663            
17149                         12                            59.540911959376096            14.023228308220615            47                            401                           0.12359672485053358           
17261                         12                            59.540911959376096            13.881482568462296            46                            469                           0.12233733484914561           
19186                         12                            59.5409119593761              12.594119988284602            43                            457                           0.11177561916281191           
20130                         12                            59.54091195937608             12.005221196109572            39                            430                           0.10351519424959724           
21175                         12                            59.5409119593761              10.494133820315902            33                            432                           0.0901336334863711            
22154                         12                            59.54091195937608             17.07313737336393             56                            465                           0.14772987089343076           
24524                         12                            59.540911959376096            12.631338050157193            43                            437                           0.11282783143739226           
24759                         12                            59.54091195937609             12.599425696584232            42                            460                           0.11060795285456465           
24783                         12                            59.540911959376096            19.618471646954966            65                            474                           0.17228761147814423           
25789                         12                            59.54091195937609             16.025988937468476            54                            460                           0.1413348508457638            
29070                         12                            59.5409119593761              15.375665194525798            49                            457                           0.13268445015721553           
30951                         12                            59.54091195937609             16.75608376815121             55                            439                           0.14531954865993266           
32000                         12                            59.5409119593761              13.486907579251854            44                            431                           0.11698153443769382           
34508                         12                            59.54091195937608             18.175868227878123            60                            454                           0.15911408342620764           
34828                         12                            20.889104628402553            4.085950700290483             12                            155                           0.033340667328264295          
35042                         12                            59.54091195937609             13.79287296527202             47                            484                           0.12334096716936713           
35345                         12                            59.54091195937609             13.62257373293418             45                            442                           0.11775388338093325           
36189                         12                            59.540911959376096            10.747915907640108            35                            431                           0.0933815077865583            
37184                         12                            55.73296240633131             11.649229376581339            39                            416                           0.10224320210391316           
38111                         12                            59.54091195937609             16.41615284352321             54                            447                           0.14215953337963663           
40598                         12                            59.540911959376096            16.240401536883567            54                            492                           0.14481937277788226           
41509                         12                            59.540911959376096            14.402240089773336            50                            421                           0.12971105399271363           
42443                         12                            59.54091195937611             14.995270270783491            49                            436                           0.13217795899937618           
45024                         12                            59.54091195937609             14.516833101002094            46                            405                           0.12243223718239268           
45666                         12                            59.54091195937609             13.723120966757216            46                            435                           0.12079656916647513           
47815                         12                            59.5409119593761              17.205677573125865            57                            421                           0.15086188818885657           
48097                         12                            59.540911959376096            12.631754579124115            41                            433                           0.10873549692587714           
52343                         12                            59.5409119593761              13.707285289834424            47                            417                           0.12294131778737526           
52997                         12                            59.540911959376096            12.805395634491287            44                            386                           0.11442902542527564           
53491                         12                            59.54091195937609             12.218335180293035            39                            406                           0.1060217396078764            
57543                         12                            59.54091195937608             14.375883993736814            48                            437                           0.1251968211799033            
58330                         12                            59.54091195937609             15.718475064030404            54                            426                           0.14116200436812162           
59379                         12                            56.383130928489614            19.5759918037329              63                            429                           0.16937164300707              
60151                         12                            59.5409119593761              16.254986475500825            50                            419                           0.13741427865591346           
60857                         12                            59.5409119593761              15.778592384679696            52                            473                           0.1372960870806979            
67555                         12                            59.5409119593761              14.10313067558016             46                            442                           0.12168701222538136           
68102                         12                            59.54091195937609             17.20097025935702             60                            505                           0.15503648433947134           
69767                         12                            59.540911959376096            14.52226103161641             46                            414                           0.1244509389129744            
73476                         12                            59.5409119593761              12.728483608007286            44                            414                           0.1145668290648856            
74552                         12                            59.540911959376096            17.625347193711665            55                            465                           0.14882092143564732           
79446                         12                            59.540911959376096            16.520164694161174            53                            442                           0.14058284902796206           
81765                         12                            59.54091195937609             14.818484099038667            48                            473                           0.12756996293544998           
82400                         12                            59.540911959376096            18.649387484694177            59                            418                           0.16015048797769996           
88685                         12                            49.10638387119448             14.592657161642315            46                            349                           0.12537244645792628           
89459                         12                            59.540911959376096            15.359800953378093            51                            404                           0.13407485337031352           
91131                         12                            59.54091195937609             12.145471121582911            40                            444                           0.10526549536837493           
94141                         12                            49.254270987629624            12.648474704387807            42                            360                           0.1112873142001088            
94576                         12                            26.34462842221187             6.2310446937637085            20                            173                           0.05287136204692564           
95184                         12                            59.54091195937608             13.86076496537517             45                            432                           0.12048851148434477           
95826                         12                            59.54091195937609             17.31970024629911             55                            460                           0.14751877915306882           
97143                         12                            59.54091195937609             11.8819705947463              39                            471                           0.10397994933857137           
97282                         12                            30.046785490350484            5.271728983476864             18                            226                           0.046497274063591554          
97734                         12                            59.5409119593761              16.29813999199367             52                            407                           0.1404525642670791            
98856                         12                            59.540911959376096            18.429088741774887            62                            440                           0.16486354455385033           
