### BoGEMMS simulation ### 
# EventID Pos Edep_scint[keV] Nabs_SiPM_PDE Nabs_SiPM N_opt Edep_SiPM[keV]
339                           1                             661.6572831606165             153.77063621215606            525                           5298                          1.3711360305448728            
706                           1                             661.6572831606165             142.70462414469688            465                           5255                          1.2390381919725857            
1948                          1                             661.6572831606169             160.66477244321956            531                           5348                          1.4074597031066962            
2088                          1                             661.6572831606165             161.39891345229213            531                           5204                          1.4069578979472952            
2396                          1                             661.6572831606165             158.13032320057337            527                           5183                          1.3872156345991469            
3165                          1                             661.6572831606167             144.7159385526144             493                           5304                          1.2849532263825574            
4276                          1                             661.6572831606165             155.03213071198948            517                           5229                          1.3667664330040394            
4782                          1                             661.6572831606164             148.7738729637337             481                           5205                          1.2858740085778948            
4875                          1                             661.6572831606168             150.19434554637465            490                           5219                          1.3053635138500523            
5454                          1                             661.6572831606164             155.9879660544505             519                           5125                          1.3698670767796863            
5952                          1                             661.6572831606169             156.58528341548828            521                           5337                          1.3747649756297862            
6010                          1                             206.55085200378375            50.59509861406108             171                           1636                          0.4471355996018679            
6951                          1                             661.6572831606165             158.31172727884902            530                           5192                          1.3984042357174844            
7335                          1                             573.9921831606165             148.52572463956855            499                           4748                          1.3101735105468637            
7673                          1                             661.6572831606168             149.74571122880045            500                           5084                          1.3188582030265812            
7812                          1                             129.02395524149398            30.965313850722342            99                            1019                          0.2667952297834335            
7996                          1                             661.6572831606164             145.933080218439              481                           5078                          1.2806095725367774            
8260                          1                             599.4024973742972             143.69185843595957            472                           4721                          1.253023606425654             
9195                          1                             661.6572831606162             153.3310154002754             511                           5291                          1.3483499584865406            
9896                          1                             661.6572831606168             166.55281086791038            553                           5171                          1.462056921279265             
10071                         1                             549.4278017302826             141.49689672145294            468                           4253                          1.2374430003238857            
10126                         1                             137.29731629192037            32.0665085194249              107                           1096                          0.28143338244837396           
10385                         1                             661.6572831606165             152.76910080760624            501                           5274                          1.3360041765387125            
10753                         1                             661.6572831606164             156.94109638379715            520                           5223                          1.3772623632702627            
11611                         1                             661.6572831606163             157.20606439852193            515                           5161                          1.3654116349007634            
11658                         1                             661.6572831606167             153.38759446362934            506                           5085                          1.3410072644024078            
12100                         1                             344.21680619826304            81.12542059158703             266                           2736                          0.7086126013550285            
13219                         1                             31.818762830942298            7.413724573638612             25                            230                           0.06572477131556718           
13295                         1                             661.6572831606162             146.45763394981347            488                           5225                          1.287371764440964             
15210                         1                             212.41211756381202            55.88871765474378             185                           1711                          0.48908261897545025           
16213                         1                             162.80965704060958            37.923218921740414            127                           1276                          0.33290782845302513           
16527                         1                             661.6572831606163             149.82544857701797            492                           5182                          1.3047852296641966            
17056                         1                             661.6572831606167             142.86785564896314            479                           5382                          1.2611997463361875            
17134                         1                             661.6572831606167             158.77324832537929            526                           5185                          1.3926306106553925            
17612                         1                             424.1962852741333             107.80561502754293            355                           3435                          0.940280285220393             
17742                         1                             661.6572831606167             151.54273772963788            500                           5373                          1.3251490012928555            
18544                         1                             661.6572831606165             155.71530470566057            512                           5256                          1.3591619661466439            
18690                         1                             661.6572831606163             156.20632691678617            512                           5391                          1.361668689447951             
18814                         1                             621.2998504571237             139.26264195707535            467                           4885                          1.2280210621139087            
18973                         1                             661.6572831606164             159.63451419520462            531                           5315                          1.4053547566549915            
19109                         1                             494.38806776652666            111.64151415770344            373                           3934                          0.9821881580255558            
19197                         1                             433.8483664648662             104.68004499810341            346                           3522                          0.9160038240388129            
19377                         1                             661.6572831606163             161.6811723513511             534                           5279                          1.4151146709458309            
19401                         1                             661.6572831606163             153.3224680432085             503                           5203                          1.3377599905607256            
19418                         1                             661.6572831606163             162.56951153281966            538                           5342                          1.4238067408859758            
19774                         1                             661.6572831606163             134.83063635025093            446                           5123                          1.181479502384193             
20722                         1                             661.6572831606168             168.75151708803298            563                           5379                          1.482921116260454             
21311                         1                             661.6572831606167             159.0033927338369             528                           5436                          1.3952368950635163            
21357                         1                             420.5235306745764             101.65717516834482            334                           3309                          0.886378273512817             
21428                         1                             225.82187432476996            52.340152525281965            177                           1745                          0.46506693395415666           
22065                         1                             661.6572831606168             156.26303892397766            524                           5265                          1.3786932964931293            
22260                         1                             515.320781688777              118.65082004193363            396                           4021                          1.038803199304865             
22845                         1                             661.6572831606162             159.4605417760147             519                           5332                          1.3861821349857215            
23155                         1                             661.6572831606163             155.54194574649176            508                           5051                          1.3504137376090015            
23257                         1                             661.6572831606163             147.91594426298937            490                           5102                          1.3005646583264399            
23800                         1                             661.6572831606167             152.5019924676647             500                           5140                          1.3257376453475591            
24602                         1                             412.81495405268714            104.63560296751791            341                           3145                          0.9091397312909196            
24755                         1                             442.69510559165667            136.13137208872988            456                           3344                          1.2066164211491053            
25047                         1                             236.20763600449237            55.97019132959508             184                           1882                          0.4897407760741807            
26748                         1                             114.62140110305668            27.291779597001934            93                            893                           0.2417584344253905            
26769                         1                             661.6572831606164             153.01711101808797            505                           5312                          1.3389129884999171            
27850                         1                             488.98722273744977            112.17294641482651            383                           3890                          1.0013516658428654            
28461                         1                             661.6572831606163             170.50306775960632            566                           5389                          1.4951339281940415            
29168                         1                             661.6572831606165             159.99536815737076            527                           5405                          1.3992546257839598            
29754                         1                             661.6572831606164             173.24228934791154            573                           5270                          1.5160694705897475            
30937                         1                             661.6572831606168             139.41882196544069            466                           5201                          1.2244940817045862            
31099                         1                             35.08471358855881             9.361735610755067             30                            305                           0.07982268280200823           
31145                         1                             338.95517420635514            79.31189033667765             265                           2616                          0.6963750795646342            
31827                         1                             36.31697762640211             7.9225887231964975            28                            271                           0.0725295442088165            
33231                         1                             73.039                        19.879736691306235            65                            537                           0.17364422911834107           
34291                         1                             644.7293101150295             160.70945708068058            529                           5068                          1.4055977914367679            
34301                         1                             661.6572831606163             157.81325046742688            520                           5370                          1.3797173241081544            
34328                         1                             49.541584054610006            10.530972488488318            38                            380                           0.09739263985837751           
34518                         1                             661.6572831606168             158.65042317811435            528                           5202                          1.3907668483775697            
34545                         1                             661.6572831606165             151.69019959530831            507                           5218                          1.3348625429161538            
35134                         1                             661.6572831606165             152.58077650145532            501                           5206                          1.3309652456794887            
36123                         1                             661.6572831606169             153.65791158258688            507                           5094                          1.3446575824236986            
36778                         1                             661.6572831606165             149.47242933423897            504                           5309                          1.3254664010133728            
37305                         1                             661.6572831606169             151.1263485281713             497                           5331                          1.3175681103181334            
37805                         1                             505.99323490739715            117.88868699647747            395                           4111                          1.038569441417712             
40043                         1                             661.6572831606168             158.18036994377647            525                           5273                          1.3864360051037705            
40832                         1                             465.9824834615813             95.22625839297181             317                           3669                          0.835691967729533             
40927                         1                             661.6572831606164             159.47896381166228            536                           5272                          1.404975164679359             
41442                         1                             301.4642668438004             76.58912772990773             256                           2332                          0.6737681205589268            
41868                         1                             661.6572831606165             165.15842260782975            548                           5247                          1.4472462592822724            
41898                         1                             474.3204765393385             106.08058783318958            354                           3734                          0.9357344525735317            
42748                         1                             565.0537406458832             133.58742721655068            450                           4516                          1.1785855267099499            
42984                         1                             324.6399911852279             76.84515607861326             256                           2525                          0.6732185904964457            
43263                         1                             569.2835573624271             135.8432799081235             445                           4575                          1.1862319096305016            
45831                         1                             575.1504109511944             136.40463175664948            461                           4606                          1.204993383638155             
45985                         1                             661.6572831606167             152.70674369038792            516                           5181                          1.3522666274772985            
46432                         1                             661.6572831606168             162.55586383083298            540                           5251                          1.4283183616144086            
47051                         1                             661.6572831606167             147.89658387047805            492                           5130                          1.306171556412005             
48229                         1                             661.6572831606163             155.08026907943284            524                           5244                          1.375082760173855             
48292                         1                             165.02367761142165            39.87827335025463             133                           1329                          0.3498754893059054            
48594                         1                             661.6572831606167             150.6753579287309             506                           5076                          1.3307415811336258            
48713                         1                             26.97852143528942             6.5986695136685904            23                            235                           0.059763854932364566          
49326                         1                             661.6572831606165             166.25611100544512            552                           5344                          1.4583189121989868            
49876                         1                             32.20573119320045             4.441364309689699             14                            206                           0.03721780958059818           
51670                         1                             366.691282567787              93.23585686670154             309                           2927                          0.8175365105396997            
51821                         1                             423.6757897157857             99.52884201983763             333                           3390                          0.8780992529504075            
52175                         1                             62.14395193405053             15.91454142069773             52                            485                           0.1369760709443947            
52380                         1                             661.6572831606167             162.25889956461296            532                           5139                          1.411213895783803             
52703                         1                             661.6572831606167             165.52607626993088            539                           5239                          1.4344802530129628            
52733                         1                             661.6572831606163             163.65166907754354            541                           5349                          1.4312197306041798            
52821                         1                             661.6572831606165             152.00695331618718            513                           5350                          1.349942950949651             
52977                         1                             661.6572831606165             159.44230488763102            523                           5291                          1.3884482463147187            
53487                         1                             522.017598293462              126.6962522667157             419                           4192                          1.1085406243817202            
53586                         1                             661.6572831606163             147.43951300846933            489                           5213                          1.2921249437415003            
53802                         1                             661.6572831606168             162.45883692310238            538                           5339                          1.4235043454036045            
53888                         1                             649.8586643037836             155.427112560618              511                           5037                          1.354394478599752             
54310                         1                             661.6572831606167             144.13577997649858            477                           5315                          1.2600101322061792            
54898                         1                             661.6572831606164             165.70514451607806            550                           5220                          1.4525351373205484            
55059                         1                             661.6572831606164             167.56192317484079            558                           5108                          1.4714714067652261            
55076                         1                             201.4511421369389             49.48467693093306             165                           1574                          0.4359897423738427            
55325                         1                             661.6572831606165             156.20622159216677            517                           5175                          1.3687755495367573            
55439                         1                             124.61773188271889            26.363495308478132            88                            947                           0.2314234004985306            
55457                         1                             371.8593715526795             77.85996187439319             264                           2898                          0.6918425594274233            
55945                         1                             661.6572831606167             161.06159459057696            534                           5293                          1.414159197768103             
55946                         1                             27.131734554128872            5.061900092184705             17                            217                           0.04461639718944857           
55985                         1                             661.6572831606168             151.336607997253              502                           5377                          1.3299137161511982            
56369                         1                             295.8277683492347             68.4447829540466              224                           2360                          0.594436692345569             
56427                         1                             32.20580514068648             6.770624853583888             24                            228                           0.06122407962815163           
56590                         1                             661.6572831606165             154.4154967925596             518                           5157                          1.3637146471978863            
57521                         1                             661.6572831606164             155.24682178270226            508                           5393                          1.3502739841514368            
57536                         1                             655.3013251960597             166.2456585559231             551                           5261                          1.458647274334458             
58542                         1                             661.6572831606164             156.4798117257187             513                           5296                          1.3613853409984598            
58969                         1                             661.6572831606164             154.58516523661126            511                           5357                          1.353555943071332             
59057                         1                             75.25                         18.87131232738583             63                            613                           0.16711865665637676           
59353                         1                             172.5498390525555             41.09021680352995             141                           1340                          0.36571313981394316           
59693                         1                             36.39209989144136             7.482721654702214             26                            282                           0.06722462834502478           
59707                         1                             661.6572831606168             159.46283583060625            531                           5265                          1.3987036511229256            
59715                         1                             661.6572831606167             152.62905213989288            505                           4980                          1.3324083172407484            
60009                         1                             640.3343529778763             157.3656807396923             531                           5032                          1.3926875414965316            
60224                         1                             502.80242668500205            126.55679960803658            425                           4008                          1.1137593448746297            
60827                         1                             270.5982230941306             74.81125091635933             243                           2224                          0.6476612174218878            
61553                         1                             112.0989494403167             23.136468585581518            77                            873                           0.20346677961262605           
61709                         1                             661.6572831606162             161.59059886094616            542                           5284                          1.4280754238325106            
61932                         1                             140.78985182898703            33.470912680592804            108                           1039                          0.2908338699318988            
63741                         1                             661.6572831606165             149.66711603268763            500                           5241                          1.3163504492411593            
64189                         1                             608.694423647115              148.38793961312322            493                           4953                          1.3067883886997538            
64640                         1                             661.6572831606163             158.7429940907977             526                           5432                          1.3903602010760907            
64976                         1                             31.818703408714285            4.672725751202571             16                            216                           0.04167687249304442           
65485                         1                             575.7853243948454             139.6996709150963             464                           4512                          1.2246707152017466            
66013                         1                             661.6572831606165             158.76565348987566            529                           5415                          1.4014488586912064            
66153                         1                             661.6572831606163             157.87143562274557            525                           5250                          1.388032898716137             
66350                         1                             206.05725647898288            49.64578927410159             165                           1560                          0.43461500844644835           
67029                         1                             661.6572831606165             157.01492509041572            526                           5157                          1.3866662492808315            
68053                         1                             190.8762524160081             48.52767571334655             159                           1528                          0.42449824015557025           
68256                         1                             350.0927033365863             82.188079173895               280                           2825                          0.7322607371231562            
68307                         1                             75.064                        18.521284458302507            59                            555                           0.15688154227437653           
68737                         1                             635.9422325904915             160.30227067819533            539                           5181                          1.4164273105140714            
68828                         1                             661.6572831606168             161.599728927576              539                           5506                          1.4302684194159068            
69082                         1                             661.6572831606167             165.07597737813037            549                           5320                          1.4492578374377003            
69840                         1                             661.6572831606164             155.25451639624436            509                           5343                          1.3498037765031794            
70267                         1                             661.6572831606161             159.93696479787792            532                           5341                          1.4019378891971854            
70746                         1                             168.85578942354823            41.49235646066299             136                           1281                          0.3637383936666931            
70968                         1                             661.6572831606164             148.2252290348669             493                           5308                          1.296460814637291             
71217                         1                             20.256751693918158            5.439616819988743             19                            148                           0.04947459540551445           
71829                         1                             528.193213864965              130.6479638313821             431                           4181                          1.1429058611069511            
72359                         1                             403.92565315399975            91.35206154154771             302                           3153                          0.7972061875982502            
72967                         1                             417.3529114304667             102.30877597085465            330                           3344                          0.884039040390372             
73154                         1                             661.6572831606167             172.04285201597904            566                           5282                          1.5000339887851184            
73501                         1                             661.6572831606165             154.20507189281423            510                           5122                          1.3486395340779576            
73579                         1                             594.0104901889284             145.9977112615362             480                           4712                          1.272721900467181             
73763                         1                             288.0150843992699             63.586063870728715            212                           2221                          0.5572510592758473            
73945                         1                             410.8277940653919             94.90856864098257             313                           3160                          0.8333345477401958            
74889                         1                             598.3151801596207             145.7068590838093             480                           4901                          1.2732432220447505            
76294                         1                             365.2765144138391             91.13508168260908             301                           3011                          0.7966984430617865            
76606                         1                             131.73926017156967            26.576235200784044            85                            957                           0.22862205858351523           
76887                         1                             192.40635084533884            43.3920464846671              146                           1490                          0.3846504412581708            
77563                         1                             661.6572831606168             156.0856741356168             512                           5348                          1.3596708751907458            
77644                         1                             661.6572831606165             155.89953931187287            513                           5442                          1.3578202531631391            
77693                         1                             443.6692310935609             102.85507401698784            340                           3548                          0.8944670621176886            
78360                         1                             217.1843897630302             51.51239098174637             170                           1672                          0.45054441923894173           
78737                         1                             77.64847860263323             14.881324687000424            50                            612                           0.1307470342811503            
79278                         1                             482.6444132272281             113.40651537453371            379                           3677                          1.0026674208193314            
79312                         1                             367.66691110900103            93.20994629703985             306                           2967                          0.8099428718922944            
79431                         1                             99.53925790968755             21.142979051014333            71                            768                           0.1859470930046863            
79487                         1                             417.0495365953699             105.11862462602988            354                           3352                          0.9314879620316365            
79538                         1                             661.6572831606163             149.07723931838368            488                           5192                          1.2973304419167393            
80036                         1                             661.6572831606164             152.23547897079484            498                           5168                          1.3224893693579816            
80376                         1                             661.6572831606163             163.2447647108958             543                           5273                          1.4299956298974186            
80752                         1                             661.6572831606165             167.2949027523869             549                           5141                          1.459142561121398             
81994                         1                             73.039                        12.894621944553801            42                            539                           0.11159735437971541           
82464                         1                             31.818869511713928            5.907109909779307             20                            210                           0.05272611770261267           
82621                         1                             125.39858910402458            34.415797582079485            116                           984                           0.3047952154476194            
83104                         1                             524.046375032028              126.9695595818508             419                           4290                          1.1141103955574168            
83361                         1                             77.95088726616663             17.030856777738457            57                            587                           0.14914304080293592           
83582                         1                             401.52692428588574            125.50466802477071            417                           3273                          1.1037490734304414            
83592                         1                             661.6572831606167             151.58019396893252            507                           5128                          1.3346986305131339            
83642                         1                             661.6572831606165             157.4871580194518             516                           5308                          1.3772455925898424            
84061                         1                             586.5932831606164             141.59911400520593            472                           4669                          1.2430339645529482            
84502                         1                             661.6572831606164             171.07338233164842            565                           5291                          1.4941002153289302            
86557                         1                             606.6730751528298             153.5934765962337             509                           4780                          1.345226378684326             
86687                         1                             661.657283160617              155.56881352546225            512                           5328                          1.358526100034182             
86893                         1                             661.6572831606167             156.56612206483865            525                           5310                          1.380384006019677             
87211                         1                             116.5842073966926             25.539108825604206            89                            895                           0.2293559501748558            
87244                         1                             661.6572831606167             156.7440768094065             518                           5308                          1.3735991639211802            
87279                         1                             96.63242083792188             19.906134205548106            67                            720                           0.175357475235708             
87504                         1                             189.50665180615928            41.46399088723357             138                           1498                          0.36216830506047337           
87546                         1                             661.6572831606164             156.02952606573947            509                           5321                          1.3515582729318538            
87633                         1                             661.6572831606168             161.80816278954754            543                           5256                          1.4258258894197002            
87716                         1                             73.039                        21.47894756884178             70                            586                           0.18710441696804417           
88316                         1                             661.6572831606165             162.08047486630264            525                           5315                          1.4095453254024757            
88477                         1                             529.3700029552938             123.91058943265493            419                           4253                          1.095192437904953             
88605                         1                             661.6572831606168             160.56448611529584            536                           5190                          1.4127004373273815            
90063                         1                             559.3867556295564             133.52346141095245            441                           4426                          1.1699710793822697            
90491                         1                             661.6572831606164             151.69910955581526            505                           5230                          1.3342932632654978            
91665                         1                             661.6572831606164             153.8856985516208             502                           5255                          1.3375983498362256            
92193                         1                             661.6572831606164             162.81182649983316            538                           5167                          1.4227615845167856            
92900                         1                             661.6572831606163             161.04861993803226            530                           5180                          1.408162041189203             
93576                         1                             189.31676761451945            31.411642452662612            104                           1419                          0.27521722321817943           
93790                         1                             586.5932831606167             142.28864532125382            473                           4744                          1.2498326385763303            
93951                         1                             661.6572831606168             163.6315474035074             541                           5331                          1.4343717530649749            
95133                         1                             661.6572831606163             167.53805961468638            552                           5263                          1.4602187046734252            
95364                         1                             661.6572831606167             161.64169986141957            533                           5337                          1.4107381782560284            
95804                         1                             117.92980957336135            27.517515994574374            91                            890                           0.23892504346496546           
96722                         1                             43.63687951369649             9.271418272714604             31                            355                           0.08089551783179921           
97667                         1                             661.6572831606165             148.0480290505125             493                           5358                          1.3068807417805623            
97784                         1                             30.073134768703547            8.351087382957331             27                            229                           0.07153630146379733           
98020                         1                             75.53711613313554             16.925490908461317            61                            620                           0.15559920524377913           
98070                         1                             661.6572831606168             148.86795361959048            495                           5243                          1.3064855993700055            
98724                         1                             661.6572831606165             143.4270362787579             481                           5079                          1.2703723986917161            
98824                         1                             661.6572831606165             143.06621348254743            485                           5252                          1.2730815022151112            
99095                         1                             233.70170480360704            50.30376545170795             167                           1743                          0.44203111784566224           
251                           2                             563.2672444366497             162.79310484822958            539                           4642                          1.4273812952991403            
306                           2                             661.6572831606165             186.20745754845544            614                           5249                          1.6250229011331607            
1016                          2                             661.6572831606165             184.99657033745422            615                           5393                          1.6245921656795095            
1573                          2                             649.8772636792467             251.95666796177377            842                           5109                          2.227021609470178             
1967                          2                             661.6572831606167             218.1920647510318             734                           5195                          1.9382546564800387            
2196                          2                             661.6572831606165             180.17477089566665            600                           5132                          1.5812516936824221            
2524                          2                             661.6572831606164             230.56294826987266            760                           5305                          2.018570584719447             
2711                          2                             36.392059140074636            10.113597512221778            34                            276                           0.09115422863024944           
2840                          2                             661.6572831606165             243.76461662062476            803                           5354                          2.129795083580089             
3576                          2                             598.0621334361455             167.21998254026317            552                           4633                          1.465252760667613             
3591                          2                             429.02072574818203            128.82472301152106            424                           3459                          1.1265168841075748            
3852                          2                             558.8083067815066             154.7195415139326             518                           4392                          1.3668813419267103            
4908                          2                             661.6572831606167             196.42549231614996            650                           5326                          1.7219710650930455            
5249                          2                             661.6572831606165             167.8406717529213             559                           5257                          1.4745892805922094            
5768                          2                             545.411930639369              124.59889254786812            404                           4357                          1.080274787440131             
6387                          2                             661.6572831606165             184.44367807758547            621                           5394                          1.6333341807344728            
6493                          2                             661.6572831606164             235.76088039666942            773                           5259                          2.056988545713251             
6666                          2                             13.43498785021924             4.893845663180507             16                            91                            0.04235358397124939           
7280                          2                             453.49715756575785            103.71312797865049            345                           3478                          0.9094396967691906            
7314                          2                             580.3297259870934             163.61871636821326            537                           4594                          1.428426939401874             
7337                          2                             661.6572831606163             198.91800589205013            653                           5335                          1.733917675647188             
7951                          2                             317.38185212286174            87.79370950836264             292                           2589                          0.7720278988048933            
8522                          2                             661.6572831606168             200.17534114236165            664                           5187                          1.7565172824863198            
8701                          2                             207.2243178260533             49.53698928082603             163                           1674                          0.43213986953157774           
9482                          2                             661.6572831606163             193.27941568634768            640                           5334                          1.6945597830712316            
9666                          2                             661.6572831606169             179.2271645706469             591                           5272                          1.568796077737903             
9993                          2                             31.818510613550814            5.973649687497429             20                            220                           0.053202043083103195          
10079                         2                             181.75628479738012            51.403351354253935            172                           1410                          0.45232132939303293           
10354                         2                             126.66001600379975            42.59763974542259             145                           1006                          0.3792350974365696            
10492                         2                             661.6572831606165             175.2913852145271             591                           5106                          1.5496719195932758            
12538                         2                             661.6572831606163             200.09075850891614            663                           5351                          1.7548951610416077            
12642                         2                             657.8349776001816             179.41743180497042            596                           5371                          1.571441911676788             
13050                         2                             661.6572831606167             193.92585762452146            642                           5232                          1.7007928971829003            
13876                         2                             661.6572831606165             228.3367072979574             769                           5393                          2.0279004305391393            
14829                         2                             661.6572831606165             218.30571869106387            722                           5275                          1.9105690443572267            
14954                         2                             661.6572831606169             195.5498261702962             643                           5249                          1.7052973196084373            
15394                         2                             661.6572831606167             201.33034120365966            672                           5122                          1.7684159891972882            
15517                         2                             661.6572831606164             184.49024406856205            616                           5328                          1.6267186977498604            
15726                         2                             661.6572831606168             192.3336890211169             635                           5212                          1.6891061981138584            
16418                         2                             306.3739215379153             90.3134524665894              299                           2387                          0.7894202042540354            
17011                         2                             661.6572831606168             232.13833975338196            776                           5308                          2.050638016685997             
17166                         2                             339.68542233695746            97.84822678881724             323                           2620                          0.8562112217284381            
17178                         2                             466.14720605239006            100.88203985630054            335                           3668                          0.8856704493551188            
17264                         2                             661.6572831606167             192.42373373472364            646                           5374                          1.699216340952185             
17693                         2                             661.6572831606165             141.12345647472077            479                           5216                          1.2526031656433119            
17897                         2                             101.19811737655631            27.321976439251397            87                            773                           0.23608540301167202           
17998                         2                             245.25245929568058            71.53470609409547             236                           1861                          0.6260213906767198            
19587                         2                             647.4749647833163             189.7899411390244             625                           5193                          1.6571743115933415            
19765                         2                             193.95589851082025            42.484335492036365            145                           1595                          0.37519671424532963           
20036                         2                             661.6572831606168             179.77729869581398            596                           5298                          1.5773520046278222            
20444                         2                             661.6572831606165             186.6033086270037             607                           5112                          1.6197335023286255            
20502                         2                             545.8678960515066             168.6608174787658             548                           4341                          1.4608413889609053            
21469                         2                             661.6572831606167             252.3022549458525             826                           5155                          2.1978002697896217            
21964                         2                             75.24999999999999             20.822698425116076            70                            561                           0.18268961654506438           
22196                         2                             56.85973545014377             15.779995353268577            51                            382                           0.13699268137964932           
22322                         2                             661.6572831606165             204.73615393927952            679                           5284                          1.8001102903147523            
22620                         2                             661.6572831606163             178.2108076297933             586                           5297                          1.5538845419988572            
22741                         2                             661.6572831606165             173.2356795111625             578                           5109                          1.5259362720734195            
23061                         2                             661.6572831606168             204.85489679752087            677                           5288                          1.7976319265630698            
23269                         2                             178.41745434615615            52.32552098614067             176                           1351                          0.4621044018718059            
24077                         2                             37.85649590084972             15.962949195250363            52                            302                           0.13886070074382081           
24797                         2                             36.39178589103756             13.53563374406821             44                            265                           0.11599212219714204           
24894                         2                             661.6572831606167             200.72750601754407            661                           5342                          1.7540893649985003            
25615                         2                             407.3523911171756             118.88913945273629            402                           3321                          1.0573081460593188            
26089                         2                             661.6572831606165             213.0220720785188             702                           5415                          1.8622145470900222            
26158                         2                             661.6572831606167             193.7580682517929             645                           5485                          1.7033204873339387            
26250                         2                             661.6572831606165             197.8812121009323             654                           5360                          1.7362294221574415            
26308                         2                             661.6572831606167             189.6910186132746             629                           5289                          1.6631672549430103            
26403                         2                             661.6572831606167             197.0246674228807             649                           5245                          1.7280744099334742            
26470                         2                             460.85822466882206            181.3490185319913             608                           3807                          1.6069220571683933            
26551                         2                             435.59219306376633            107.70077594548694            366                           3484                          0.9559341805732126            
26807                         2                             661.6572831606165             209.13399722035606            687                           5330                          1.8307700676342156            
27974                         2                             91.36548556697497             21.19319089168781             71                            617                           0.18790873153712478           
28244                         2                             603.362687822636              184.8621383480118             606                           4816                          1.6061419911196246            
28430                         2                             188.06635237330897            63.76723761870422             211                           1453                          0.5572166330107857            
28966                         2                             661.6572831606167             201.51072877089564            675                           5294                          1.7749593464276892            
29866                         2                             661.6572831606164             211.420602210562              701                           5252                          1.8572438393369533            
30021                         2                             69.7238159809389              16.616582137136174            52                            529                           0.14153085089872075           
30837                         2                             661.6572831606165             186.33459232653036            622                           5176                          1.644175677529934             
30921                         2                             661.6572831606164             192.70108620828643            638                           5197                          1.6922717099717692            
31231                         2                             15.191189431167706            4.043658245901266             12                            131                           0.03302326713662496           
31493                         2                             512.9648446335771             146.91614321904387            485                           4022                          1.2842270398770128            
31966                         2                             661.6572831606165             198.74296314396815            655                           5223                          1.7348834608933275            
32058                         2                             661.6572831606163             232.22173622360285            772                           5328                          2.0348952824705577            
33159                         2                             661.6572831606162             207.1310529571753             687                           5260                          1.8274168350403626            
33284                         2                             584.2502831606166             170.48628484334196            555                           4692                          1.4795639829415284            
33483                         2                             661.6572831606168             227.7966344834997             754                           5264                          1.997060525352792             
33521                         2                             227.62059621703614            72.33203446019004             239                           1713                          0.6340584311129955            
33681                         2                             425.8580622996026             156.18079819518215            519                           3335                          1.374130540139928             
33697                         2                             661.6572831606164             180.998920473557              611                           5156                          1.6064355071745207            
34037                         2                             173.21623455699347            60.72702398633173             200                           1340                          0.5295347139571358            
34152                         2                             376.5266727659059             87.86173895476274             286                           2999                          0.7618746228427368            
34639                         2                             661.6572831606168             163.96513563964362            546                           5362                          1.4400023075535253            
34909                         2                             400.2013392749785             102.8034283045672             353                           3119                          0.9179434638687981            
35007                         2                             46.88703070791453             10.592742946187439            33                            335                           0.08926709592308663           
35439                         2                             661.6572831606165             201.46229467046075            674                           5306                          1.7808966055728714            
36235                         2                             31.818667974990262            5.288673385118558             18                            216                           0.04763110823274958           
36708                         2                             217.14179796056027            61.108523797357506            204                           1692                          0.5401942121163357            
36854                         2                             588.532900542713              136.78612009207163            448                           4705                          1.1909421128790205            
38249                         2                             164.89700178417976            52.68885127066551             175                           1323                          0.4651969104515566            
38365                         2                             661.6572831606167             194.90468040534859            647                           5479                          1.712685872092198             
38376                         2                             661.6572831606165             192.11700854814302            632                           5275                          1.6831876426411465            
40633                         2                             182.8498386645962             50.66001888754952             168                           1436                          0.4440887475692464            
41889                         2                             661.6572831606165             198.5680481628623             659                           5217                          1.7449191734849387            
42036                         2                             219.97142442350017            54.7063259113091              182                           1609                          0.47934414410309856           
42150                         2                             661.6572831606164             193.09917453802206            632                           5117                          1.6914963434919228            
43466                         2                             661.6572831606167             204.97086696338516            667                           5122                          1.7805596347782309            
43882                         2                             661.6572831606163             198.73217696396375            652                           5251                          1.7394864214788484            
44915                         2                             661.6572831606168             202.09754442576724            668                           5355                          1.7619328566554233            
44990                         2                             661.6572831606165             208.75027867993566            693                           5303                          1.834622328174031             
45341                         2                             661.6572831606165             192.88388557457165            643                           5323                          1.6955605069089135            
45835                         2                             661.6572831606164             210.70841686122003            690                           5308                          1.833278557502478             
46155                         2                             661.6572831606165             179.18787601361274            596                           5286                          1.5715335272661866            
46453                         2                             205.6855284266794             51.91792189471293             174                           1653                          0.45835489088178              
46680                         2                             661.6572831606165             193.62331737067564            646                           5328                          1.702250411260591             
46697                         2                             94.08835578799557             27.830370864078873            94                            696                           0.24476130415664338           
46743                         2                             514.8837999451828             143.39317934786715            470                           4206                          1.2485101387014648            
46875                         2                             661.6572831606164             190.6941144779099             642                           5298                          1.6890463472568364            
47744                         2                             615.7118786525507             185.35763536454112            611                           4788                          1.619897616869643             
49141                         2                             661.6572831606164             194.38246330705323            641                           5241                          1.7051324170078894            
49182                         2                             661.6572831606165             210.12601483737322            690                           5109                          1.835339969347278             
49607                         2                             661.657283160616              202.76572024310474            670                           5277                          1.7797260390199432            
49783                         2                             482.9525377886821             113.18649558144824            373                           3801                          0.9873327190559147            
50860                         2                             661.6572831606165             172.0333237043451             575                           5237                          1.5131466245247616            
50880                         2                             661.6572831606167             188.79062801665557            620                           5242                          1.6445913071660585            
51449                         2                             148.03555395334047            45.24411864370858             146                           1108                          0.39152624409557746           
51750                         2                             539.9510530684702             171.49410381880054            570                           4240                          1.508053096670124             
52589                         2                             242.75289546571054            70.56025814205536             230                           1856                          0.6169858927948337            
53217                         2                             661.6572831606164             195.83697193237276            649                           5173                          1.7251517135763017            
53251                         2                             32.205676259074224            6.522597553311987             21                            152                           0.05599290893334742           
53573                         2                             573.9921831606165             175.69463567049903            581                           4585                          1.5431982458748603            
54215                         2                             661.6572831606165             222.57906448964218            742                           5179                          1.9623433012174663            
54315                         2                             661.6572831606162             197.83911454846628            649                           5376                          1.7263953960019365            
54697                         2                             73.03900000000002             21.81039208979528             72                            569                           0.19344309644060376           
55621                         2                             73.03899999999999             14.846436413214251            48                            518                           0.1278361404671254            
56062                         2                             661.6572831606168             201.77132775433583            667                           5159                          1.7753229899262273            
56127                         2                             661.6572831606164             248.6027044501662             821                           5222                          2.1771713558319377            
56589                         2                             661.6572831606163             181.09163827879868            600                           5109                          1.5829658632856174            
57419                         2                             661.6572831606165             170.3185871980567             569                           5136                          1.5000677709491517            
57468                         2                             8.29484763532873              3.049058611482101             11                            63                            0.028747907846531306          
57913                         2                             661.6572831606163             205.6747154045308             689                           5262                          1.8155597273220407            
59291                         2                             587.866428473665              139.8025632322167             461                           4721                          1.2261496595188537            
59310                         2                             661.6572831606167             214.3635033602113             712                           5284                          1.8846611278273633            
59756                         2                             210.2317405065232             74.68170146110181             249                           1621                          0.660165283446316             
61128                         2                             661.6572831606163             213.16077631413654            704                           5173                          1.8653720942967218            
61909                         2                             102.48585358750785            24.89416996831302             84                            793                           0.2204793588682805            
62840                         2                             491.4790149062451             118.95290091743341            395                           3963                          1.0393521077087073            
63974                         2                             625.8998273278156             141.31751919395523            470                           5095                          1.2414739931654886            
64213                         2                             546.204989096947              148.98035167381283            492                           4228                          1.3026884197785311            
64480                         2                             442.3679885406722             118.34658041569409            382                           3362                          1.027850955022032             
64488                         2                             661.6572831606165             201.34707029871933            672                           5373                          1.774501627239523             
64873                         2                             621.0051471469794             186.9062052407178             620                           4851                          1.6442419267083044            
65236                         2                             562.0029433006564             138.12866310152017            461                           4498                          1.213657640936661             
66013                         2                             661.6572831606165             184.78672446289843            617                           5212                          1.6296912761668834            
66058                         2                             365.69399110316755            102.12016658061748            340                           2738                          0.8952486188891671            
66811                         2                             661.6572831606165             248.51107860363032            821                           5199                          2.176898667044723             
67091                         2                             32.20544946630396             11.745040835840646            39                            258                           0.10391059156997502           
67993                         2                             661.6572831606165             172.52012530609755            570                           5110                          1.506718304757409             
68285                         2                             247.26605228225384            76.8815041462218              258                           1887                          0.6799113257328391            
68348                         2                             661.6572831606165             194.33829616473471            647                           5327                          1.7105636171464744            
68447                         2                             661.6572831606163             166.665551058165              552                           5279                          1.46126941528524              
68704                         2                             661.6572831606165             191.48734472348548            632                           5215                          1.6799396923437433            
69462                         2                             661.6572831606165             186.38986013536427            614                           5110                          1.6330442340163462            
69760                         2                             404.1025916686134             87.04038011817327             290                           3198                          0.764230948211094             
69906                         2                             661.6572831606163             181.22411819982293            604                           5158                          1.595070181236339             
70208                         2                             558.1452045960079             154.85306199777344            518                           4352                          1.3621308817955753            
71271                         2                             661.6572831606165             183.96324176976407            615                           5158                          1.6196190720377268            
72903                         2                             32.20552237345588             6.7725137262125035            23                            206                           0.06194372766128202           
73285                         2                             386.36471780209126            151.93815089124587            501                           3077                          1.3321093812028677            
74300                         2                             171.21897678845346            39.59506247728202             130                           1296                          0.3455889053521763            
74329                         2                             487.5493707893238             123.60399269604852            411                           3759                          1.0904295112259679            
74804                         2                             185.83069779381975            44.419138359600986            145                           1357                          0.3860325455004632            
74823                         2                             661.6572831606164             184.30943225946467            603                           5304                          1.607798962430068             
75058                         2                             481.6920073372721             120.66664069990955            401                           3765                          1.0588772087732796            
75080                         2                             661.6572831606167             200.06750710110924            662                           5311                          1.752451217242243             
75301                         2                             502.0256301980836             136.3374922478775             451                           4003                          1.1943914005684038            
77797                         2                             661.6572831606167             263.7796754207199             875                           5354                          2.3262925973160247            
77901                         2                             661.6572831606167             198.9895991919616             660                           5238                          1.752327733386704             
79200                         2                             335.5012111967506             75.82335344507672             244                           2623                          0.6530201135676524            
79532                         2                             489.4156253433994             105.64105845058715            356                           3858                          0.9387299078450815            
79782                         2                             86.3375645817359              17.892265457785435            59                            611                           0.156489249762381             
79829                         2                             205.89337228062337            55.336541296911776            184                           1589                          0.48531283675675263           
80006                         2                             585.0948279848725             208.38769654738329            686                           4816                          1.829954877704715             
80152                         2                             93.91539656549551             34.720746450120345            119                           740                           0.31257385618938965           
80592                         2                             661.6572831606168             194.10588285080757            643                           5296                          1.7021214612639906            
81518                         2                             661.6572831606164             231.74364429181173            765                           5326                          2.024910146339952             
81682                         2                             661.6572831606168             192.45333728205722            638                           5338                          1.6861045950832882            
81741                         2                             166.6383874923766             35.40962304606673             116                           1314                          0.3077317691618318            
82010                         2                             661.6572831606167             196.35964394351979            658                           5456                          1.7321298385100055            
82039                         2                             661.6572831606165             196.44021834940068            652                           5128                          1.7244490886399384            
82812                         2                             510.4338511346105             130.15079008268526            432                           4008                          1.1407737350580258            
82887                         2                             661.6572831606168             193.1283629187362             637                           5269                          1.6910393591471902            
83161                         2                             661.6572831606165             215.9118289835333             715                           5544                          1.8965398708313537            
83546                         2                             661.6572831606167             205.95759858035342            683                           5251                          1.8195064637862741            
84613                         2                             661.6572831606163             215.72438187253593            718                           5316                          1.9011377396269578            
84662                         2                             661.6572831606167             180.50204668094182            607                           5358                          1.5934303319225482            
86723                         2                             661.6572831606165             236.01422513195465            782                           5365                          2.0752372102214656            
86953                         2                             661.6572831606164             210.58034686241118            703                           5240                          1.8578592213962999            
87086                         2                             661.6572831606165             209.53906636173892            697                           5170                          1.8410750605095936            
87542                         2                             321.82452320165714            91.51146302527725             309                           2553                          0.8115657535198086            
87802                         2                             661.6572831606164             255.74238722446393            849                           5294                          2.2470687788443007            
88063                         2                             661.6572831606162             184.19281596198746            608                           5419                          1.6111944759555348            
88228                         2                             661.6572831606165             188.9583410036134             633                           5359                          1.6705273041939215            
88862                         2                             661.6572831606168             242.77618866503659            814                           5261                          2.142573561978799             
89162                         2                             661.6572831606165             214.2427493237778             704                           5245                          1.8702768814510682            
90064                         2                             661.6572831606165             228.23565959659186            748                           5186                          1.9901929682803878            
90614                         2                             661.6572831606164             177.99774948239565            597                           5245                          1.5710383319809873            
90798                         2                             661.6572831606168             200.79293602436368            673                           5309                          1.7756336485411617            
90962                         2                             661.6572831606164             179.4008301491377             598                           5239                          1.580600790480307             
91187                         2                             661.6572831606164             254.96843430232278            850                           4982                          2.245249510232866             
91770                         2                             661.6572831606168             211.27482161663963            690                           5274                          1.8374713314421698            
92530                         2                             586.5102120187107             174.7310324412108             571                           4601                          1.520112947431342             
92988                         2                             260.93223547036143            63.978156413058414            210                           2004                          0.5590998568525201            
93350                         2                             661.6572831606163             194.31485336444936            637                           5326                          1.6957062265168665            
94074                         2                             661.6572831606169             168.01559881414707            558                           5273                          1.4739202190857874            
94639                         2                             661.6572831606163             171.6490921024674             566                           5284                          1.500392461053746             
94784                         2                             180.34678538082733            69.19861626354015             229                           1387                          0.6098437138294222            
95811                         2                             94.03020481535397             21.892703027169894            73                            746                           0.19349570272302893           
95853                         2                             661.6572831606162             167.91021926907425            563                           5419                          1.4803535452040353            
96019                         2                             661.6572831606169             247.2686109929116             822                           5328                          2.1737445399723896            
96026                         2                             446.8091740319097             125.86458907952627            411                           3428                          1.094696380919274             
96147                         2                             474.2915889948713             163.90884412791834            544                           3830                          1.4412731360278708            
96237                         2                             378.75529460940373            85.45354591471269             285                           2747                          0.7501356632941181            
96658                         2                             556.9663242106756             153.3923166746413             517                           4442                          1.3609666393118103            
96860                         2                             41.592479995378525            13.190603495048693            44                            323                           0.11640084352530497           
97279                         2                             449.6388100408766             107.40792736406704            352                           3570                          0.9353154140435571            
98252                         2                             461.97395972427427            146.29695564667813            477                           3712                          1.274589212472709             
98426                         2                             557.0641989077502             126.79296711665258            423                           4468                          1.1195175889863798            
98467                         2                             661.6572831606167             204.0178055508662             675                           5219                          1.792032691582976             
99654                         2                             542.0318113630746             132.57093866598123            439                           4502                          1.1570175353147636            
99695                         2                             661.6572831606163             180.82530510050788            605                           5346                          1.593575940109715             
8                             3                             325.39253383289133            82.1798992756893              265                           2554                          0.7063112313292541            
474                           3                             31.81890146059805             8.614858173561352             27                            214                           0.07352440135545056           
871                           3                             661.6572831606165             157.538260180437              524                           5238                          1.3852007294720632            
1073                          3                             246.2008466838526             65.54062372563149             215                           1963                          0.5705393612005731            
1644                          3                             419.06976569184815            92.75932720488252             304                           3176                          0.8081321393856462            
1870                          3                             661.6572831606164             153.06930280383548            502                           5285                          1.3337925734340934            
3566                          3                             661.6572831606169             159.59998404287325            528                           5266                          1.3959045608007468            
3731                          3                             65.44510816338945             13.86988989445273             46                            490                           0.12042833343978374           
3959                          3                             661.6572831606163             139.25964774659695            461                           5048                          1.2220307565074084            
5617                          3                             661.6572831606163             162.85966790482186            547                           5080                          1.441038313426247             
5734                          3                             661.6572831606165             159.5885325110207             540                           5327                          1.4112164513879542            
6593                          3                             661.6572831606165             151.5479726386955             505                           5406                          1.3327351381339323            
6867                          3                             661.6572831606168             147.69035584792385            491                           5187                          1.296208560186529             
7521                          3                             661.6572831606167             153.48692080858365            512                           5194                          1.3511193490616804            
8186                          3                             661.6572831606164             160.15557854212182            521                           5110                          1.3882257336787784            
9326                          3                             661.6572831606165             163.78118767727983            545                           5381                          1.4426248399227046            
9577                          3                             455.1088031681692             111.61275966691889            368                           3740                          0.9738084035490815            
10392                         3                             661.6572831606164             160.52818032051658            535                           5275                          1.4118943860114235            
10563                         3                             110.96702570375771            25.758502955939516            84                            897                           0.2236527766037205            
11825                         3                             661.6572831606163             153.78564469977314            515                           5124                          1.3518393665516524            
11963                         3                             661.6572831606167             155.57063560138795            513                           5340                          1.3612717747407637            
14805                         3                             310.10274972759566            70.64228223665508             230                           2425                          0.6123105815270922            
15160                         3                             551.4087828866143             137.87376999400493            459                           4473                          1.2100912581187877            
15253                         3                             472.1899403936534             115.7465065619522             395                           3693                          1.0274818330368682            
15952                         3                             661.6572831606167             152.06620254345515            503                           5270                          1.3311113070727507            
16749                         3                             454.4944806760243             115.26623437938122            387                           3651                          1.0167515637164786            
16933                         3                             661.6572831606163             163.3658122918546             534                           5265                          1.4184864642271995            
17244                         3                             661.6572831606164             147.57812640673728            490                           5161                          1.2930360127853238            
17758                         3                             661.6572831606168             160.56620870707945            537                           5285                          1.417070930572169             
17975                         3                             326.9386370637122             72.95014644520033             240                           2503                          0.636218988006622             
18588                         3                             250.6856393765113             59.08425073455485             191                           1921                          0.5102681965285101            
20059                         3                             661.6572831606167             161.4370439764228             540                           5266                          1.4266181962390987            
20305                         3                             661.6572831606168             153.1475869186902             507                           5334                          1.339324333290154             
20989                         3                             32.20583824161746             8.915676865635143             31                            248                           0.07990505902763918           
22090                         3                             661.6572831606165             147.13614539984533            493                           5300                          1.2977031004221815            
22623                         3                             661.6572831606169             157.9303087877313             527                           5398                          1.3947790234114414            
22792                         3                             89.58739173870933             16.161289233568485            56                            590                           0.14549340292623344           
24230                         3                             661.6572831606167             162.9531727482622             536                           5379                          1.4179119842746593            
25159                         3                             77.40699999999998             19.135265836548122            64                            588                           0.16889380640953602           
25223                         3                             661.6572831606164             156.8425338582821             519                           5270                          1.375203477018276             
25666                         3                             186.72357285086196            42.96107537626189             143                           1357                          0.3780045060672854            
26857                         3                             145.10072732631673            32.40851777099324             107                           1105                          0.28333995805365175           
27870                         3                             81.84367620565149             20.519341225854244            68                            648                           0.18133186994696657           
28168                         3                             374.5749439841603             87.87471895818538             295                           3101                          0.7767854140131001            
28273                         3                             661.6572831606167             148.94137189300653            500                           5278                          1.3169620446724197            
28427                         3                             236.1642707141405             50.17694267005837             164                           1830                          0.43434103907607563           
28943                         3                             36.39186003874185             11.944614716732133            39                            273                           0.1027736199745792            
29067                         3                             661.6572831606165             139.34942390285633            464                           5137                          1.222029440074388             
29753                         3                             661.6572831606163             156.43696585014487            513                           5426                          1.3604097362785568            
29780                         3                             661.6572831606165             154.1842690538776             505                           5274                          1.344378072235601             
29943                         3                             661.6572831606167             156.05836522321493            521                           5208                          1.3702635055039303            
30157                         3                             661.6572831606165             147.53485745099397            493                           5201                          1.2984825696968199            
30790                         3                             463.71256825876526            105.94721373104343            349                           3740                          0.922530957626103             
31601                         3                             661.6572831606165             145.03224651904551            484                           5104                          1.2727575532396305            
32192                         3                             180.32571341691187            39.728720509329385            132                           1437                          0.34776877386427973           
32326                         3                             35.773643078147785            7.719763513881656             25                            257                           0.0665907427074378            
33785                         3                             661.6572831606168             162.38013306827241            542                           5375                          1.4258181737972873            
34165                         3                             275.180255723011              84.48219263201987             277                           2207                          0.7355459356576262            
34977                         3                             433.5162269962134             101.26160554519794            342                           3415                          0.897348161788778             
36046                         3                             324.94298776468236            79.8207479844574              261                           2605                          0.6945202595423143            
36124                         3                             661.6572831606164             156.04619583760274            516                           5320                          1.366533406696496             
36243                         3                             574.932822729847              137.80988519241947            456                           4668                          1.208612516154146             
36391                         3                             163.76046164416428            42.38991535933074             140                           1285                          0.3689419359878344            
37350                         3                             36.79120053918904             7.188029818188551             24                            293                           0.06262821088731083           
37831                         3                             61.729347657524684            13.453566206139026            45                            448                           0.1194542817990538            
38670                         3                             661.6572831606164             149.3843268722831             494                           5260                          1.305414290382579             
38893                         3                             661.6572831606167             155.1120101161883             515                           5112                          1.3627303658714558            
39826                         3                             355.8972726437034             82.67915495228404             272                           2863                          0.7215623705705937            
39988                         3                             649.3876327662637             137.68648587696515            454                           4896                          1.20702357923622              
40021                         3                             661.6572831606164             160.66006170529403            539                           5298                          1.4205797119349688            
40721                         3                             661.6572831606165             157.81263624234302            516                           5258                          1.3737898764466594            
41770                         3                             32.205554286000535            7.792720261052682             26                            220                           0.06821413600864928           
41878                         3                             661.657283160617              166.46374063067398            554                           5405                          1.4609087517408539            
41890                         3                             661.6572831606165             151.84490509074317            498                           5346                          1.319021297653386             
42639                         3                             661.6572831606163             151.52075639377338            499                           5154                          1.3215158402478846            
43151                         3                             661.6572831606165             161.86990656686075            533                           5357                          1.4160641910548868            
43588                         3                             661.6572831606165             163.09106419941756            538                           5187                          1.4251056871761212            
44251                         3                             291.8620171697054             70.73508439663749             227                           2290                          0.6113703106523785            
44520                         3                             259.78149744956755            67.02193860724088             227                           2104                          0.5939154250986276            
44527                         3                             637.5711969052916             149.44718852469634            494                           4991                          1.3023384062454488            
45209                         3                             24.20707926705812             6.188331688752276             20                            190                           0.05359107983175653           
45246                         3                             661.6572831606167             163.89075266086257            543                           5169                          1.4326088987930063            
46138                         3                             47.63785673554058             9.992944256581852             35                            385                           0.09077324354480609           
46386                         3                             197.2985664487499             48.53639437183974             164                           1573                          0.4302234672526995            
47250                         3                             384.3723374963082             86.45255559639536             287                           3000                          0.7544674340993875            
47674                         3                             661.6572831606168             150.41939404914444            500                           5090                          1.3161955321451262            
48141                         3                             50.45581341625861             11.808957244574053            38                            411                           0.1012850204626903            
48485                         3                             661.6572831606165             140.30237182286126            471                           5323                          1.2364876479039526            
48908                         3                             661.6572831606164             157.33897122142704            522                           5359                          1.378690422679118             
49752                         3                             661.657283160617              158.15123573117523            520                           5465                          1.3755780073876642            
50061                         3                             661.6572831606163             154.94411210957577            508                           5196                          1.3509790223034692            
50531                         3                             661.6572831606168             153.67206199155112            508                           5181                          1.3421588676119653            
50649                         3                             247.97825904381833            55.663698291754955            186                           1921                          0.4881910695815545            
51640                         3                             661.6572831606163             150.4266498424464             498                           5383                          1.319930500074129             
51760                         3                             661.6572831606167             153.34564879341664            514                           5234                          1.3494627956991305            
52257                         3                             661.6572831606163             165.54380020663385            546                           5162                          1.4492006416643974            
52276                         3                             661.6572831606163             158.629410005993              525                           5345                          1.3852466790175577            
52745                         3                             58.95905776999822             14.358571964624801            49                            429                           0.12805957923557595           
52825                         3                             661.6572831606168             156.93882907073836            524                           5379                          1.3806684084149552            
53463                         3                             661.6572831606165             168.23368527945476            561                           5218                          1.4803656235852654            
54796                         3                             661.6572831606165             144.79206213542673            482                           5158                          1.268905373805385             
55291                         3                             661.6572831606164             157.02812422674626            521                           5355                          1.379144702884624             
55558                         3                             284.46036739509356            63.99473633961794             212                           2291                          0.561711763751704             
56152                         3                             661.6572831606163             160.00643487032673            524                           5237                          1.3935658896728405            
56728                         3                             661.6572831606165             157.86496929222938            524                           5412                          1.3847799387367767            
57773                         3                             661.6572831606168             157.74182399109745            523                           5379                          1.3808847824288195            
58470                         3                             661.6572831606167             150.48165831109404            494                           5241                          1.3146011083863862            
59138                         3                             200.58666226088297            49.909484528757496            166                           1550                          0.4396936117535123            
59625                         3                             422.85697406464965            92.36080276460584             304                           3397                          0.8042613381690328            
59635                         3                             661.6572831606164             161.44758571104603            533                           5213                          1.412624030835512             
60204                         3                             661.6572831606164             143.2790511873764             485                           5316                          1.2737449342687548            
61012                         3                             370.10550806936504            88.1792098034657              284                           2977                          0.7589896850342499            
61651                         3                             221.63951296701273            50.954434069771985            171                           1826                          0.4511836882836778            
61663                         3                             464.1566209159324             123.9771769173019             408                           3811                          1.0822633959681909            
62232                         3                             471.8912628767108             118.05509756521141            385                           3889                          1.0263074002483386            
62257                         3                             661.6572831606164             157.74130984871948            526                           5331                          1.3857060635218375            
62453                         3                             661.6572831606165             169.21632083228647            556                           5206                          1.4756800270914112            
62887                         3                             661.6572831606168             152.19922635484917            503                           5322                          1.327044693600063             
63000                         3                             453.900117868103              112.32876917985348            375                           3624                          0.9909616775114765            
63239                         3                             311.43994037799473            68.56513395231892             236                           2542                          0.6176208855023675            
63579                         3                             104.66711924458535            25.320346194853716            89                            788                           0.2295304454805819            
63725                         3                             661.6572831606165             166.53273683421207            543                           5104                          1.4423426686472924            
63876                         3                             494.35117095796824            121.56045320043569            399                           3981                          1.0547340139828827            
63998                         3                             455.86205301289874            112.85984190500074            371                           3690                          0.9813340590471286            
64019                         3                             661.6572831606165             153.3507906925221             507                           5240                          1.339647468389543             
64020                         3                             528.2187760948302             123.58180211659476            413                           4231                          1.08764029949405              
64218                         3                             70.30173800539485             15.943209144731016            55                            587                           0.1431616574784138            
65211                         3                             356.5889118481482             82.6727349654983              279                           2786                          0.7302781352251135            
65620                         3                             326.3014326524592             84.43307633233195             284                           2614                          0.7489598853396758            
65655                         3                             264.6364355778357             61.321110025033995            199                           2068                          0.5286797590029799            
66199                         3                             558.0955848005792             130.4070161001154             429                           4460                          1.1386646546358978            
66734                         3                             36.316603701702725            6.751727416153558             21                            246                           0.05684975925384239           
67426                         3                             32.20557898133845             6.539095019579209             22                            263                           0.057224019686128655          
67559                         3                             661.6572831606163             161.64865838965633            544                           5288                          1.4316001111619716            
67571                         3                             106.68551275669259            21.62882959701183             72                            816                           0.19080380640287048           
68055                         3                             661.6572831606167             151.9590942581312             503                           5230                          1.3338196468907302            
68365                         3                             621.141942209914              152.45525926039986            502                           4954                          1.3297930901821013            
69828                         3                             661.6572831606168             147.35187713324052            495                           5211                          1.29906720487801              
70344                         3                             635.5764809667345             140.60043414585834            475                           5046                          1.2470708950660403            
70419                         3                             661.6572831606163             159.99401205323946            523                           5201                          1.3916412999554542            
70912                         3                             221.88930507004184            52.00906559021222             172                           1793                          0.45462448786964416           
71104                         3                             661.6572831606163             155.90375226058111            513                           5158                          1.3584541267027181            
71349                         3                             661.6572831606163             156.3039232113688             519                           5274                          1.3699196453354239            
72104                         3                             31.818577561333942            6.029389087148149             22                            253                           0.055390228115691297          
72276                         3                             436.30202788298254            103.97472079874551            336                           3416                          0.8961613569661034            
72379                         3                             661.6572831606165             173.65387055835262            581                           5394                          1.5246960172654684            
72429                         3                             530.0852011464995             129.29273266858462            426                           4259                          1.128753843415275             
73104                         3                             425.28353765458763            91.00590075738042             302                           3341                          0.7974425289047371            
73446                         3                             263.72984645685415            80.401229803089               268                           2032                          0.7090299366992274            
74272                         3                             427.21132368968057            99.67856970025157             326                           3289                          0.8666623690004585            
74299                         3                             661.6572831606162             156.74280758151374            520                           5265                          1.3742371282390118            
75450                         3                             31.818730691931705            6.92457839384381              22                            208                           0.05884395382533578           
76369                         3                             661.6572831606165             154.61082180099               518                           5322                          1.3625809368621493            
76496                         3                             661.6572831606165             158.25684888015982            529                           5358                          1.3887515577662055            
77034                         3                             569.2128167860704             126.07073525667866            424                           4499                          1.1114052398725383            
77884                         3                             331.3262486613469             81.60085905365418             267                           2629                          0.7096931823003578            
78271                         3                             661.6572831606163             158.58433980879838            527                           5206                          1.3884705401915665            
78341                         3                             661.6572831606167             159.70723610949727            527                           5382                          1.3937635226663905            
78710                         3                             661.6572831606163             159.15652575497924            532                           5372                          1.4020713112394685            
79265                         3                             661.6572831606163             149.62696257160985            499                           5140                          1.3172575829792739            
79355                         3                             661.6572831606164             151.54139010394425            506                           5315                          1.3304238385872984            
80199                         3                             469.9461785414238             106.11024708365792            356                           3750                          0.9346080128633728            
80561                         3                             661.6572831606164             150.97857032824714            499                           5301                          1.3169152775143773            
81781                         3                             227.03883986806983            54.19178799279669             184                           1775                          0.47878171070718467           
82743                         3                             661.6572831606164             152.87767244691852            509                           5224                          1.34509279147743              
82975                         3                             661.6572831606165             154.43040011979483            516                           5246                          1.3578626838133503            
83032                         3                             429.0962849894549             96.5235868536058              322                           3378                          0.8517812932691357            
83242                         3                             661.6572831606165             145.25712622065848            478                           5124                          1.2701469349099979            
83299                         3                             28.013150566120963            6.4595849461295085            22                            234                           0.05736942763600675           
83478                         3                             209.7064750265775             45.04201744017484             148                           1490                          0.39405370216078406           
83622                         3                             661.6572831606164             149.4601701465676             498                           5282                          1.3176036427613733            
83847                         3                             553.5848690735032             127.27365707904453            428                           4310                          1.1282259501032883            
83951                         3                             661.6572831606165             164.24032784000462            556                           5338                          1.4561179172934997            
84054                         3                             661.6572831606164             157.09691882410868            523                           5317                          1.3854072879619084            
84121                         3                             661.6572831606164             155.85385473691767            514                           5227                          1.3616020278302785            
84189                         3                             643.741594925597              156.12586555108354            518                           5083                          1.3684935555677984            
84379                         3                             661.6572831606168             160.58155309607417            526                           5292                          1.3935214199847556            
84747                         3                             661.6572831606165             150.5719094643012             500                           5092                          1.3198129626396051            
85499                         3                             661.6572831606161             163.7330186118958             547                           5306                          1.4404522833721967            
85753                         3                             464.2222351711422             116.20860273359932            382                           3657                          1.0163304592644153            
86566                         3                             661.6572831606165             165.97327634063438            546                           5324                          1.4458958685594325            
86606                         3                             661.6572831606163             156.6755350888125             518                           5257                          1.3707118451401514            
86725                         3                             661.6572831606168             151.70303847687762            506                           5313                          1.3310439321931073            
86908                         3                             31.81862394138924             6.218050229687614             21                            230                           0.05504693746931049           
87170                         3                             661.6572831606164             151.90284887127382            504                           5158                          1.3300306598570835            
87611                         3                             661.6572831606164             154.30110845956264            513                           5298                          1.353203538129095             
88202                         3                             661.6572831606165             152.36250647255994            506                           5106                          1.3375448157190162            
88618                         3                             661.6572831606165             169.2833570962208             563                           5347                          1.4863456162036077            
89024                         3                             661.6572831606164             150.61314890988518            509                           5141                          1.3394899901961121            
89074                         3                             661.6572831606165             144.17868458498174            481                           5122                          1.266493327367206             
89508                         3                             152.28182095442702            39.85178065527392             133                           1233                          0.3493567645868245            
90429                         3                             661.6572831606165             154.91694172873628            509                           5297                          1.351875968766981             
90452                         3                             661.6572831606165             149.0932618699527             493                           5127                          1.3021981117626438            
90463                         3                             661.6572831606165             152.37442047808926            507                           5358                          1.340991405119102             
91345                         3                             661.6572831606163             145.88983036602838            480                           5197                          1.2770426740190959            
91682                         3                             321.3919378256323             77.31614601929337             259                           2502                          0.6810700850614075            
91707                         3                             32.205359304958066            7.980973321618294             27                            216                           0.07064859582953865           
92704                         3                             37.41776177566239             10.081506215693343            34                            285                           0.09017229650298816           
92781                         3                             661.6572831606165             157.1598023123287             520                           5360                          1.3767762179991885            
92982                         3                             661.6572831606167             151.29735774283898            508                           5222                          1.3368022723822062            
93236                         3                             661.6572831606164             162.9158168085983             536                           5220                          1.4173556201397226            
93599                         3                             73.039                        15.362716757217456            52                            574                           0.13696427868233021           
93778                         3                             661.6572831606164             162.40931960926576            535                           5408                          1.4194513537990572            
94787                         3                             661.6572831606165             151.67793944335608            509                           5131                          1.3387250958774888            
95540                         3                             395.2856476647112             98.4652873569246              322                           3152                          0.8555175020086995            
95642                         3                             471.4151350926365             110.0803957419493             370                           3732                          0.9724694133246732            
97080                         3                             248.54794255208236            60.04716885592274             197                           1986                          0.522173953425545             
98065                         3                             661.6572831606167             163.29381172565948            545                           5269                          1.440317989827502             
98214                         3                             661.6572831606165             168.99311290409662            556                           5338                          1.4693796168989546            
98877                         3                             27.340252761353206            6.539193459500088             22                            198                           0.05730660704803976           
98939                         3                             661.6572831606168             164.71742135195095            548                           5312                          1.4487780616366543            
99814                         3                             601.0818930825637             144.7570139793676             480                           4874                          1.2674209026976246            
344                           4                             599.7115464425046             144.41062382472956            482                           4789                          1.2665182989417496            
537                           4                             661.6572831606161             162.02910409759673            529                           5151                          1.4121573253430624            
1410                          4                             463.45443403912986            121.39290980289769            395                           3614                          1.0513309998547706            
1640                          4                             661.6572831606164             156.84822383220026            522                           5170                          1.3804534334157776            
1743                          4                             661.6572831606168             165.3480762652497             549                           5176                          1.4499397687604172            
1874                          4                             531.2246402741191             133.12943083905378            438                           4207                          1.1614965434100224            
2373                          4                             661.6572831606167             164.3088790711308             549                           5366                          1.445481051189586             
2550                          4                             661.6572831606168             169.59128349678372            570                           5401                          1.497611578111243             
2971                          4                             661.6572831606163             155.40529410389163            518                           5082                          1.3635244822039287            
3052                          4                             661.6572831606165             174.53219200768737            580                           5264                          1.5370708920140417            
5190                          4                             205.8243959834645             51.33307869548874             169                           1323                          0.44727505727240946           
5779                          4                             661.6572831606167             169.66308321232768            555                           5152                          1.4780747110415735            
6591                          4                             203.33701295169158            51.42535347519506             168                           1546                          0.4449808668060745            
6976                          4                             661.6572831606164             167.79145418008537            553                           5256                          1.4637790845616692            
7373                          4                             661.6572831606164             168.51302701465704            560                           5350                          1.477079402440191             
7837                          4                             661.6572831606165             163.90625801957881            536                           5277                          1.4235994734115156            
7989                          4                             661.6572831606165             150.6967200683733             499                           5134                          1.3205815864184793            
8022                          4                             661.6572831606164             157.7784171752567             521                           5213                          1.3875053683157126            
8631                          4                             513.9522078194269             128.49757270975923            416                           4070                          1.1087640890288837            
8887                          4                             161.95162652059452            38.75320558624553             130                           1302                          0.3414509950459952            
9394                          4                             661.6572831606167             173.50944050393738            570                           5352                          1.5124678266972533            
10134                         4                             661.6572831606168             162.9677472500412             531                           5178                          1.4099152427752957            
10172                         4                             661.6572831606165             150.8496015846124             493                           5122                          1.309082893688691             
10702                         4                             661.6572831606165             168.0309975341115             549                           5257                          1.4607533810459943            
11151                         4                             590.2194303346745             144.9476121826808             479                           4716                          1.2710130188658249            
12290                         4                             661.6572831606162             170.4412835682578             565                           5526                          1.4946136734655089            
12351                         4                             36.39187355134554             9.817141870130843             32                            277                           0.0854276313315723            
12759                         4                             661.6572831606165             166.51488908153584            551                           5381                          1.4586331948538676            
12847                         4                             661.6572831606165             163.50484800130002            546                           5290                          1.4325623195012278            
13704                         4                             661.6572831606161             154.097939358815              511                           5228                          1.348174642050103             
14364                         4                             661.6572831606165             162.7980577326539             540                           5202                          1.4261015128915817            
14871                         4                             508.12706911693283            127.78983363441078            417                           3947                          1.1127135648801798            
15460                         4                             661.6572831606165             151.37074281113348            507                           5116                          1.334838660510937             
16215                         4                             23.893911318146444            3.1885345349533485            11                            192                           0.028787770899187146          
16750                         4                             227.61981311491226            56.10998173436914             183                           1793                          0.4877986256886796            
17242                         4                             661.6572831606168             167.71109751790755            548                           5451                          1.460409402243069             
18125                         4                             661.6572831606164             154.00645682309846            516                           5411                          1.3543638764486254            
18532                         4                             30.719323132188936            8.984849917504883             29                            268                           0.07726331906496726           
18604                         4                             661.6572831606167             161.62105709062544            528                           5316                          1.402287080539288             
18903                         4                             661.6572831606165             167.32588354406428            551                           5172                          1.460645467261837             
18971                         4                             661.657283160616              155.2029693262466             514                           5338                          1.3591885977055755            
20602                         4                             36.392002680300074            6.515719786382662             22                            258                           0.05698902338284773           
21014                         4                             190.48893472750612            48.289276224426374            166                           1438                          0.4322416547015953            
21060                         4                             661.6572831606169             173.35187908201766            567                           5360                          1.5069879568082516            
21714                         4                             661.6572831606168             165.66231115565327            546                           5100                          1.446659086454785             
22735                         4                             661.6572831606171             166.2805568178774             547                           5257                          1.4503854240765899            
24184                         4                             661.6572831606163             158.31442846646237            535                           5303                          1.3989107263457825            
24863                         4                             661.6572831606168             165.5114799659807             552                           5207                          1.453824891641693             
25197                         4                             362.89960921850974            90.74681729982656             302                           2806                          0.7975786040917981            
25278                         4                             661.6572831606165             160.7429616573235             528                           5106                          1.4028436419140566            
25346                         4                             661.6572831606165             165.6482065947157             558                           5224                          1.4703457142947718            
25779                         4                             80.97256299863076             18.70540097985705             63                            518                           0.1655779380803244            
26242                         4                             419.74445629131145            107.89406513209373            351                           3312                          0.9365590632163288            
26634                         4                             557.9777093161842             138.0092746290797             460                           4334                          1.2121837658800998            
27057                         4                             566.8331769726708             140.05325312098404            462                           4371                          1.2187534441918668            
27162                         4                             661.6572831606164             160.8391171860028             538                           5335                          1.4173112445544214            
28589                         4                             31.112875499049785            9.272722003352468             31                            258                           0.0816109269836342            
29064                         4                             661.6572831606167             164.92967648173047            545                           5252                          1.4392884055406405            
29501                         4                             594.9659305596484             147.96761730313676            485                           4840                          1.2881441403952931            
30142                         4                             661.6572831606167             161.29900322574102            529                           5096                          1.404564896095858             
32484                         4                             661.6572831606163             150.44530274870723            493                           4942                          1.3108241747029772            
32847                         4                             661.6572831606168             155.85233932259007            524                           5254                          1.3766953318833406            
32913                         4                             75.25000000000003             13.71174550978396             45                            538                           0.118394527596639             
33373                         4                             31.81878370989258             7.955279871464881             26                            220                           0.06868619192433692           
33699                         4                             661.6572831606168             173.9226240618852             563                           5185                          1.5027381739516672            
33757                         4                             661.6572831606167             161.25905461202416            525                           5160                          1.399509390127807             
34427                         4                             322.01251898542165            75.95657178399824             257                           2634                          0.6725371167929843            
34775                         4                             661.6572831606167             163.37073284593703            544                           5226                          1.431449489827127             
35203                         4                             661.657283160617              163.0746065746676             541                           5344                          1.4252588053870712            
35380                         4                             661.6572831606161             179.2559830022465             593                           5373                          1.5699330971839016            
37359                         4                             591.1734167650361             143.60565449521954            478                           4873                          1.259615067084666             
37651                         4                             661.6572831606165             170.61835101476768            563                           5210                          1.4866531808350314            
37753                         4                             511.36817659540543            122.35294055537337            409                           4045                          1.075812304343101             
37908                         4                             641.6283586904138             156.0469173755602             516                           5066                          1.3616850936437324            
38116                         4                             654.6060937710866             157.94391917607368            521                           5275                          1.381842182727158             
38389                         4                             661.6572831606163             165.79624384036336            558                           5285                          1.4674744537933946            
38957                         4                             586.5932831606167             145.27675290100802            480                           4909                          1.269584814221203             
39936                         4                             509.42585551699227            122.88677937683966            407                           4082                          1.0752680355426585            
40006                         4                             553.87845256995               127.9024951920563             426                           4261                          1.124948613866564             
40446                         4                             71.68773183749946             16.85322948566736             56                            581                           0.14653604456829933           
41534                         4                             601.7737731583326             143.34186487310868            473                           4672                          1.2554834227016118            
42258                         4                             661.6572831606165             154.15784374689872            510                           5327                          1.3486696160058427            
42587                         4                             661.6572831606168             168.4439889527663             565                           5367                          1.4893043229174534            
43708                         4                             661.6572831606164             160.87690161793753            527                           5099                          1.400367571760651             
43912                         4                             661.6572831606164             170.20674395307293            553                           5370                          1.4713898039373512            
43980                         4                             661.6572831606167             178.94439596781845            591                           5289                          1.5645388778040445            
44471                         4                             661.6572831606163             170.73399562706823            566                           5174                          1.499088690524445             
45030                         4                             418.7632184303107             97.36653381157109             324                           3326                          0.8545817967050549            
46559                         4                             55.443673115602714            17.67191698225115             56                            470                           0.15089369133669364           
46785                         4                             209.27653967581358            48.59353232620666             160                           1614                          0.42668727956476904           
47345                         4                             661.6572831606171             169.29481596510678            559                           5323                          1.4805095295055186            
47663                         4                             596.2060443363223             151.0069685640627             510                           4754                          1.3411714959733352            
47995                         4                             661.6572831606165             164.36830546086034            537                           5137                          1.42976799354691              
48498                         4                             201.55954955509645            45.14149941233073             149                           1446                          0.3946676539987322            
49087                         4                             661.6572831606165             149.2774285741128             487                           5221                          1.3005748233457375            
49768                         4                             479.3487201705411             111.69896511858799            375                           3711                          0.9861736798018303            
49986                         4                             103.70626741797368            23.483930130992743            77                            801                           0.20315116517984996           
50010                         4                             661.6572831606165             158.27965980175725            532                           5215                          1.403337492233622             
50080                         4                             96.86286473865229             21.049061741192045            68                            697                           0.18175051475912468           
50166                         4                             661.6572831606165             153.35662527560694            508                           5267                          1.3412426199526002            
50738                         4                             75.25                         19.62019068208098             65                            583                           0.17074768316535635           
51081                         4                             490.92531087390734            117.59241617300911            388                           3944                          1.030797372599419             
51372                         4                             661.6572831606165             156.0682492252069             520                           5432                          1.3702014061590815            
51710                         4                             265.618727859771              65.3689333394132              214                           2135                          0.571800877726228             
51726                         4                             661.6572831606167             164.82570645161292            546                           5107                          1.444487234321925             
52667                         4                             561.1366409776537             145.45182508778117            486                           4419                          1.2806550400991663            
52797                         4                             661.6572831606165             160.32772439270218            534                           5503                          1.4106023308919036            
52837                         4                             515.6964468439896             133.63266556686514            442                           4167                          1.171549410719827             
53697                         4                             661.6572831606163             154.1968794461016             512                           5193                          1.3556980136516397            
53752                         4                             46.78647237277056             8.859533659660126             29                            322                           0.07667234638122727           
54423                         4                             661.6572831606163             160.34042159987393            527                           5114                          1.3995895799693383            
54544                         4                             661.6572831606164             170.79527984864885            563                           5313                          1.4921238927848135            
54659                         4                             12.753820044808293            2.621144226953369             8                             108                           0.02185594159039885           
54824                         4                             78.65274538643408             21.507156783515036            71                            611                           0.18717756051098394           
54869                         4                             661.6572831606165             158.47426723758858            527                           5160                          1.3925045486704986            
54909                         4                             661.6572831606165             163.52184565286086            542                           5200                          1.4314060775331212            
55145                         4                             661.6572831606165             159.94204835444586            529                           5227                          1.4002878100821423            
55843                         4                             661.6572831606165             157.39321435524568            525                           5324                          1.3823078856939683            
56079                         4                             196.39757436051528            50.492847249528516            166                           1497                          0.4425215740402194            
56655                         4                             661.6572831606163             167.38062507208684            559                           5229                          1.4769657594430374            
56676                         4                             211.15219943257497            59.81659135868047             201                           1755                          0.5271249839812078            
56916                         4                             105.0919928317841             26.764614367484853            89                            864                           0.2345177253172101            
56945                         4                             661.6572831606167             163.53954023562744            542                           5244                          1.436698875274545             
57092                         4                             661.6572831606165             145.3199509858832             485                           5117                          1.2804458638664769            
58690                         4                             661.6572831606165             158.70022750525717            527                           5214                          1.3923129082203516            
58730                         4                             661.6572831606164             151.66128045748403            504                           5216                          1.3301598496758764            
59012                         4                             316.35394900191733            72.93420035954966             243                           2511                          0.6422696033145658            
59242                         4                             557.0760203977737             138.7611838765129             461                           4461                          1.214273715015572             
59662                         4                             661.6572831606165             143.95575550729708            483                           5268                          1.275057685205736             
60029                         4                             661.6572831606167             160.61667769957805            532                           5282                          1.414988440648456             
60307                         4                             36.317029890740386            7.510949404984008             24                            254                           0.06377572107213722           
62134                         4                             661.6572831606165             167.76349019168023            554                           5262                          1.4697403126563071            
62282                         4                             661.6572831606164             171.31531875945805            566                           5426                          1.4984184300280483            
62941                         4                             661.6572831606167             156.67646015585652            520                           5332                          1.3731381847257758            
64326                         4                             589.0635684079494             164.63956634917926            544                           4696                          1.4434099380581107            
64328                         4                             559.1821971566487             148.6008338339062             498                           4463                          1.312241682571452             
64703                         4                             449.26172663557384            101.62446116867531            334                           3427                          0.8835123091929643            
64727                         4                             233.53091849447486            64.8125605845071              209                           1854                          0.5575180298069555            
64862                         4                             661.6572831606165             161.34352910860034            534                           5276                          1.412434494253029             
64932                         4                             616.5610147419111             156.16116223240346            512                           4880                          1.3648992397675457            
66177                         4                             661.6572831606168             163.34759055341522            544                           5307                          1.4372101000971416            
66233                         4                             661.6572831606165             173.8815150764837             570                           5113                          1.5129904731346806            
66588                         4                             169.26074899283998            43.8428988835998              147                           1333                          0.3865651152338968            
67116                         4                             661.6572831606169             154.81868094860496            507                           5298                          1.3477393325512437            
67613                         4                             108.28485045619077            26.10083951579533             90                            886                           0.23248205051436385           
67849                         4                             143.2706010955959             32.43681141665859             111                           1207                          0.28840605662765795           
67919                         4                             661.6572831606167             160.6446505888779             531                           5122                          1.4036764230960537            
67983                         4                             661.6572831606165             171.9363747769751             574                           5402                          1.51418846239081              
68704                         4                             570.913642208697              141.62385864116084            463                           4561                          1.2342115380056806            
68880                         4                             661.6572831606165             153.19661686506083            511                           5154                          1.3489802663433317            
69165                         4                             602.3271423238232             156.26444166917673            516                           4789                          1.363340117429569             
69265                         4                             379.71265897384916            94.74068523054758             308                           3028                          0.8218279335084209            
69767                         4                             579.1307725723382             142.6879259386552             474                           4573                          1.2522629664004592            
70106                         4                             661.6572831606163             161.25086362267288            539                           5241                          1.4177789333582371            
71425                         4                             661.6572831606165             156.2879978872642             525                           5246                          1.3772105838788349            
72100                         4                             661.6572831606163             152.36898588837624            507                           5035                          1.340460648330731             
72346                         4                             388.04895446301117            90.67839989458382             308                           2994                          0.809083564497971             
72376                         4                             287.3003903849007             68.80994283107871             234                           2300                          0.6119294909055004            
72583                         4                             661.6572831606164             159.62527364372949            536                           5342                          1.4041969919537984            
72639                         4                             661.6572831606168             161.31686021866142            540                           5266                          1.4241393870590842            
72726                         4                             661.6572831606164             149.7623210646597             502                           5328                          1.3189740033938802            
72985                         4                             661.6572831606165             160.8787508241594             530                           5211                          1.4074219018949436            
73057                         4                             661.6572831606165             168.2959511686129             558                           5198                          1.4772386291571304            
73377                         4                             321.12568495321284            78.18357276947734             256                           2488                          0.6798059011158488            
73442                         4                             661.6572831606163             175.86243401209953            576                           5168                          1.5343318075568715            
75375                         4                             593.3826095960196             153.40266006471253            509                           4769                          1.3476006081470902            
76023                         4                             661.6572831606162             160.87841378011066            538                           5262                          1.4180698192057077            
76484                         4                             661.6572831606168             153.06972479404422            508                           5136                          1.3428371515064885            
77110                         4                             661.6572831606164             155.17661908485718            514                           5098                          1.3557440297886059            
77533                         4                             661.6572831606167             177.0186996256608             589                           5427                          1.5561395527032544            
77750                         4                             661.6572831606168             164.96070621695327            545                           5249                          1.4437764760987029            
77953                         4                             184.8356103310906             42.03372003345776             139                           1386                          0.36792311257192795           
78125                         4                             61.71102207422063             11.619284479660543            39                            437                           0.1023217986810366            
79530                         4                             334.06296830314574            75.69641832369025             247                           2660                          0.6553218958429028            
80145                         4                             661.6572831606167             161.12165345305232            536                           5421                          1.4142166385090151            
80450                         4                             525.0586633826874             130.0419974326605             429                           4251                          1.1352823596583672            
80772                         4                             31.818448951327383            7.597236691542534             26                            220                           0.06747484209831396           
80825                         4                             661.6572831606165             170.3547513970984             562                           5255                          1.4923336407494805            
81642                         4                             32.20556056656316             7.020630589975074             24                            259                           0.0629937910905951            
82178                         4                             47.92978914739443             11.678775480526744            38                            382                           0.10120382412525691           
82453                         4                             203.24720998975715            50.36179814059862             167                           1622                          0.44068497922910854           
82481                         4                             185.56047496811718            51.37000072405183             171                           1454                          0.4517778455743111            
82596                         4                             661.6572831606165             166.57975189581197            555                           5253                          1.467460281673135             
83014                         4                             177.99252816203307            51.53856767977458             175                           1421                          0.4576556812575193            
83388                         4                             661.6572831606165             179.77798588908652            596                           5345                          1.575242638441276             
83742                         4                             509.9015005726754             121.74671128390337            402                           4001                          1.0634440428403689            
84025                         4                             124.0242553871875             36.25610586800932             118                           994                           0.3153162586066993            
84111                         4                             577.5594613506363             147.74568669258383            487                           4602                          1.2882048605292613            
84540                         4                             661.6572831606169             161.59181130530231            540                           5421                          1.42415130033422              
86236                         4                             283.7473021002266             73.2357772063778              237                           2262                          0.6335255186495601            
86581                         4                             661.6572831606163             157.01317151668172            527                           5274                          1.387419714602213             
87181                         4                             381.88710976320027            87.64698535677977             291                           3031                          0.769118981919005             
87549                         4                             408.01946542283576            96.94841769626191             321                           3234                          0.846255913121926             
87846                         4                             661.6572831606168             158.69486177730863            535                           5136                          1.4024520349450902            
88150                         4                             661.6572831606161             163.93278557126663            547                           5418                          1.4413416864183126            
89065                         4                             279.90931692938733            68.94450242444753             232                           2232                          0.6094779761015772            
89315                         4                             661.6572831606165             156.3646039560995             516                           5277                          1.3658188295839575            
91559                         4                             528.2299396592884             126.88980047534865            421                           4160                          1.1142332523515797            
91970                         4                             661.6572831606163             164.09167171046508            545                           5239                          1.4428341133119797            
92143                         4                             170.88455789384145            41.546358549187694            137                           1376                          0.3648616630359398            
92267                         4                             661.6572831606164             163.64511324172656            539                           5274                          1.4269031273336796            
92582                         4                             661.6572831606165             163.56573288290951            544                           5485                          1.437959822770396             
93308                         4                             661.6572831606167             163.68155495287823            533                           5187                          1.4244204163343719            
94006                         4                             661.6572831606167             161.42951186724667            540                           5351                          1.4248786908744995            
94643                         4                             604.5130162247597             155.74659715252               518                           4783                          1.366538099325999             
95346                         4                             661.6572831606163             162.29594884080262            537                           5371                          1.4172383461419478            
95438                         4                             661.6572831606165             177.65681010026867            585                           5271                          1.5568265700731518            
95492                         4                             661.6572831606164             170.47321405318553            562                           5335                          1.4901038159208135            
95600                         4                             661.6572831606167             149.09034689331443            499                           5133                          1.3165874116054754            
95657                         4                             605.7425751249384             150.96080437045717            503                           4759                          1.3285997490749206            
95777                         4                             661.6572831606167             157.39876098449164            527                           5240                          1.384568931134657             
95878                         4                             661.6572831606164             163.90005852335636            547                           5390                          1.4412298817029539            
96394                         4                             113.02933229840941            25.23593256115967             84                            861                           0.22144988746512495           
97020                         4                             163.73381445820647            40.8387405229669              135                           1260                          0.35962499717169183           
97197                         4                             661.6572831606168             153.2666804758659             512                           5058                          1.3493485789258406            
98077                         4                             661.6572831606167             166.83307162735133            560                           5219                          1.4736601968864913            
99403                         4                             508.653103831692              143.81026005053272            475                           4151                          1.2583808712882647            
99608                         4                             560.8427693537425             138.05170142364202            451                           4351                          1.201297171677083             
99799                         4                             121.81799465421751            27.830476984084026            90                            814                           0.23876971242010434           
99927                         4                             661.6572831606164             155.1882824069758             515                           5291                          1.3588522561605918            
80                            5                             243.51802484366243            59.720780064561204            197                           1956                          0.5231137982208784            
125                           5                             661.6572831606167             161.99189756533838            541                           5390                          1.4285415235792405            
306                           5                             654.2211830962323             161.02015197074138            539                           5220                          1.4211195857730945            
1761                          5                             661.657283160616              163.81076469820587            539                           5314                          1.4302307373003085            
2241                          5                             661.6572831606164             179.26284813765557            589                           5362                          1.5666638120347727            
2245                          5                             118.06088262250505            30.094650416716238            96                            933                           0.25879888937474377           
2517                          5                             661.6572831606165             163.49007819982057            543                           5347                          1.4320807072275876            
2653                          5                             661.6572831606168             162.74376254278857            540                           5239                          1.4302636447179449            
3789                          5                             508.3129136516521             131.7525699942737             437                           4066                          1.1579102716593455            
4133                          5                             179.25753288610508            45.045850686264274            150                           1378                          0.3957157125578834            
4592                          5                             542.3660351005791             133.48314689433712            444                           4264                          1.1719617006819143            
4744                          5                             661.6572831606164             161.02661820458235            537                           5279                          1.4168860646181636            
5757                          5                             661.6572831606164             160.94632256350297            525                           5067                          1.402372069102149             
6262                          5                             48.512447964382915            10.661381997094745            35                            390                           0.09337040627349545           
6950                          5                             661.6572831606163             168.6907728875538             562                           5244                          1.4794999728273448            
6985                          5                             448.2322007190197             97.39392965000029             331                           3623                          0.8636401659732149            
7018                          5                             661.6572831606168             170.69759256895358            567                           5213                          1.5023997153464765            
8318                          5                             303.18378123717224            70.59927270112719             238                           2334                          0.6238412183567682            
8649                          5                             661.6572831606167             167.4421634350502             552                           5093                          1.4638028118051882            
8650                          5                             661.6572831606165             157.59274080710836            530                           5176                          1.3906890677964845            
8998                          5                             661.6572831606167             160.20989257331917            530                           5405                          1.4035632861007254            
9032                          5                             661.6572831606168             185.63311326167567            609                           5310                          1.6149197993786624            
9040                          5                             399.8847656382666             92.9554391420046              307                           3125                          0.8117684539777892            
9183                          5                             395.02643090570893            87.25357339848776             286                           2953                          0.7619565647623552            
9449                          5                             661.6572831606163             166.58373314518687            550                           5288                          1.4560299787406257            
9577                          5                             31.818716552085426            8.066879034897056             27                            257                           0.07153117296074721           
9604                          5                             584.2502831606166             140.2861436114649             469                           4609                          1.240488479746416             
9772                          5                             186.03866204282187            38.47010152339891             129                           1349                          0.33789691878603284           
10271                         5                             151.9371654393285             35.340874768045445            119                           1233                          0.3111605728444559            
11321                         5                             75.24999999999999             17.131685006241675            59                            564                           0.15223039859694384           
11471                         5                             661.6572831606165             171.8964755508328             570                           5329                          1.5040620922935075            
11597                         5                             551.6359667517904             124.90413235471813            416                           4313                          1.0959592894652364            
11960                         5                             31.81845401942915             5.798416784870835             19                            246                           0.05095585428207741           
12613                         5                             661.6572831606169             180.52507029931783            598                           5523                          1.586268169668614             
12870                         5                             522.4768656235351             129.33710550430482            432                           4231                          1.143193300429666             
13134                         5                             602.6258100884968             170.4796232647331             557                           4979                          1.4833090321525235            
13596                         5                             555.1256003862353             133.08255056997606            441                           4386                          1.166300128793488             
13801                         5                             661.6572831606165             170.6870138550703             575                           5264                          1.5120671620408443            
14928                         5                             540.2850871710157             146.61198582492938            476                           4370                          1.2662567712308401            
15143                         5                             335.49698663873585            74.76097557973598             255                           2554                          0.6680642791807567            
15164                         5                             311.36444935606073            78.19788077618433             258                           2540                          0.6862647243706028            
15838                         5                             634.9377495069209             148.19892483041988            500                           4944                          1.313843307624058             
16414                         5                             601.0318992906757             146.97647184382814            489                           4710                          1.292719354922895             
16989                         5                             189.8374062386464             45.35596374905575             149                           1482                          0.3974853052332565            
17987                         5                             661.6572831606164             168.66983050759097            563                           5366                          1.4918590924649733            
18407                         5                             117.87819362029504            33.07629685215213             109                           959                           0.2897722009500319            
19445                         5                             661.6572831606165             158.82250856484384            532                           5119                          1.3974770059659951            
19984                         5                             661.6572831606165             165.34242442227782            548                           5364                          1.4503255054699482            
20127                         5                             188.3292424435846             48.43683477726034             155                           1447                          0.4176452866754281            
20160                         5                             426.3810385319647             112.34297974648831            369                           3334                          0.9798580654690644            
20891                         5                             661.6572831606165             164.53956774522604            544                           5145                          1.4424675230775421            
21015                         5                             576.5553950987651             148.14228027569933            490                           4649                          1.2957258100256939            
21396                         5                             229.26903344982452            55.42722066725061             181                           1786                          0.48116131954446145           
21533                         5                             661.6572831606164             160.99226042664972            533                           5120                          1.4089053335603325            
21779                         5                             75.25000000000001             19.650291390732782            66                            583                           0.17312430081199973           
21916                         5                             661.6572831606168             161.49894916286883            543                           5096                          1.4307038677484023            
22005                         5                             661.6572831606163             162.97390261795815            549                           5089                          1.4436873192116642            
22086                         5                             661.6572831606168             178.77014926028622            593                           5251                          1.5671369219835394            
22471                         5                             567.7948907726088             145.17111504814076            481                           4472                          1.2716889844097556            
22889                         5                             125.73358352602443            31.295981020390354            100                           938                           0.2696136814889178            
23528                         5                             661.6572831606165             164.90388978432958            554                           5257                          1.4611125939846348            
23816                         5                             661.6572831606164             160.91355494296948            531                           5199                          1.4095765964341633            
24208                         5                             661.6572831606165             158.75719059195367            525                           5358                          1.3907477512205726            
24700                         5                             661.6572831606169             153.97638609322732            511                           5204                          1.3493715932242027            
24954                         5                             184.57954445131128            44.442978968900036            149                           1563                          0.39461915556868643           
25497                         5                             520.6691486474034             149.1348798158649             496                           4086                          1.3084871576772616            
25715                         5                             586.0014838502128             152.5801171714389             509                           4526                          1.342277532436455             
25754                         5                             565.2784453323218             134.9689558968795             442                           4280                          1.1758133261935315            
26220                         5                             661.6572831606165             181.685286694506              599                           5375                          1.5865106834533762            
26422                         5                             179.38172532637165            44.638903105578784            144                           1397                          0.3856398976660044            
26747                         5                             661.6572831606168             160.40054119849918            529                           5179                          1.3983428863036698            
26820                         5                             661.6572831606164             175.98355920284573            589                           5327                          1.5529976454217254            
27260                         5                             479.0790348197316             115.43969498014604            388                           3731                          1.0171448919581358            
27475                         5                             661.6572831606165             164.12518129546874            547                           5290                          1.4424390127125153            
27698                         5                             661.6572831606165             170.9124098872202             558                           5382                          1.4846570979052156            
28562                         5                             27.798246596608756            5.335414688538897             18                            195                           0.04778133521148533           
28746                         5                             661.6572831606165             183.98897906450296            609                           5411                          1.615429954739217             
29104                         5                             661.6572831606167             167.68461484141818            559                           5441                          1.4836135534079977            
29158                         5                             661.6572831606167             164.47805883874375            547                           5396                          1.4458712623029872            
29537                         5                             661.6572831606165             181.86102749105473            598                           5197                          1.5869291055449035            
29983                         5                             214.23922785197087            50.67795614017977             170                           1658                          0.44569304243641084           
30452                         5                             632.9436829190159             152.72186008189598            509                           5028                          1.348031911653408             
30742                         5                             196.07393003986618            49.72226605234572             163                           1511                          0.4308678226666275            
31335                         5                             661.6572831606165             177.92267175538305            584                           5227                          1.5535490468751076            
31342                         5                             525.4983968037208             132.63848784313618            446                           4221                          1.1718328770600714            
31709                         5                             661.6572831606164             150.1986510004086             491                           5047                          1.3074506727545268            
31919                         5                             250.9332417364813             65.19694831289952             218                           1975                          0.5748857071476934            
32234                         5                             661.6572831606164             163.89317152648783            537                           5221                          1.4259534112015508            
32426                         5                             604.5587090841298             145.82322453660112            482                           4694                          1.275056686411306             
32612                         5                             312.1299239882923             83.88126952018374             279                           2544                          0.7404285813381792            
32964                         5                             661.6572831606165             162.10239095770018            538                           5217                          1.417708779646782             
33101                         5                             635.7564855923805             171.89294093439943            575                           5149                          1.5143506724943392            
33345                         5                             661.6572831606168             164.8073598973954             541                           5286                          1.436843061575                
33421                         5                             590.4423795943333             141.91554641133624            469                           4634                          1.2401485085489354            
33585                         5                             661.6572831606165             168.11745666451137            547                           5255                          1.4583868886633335            
35202                         5                             569.1075127326088             135.96413715533478            460                           4618                          1.2133626124576007            
35233                         5                             484.5873816920588             120.52438814763599            395                           3784                          1.0466929036415098            
35419                         5                             585.50761484133               138.13370439398955            451                           4487                          1.196970267350192             
35550                         5                             418.3408761727587             90.26943387751561             304                           3266                          0.7984300850545781            
35602                         5                             41.993415874497636            10.425259643332105            36                            347                           0.09389635665771817           
38677                         5                             206.92860772080965            50.484573046920694            169                           1571                          0.44533169643039244           
38689                         5                             542.9658573933458             135.6629729383454             453                           4394                          1.19401929726282              
39032                         5                             316.4827729146471             75.78991872332493             250                           2365                          0.6626188311845425            
39092                         5                             661.6572831606165             157.12149048054178            520                           5228                          1.3781780350547685            
39240                         5                             661.6572831606165             170.73101228079537            576                           5280                          1.5122855320301225            
39304                         5                             661.6572831606163             171.54810593443153            565                           5391                          1.497878068074869             
39813                         5                             114.23897020784338            29.367364889691906            98                            902                           0.25858580618963994           
40479                         5                             438.43737895087264            105.84110868892836            349                           3495                          0.9218080402797412            
40858                         5                             661.6572831606163             155.68176699550963            511                           5374                          1.3620525161572634            
42112                         5                             162.9125541606335             43.48142976243537             143                           1288                          0.3792624068832972            
42195                         5                             306.7574446190497             79.38855156614942             263                           2378                          0.6921016258661051            
42833                         5                             661.6572831606168             171.37944842087327            560                           5402                          1.4875817149041688            
42846                         5                             661.6572831606165             170.80199573303707            568                           5276                          1.4987949131406322            
43366                         5                             661.6572831606167             157.6788214448374             518                           5122                          1.3748709353138249            
43549                         5                             288.353414851573              74.22561741804239             245                           2273                          0.6513585499721068            
43672                         5                             661.6572831606162             168.0255984924308             560                           5287                          1.4751358952561753            
43756                         5                             661.6572831606165             175.95637507565306            586                           5248                          1.547623340207264             
43785                         5                             661.6572831606165             167.00983725289345            556                           5347                          1.4743161836904122            
45095                         5                             32.20565053528634             5.660343985935571             18                            239                           0.048160232966236005          
45293                         5                             661.6572831606163             159.57267295102153            523                           5310                          1.3880080737705274            
45308                         5                             661.6572831606165             169.3144431946398             563                           5359                          1.4884925019639361            
45834                         5                             661.6572831606165             177.27138157553085            586                           5232                          1.5495272723494968            
46696                         5                             661.6572831606165             156.82758974974408            518                           5001                          1.373730425210144             
48605                         5                             661.6572831606168             163.81537085259427            544                           5178                          1.4341732048413978            
48696                         5                             637.5857214683705             139.20238440638786            470                           5045                          1.2306498497184877            
48851                         5                             661.6572831606168             170.99335332407128            560                           5256                          1.4890033987584128            
49047                         5                             661.6572831606168             156.21019000000567            524                           5189                          1.378236012974083             
49424                         5                             491.20992572992884            129.51785690546419            415                           3979                          1.1135336758304684            
49879                         5                             661.6572831606165             160.6902698130027             529                           5389                          1.403378495792505             
49934                         5                             661.6572831606164             170.98797392056892            567                           5093                          1.4976416277426672            
50030                         5                             661.6572831606167             158.88541217929642            526                           5237                          1.3903761406738455            
50389                         5                             380.0394829208832             93.15980832580173             311                           2947                          0.8211548479040274            
50546                         5                             661.6572831606165             160.52579261204818            527                           5120                          1.3986772357657893            
50561                         5                             661.6572831606168             172.06641476319737            571                           5185                          1.5149405704065355            
50656                         5                             661.6572831606167             166.72246948563708            559                           5284                          1.4735988738311936            
50684                         5                             661.6572831606165             165.986335250314              553                           5293                          1.459872066599293             
50773                         5                             661.6572831606167             168.92980052985075            564                           5215                          1.4869241909353164            
51108                         5                             661.6572831606167             168.4029944106185             552                           5333                          1.465621397666643             
51890                         5                             661.6572831606168             166.1739371347464             549                           5203                          1.4480485435940413            
52374                         5                             85.23540000000001             18.974473217378634            63                            626                           0.16507527050443113           
53578                         5                             661.6572831606164             153.40427305405487            510                           5192                          1.3497688782908928            
53600                         5                             661.6572831606164             159.7304184874496             532                           5295                          1.4056365465871472            
53790                         5                             31.81862397360747             7.111099003513975             23                            224                           0.06057777758745463           
53914                         5                             661.6572831606165             175.03426464467105            590                           5240                          1.5548467832077382            
54080                         5                             661.6572831606165             167.9298343962442             556                           5265                          1.4708576269638807            
54104                         5                             661.6572831606169             168.31200324223963            555                           5213                          1.4678923426918795            
54242                         5                             661.6572831606163             176.81421172544933            581                           5300                          1.5427270602864518            
54946                         5                             661.6572831606167             169.58326353048798            562                           5226                          1.4853747303997364            
55012                         5                             661.6572831606165             169.99220912851632            572                           5160                          1.500397193194273             
56307                         5                             661.6572831606165             184.4762129984109             609                           5196                          1.6145129712557602            
57361                         5                             661.6572831606165             163.37495045748253            551                           5221                          1.4498232113434857            
57666                         5                             222.29816099286944            62.483768012085825            201                           1724                          0.5387262752148554            
57678                         5                             661.6572831606165             171.5254375462702             565                           5106                          1.5002289847280341            
57743                         5                             580.065968841645              146.15250083713252            489                           4647                          1.2871654719784202            
58512                         5                             661.6572831606167             165.04215638104992            555                           5364                          1.4604969878672676            
58814                         5                             661.6572831606167             170.1256726210165             559                           5303                          1.4847478008886767            
59145                         5                             661.6572831606165             168.19733848083763            557                           5221                          1.470222292726591             
59956                         5                             661.6572831606165             180.4050490179797             596                           5173                          1.5847168974932724            
60016                         5                             661.6572831606164             168.96994480885226            551                           5244                          1.4693690296307391            
60224                         5                             36.39192574196702             8.298140454816217             27                            235                           0.07207565351342486           
60456                         5                             661.6572831606167             179.33094365086947            585                           5355                          1.5594336654160215            
60877                         5                             588.6292549016259             144.49215393224546            475                           4677                          1.2638221493937787            
61944                         5                             661.6572831606167             167.02724375099726            556                           5357                          1.4614598787860054            
62419                         5                             661.657283160617              171.2889778117535             566                           5332                          1.4956931314510895            
62668                         5                             661.6572831606168             170.63104228815556            572                           5332                          1.5051083140855102            
63080                         5                             661.6572831606167             167.86142458706794            548                           5232                          1.4566217689288625            
63798                         5                             19.91373200934088             4.759889012728985             15                            167                           0.04043710505419627           
63910                         5                             661.6572831606169             166.97401854481558            552                           5242                          1.4641871577357097            
64653                         5                             221.34136942399496            54.54590773156439             178                           1727                          0.47304121102182417           
64836                         5                             661.6572831606164             173.61977915098714            571                           5368                          1.5179595844208769            
65364                         5                             661.6572831606164             173.95258253346844            571                           5355                          1.5158480496852               
66179                         5                             661.6572831606164             152.35073920310452            505                           5205                          1.3308777104771727            
66343                         5                             661.6572831606167             173.20513140303365            572                           5357                          1.5182298413944242            
66667                         5                             661.6572831606165             174.70547913584292            582                           5131                          1.5326151146548082            
66983                         5                             661.6572831606164             159.86776770382235            534                           5212                          1.4096596062851159            
67304                         5                             661.6572831606163             168.7528190049453             563                           5164                          1.4873851201266965            
67844                         5                             152.36237778214485            35.618254223242715            116                           1209                          0.30802897872411233           
67960                         5                             594.204386084502              154.86143837687075            521                           4769                          1.366040578447586             
69410                         5                             661.6572831606168             163.4628220179575             535                           5233                          1.423702591591402             
69662                         5                             661.6572831606164             182.79273069464233            591                           5478                          1.5832778736870852            
69772                         5                             661.6572831606167             164.00424765159997            541                           5104                          1.4330217745509004            
69837                         5                             661.657283160617              167.5518269294305             554                           5332                          1.468171925271787             
70302                         5                             661.6572831606165             171.27034140905127            559                           5296                          1.4912610457390367            
70426                         5                             172.6805813083988             44.47710746507805             150                           1342                          0.39366914280319154           
71193                         5                             63.66159479903744             19.546077062721764            64                            554                           0.1693489140985871            
71555                         5                             150.17358247490853            34.84122221579627             116                           1105                          0.3051347925180747            
72126                         5                             75.25                         19.851709289789046            65                            604                           0.1722961326696879            
72166                         5                             661.6572831606168             164.15082553163478            542                           5289                          1.4338483580166526            
72423                         5                             486.1809085876705             112.5658525803596             380                           3689                          1.0000442379254788            
73000                         5                             661.6572831606164             161.81471341764603            540                           5278                          1.424338219435487             
73769                         5                             655.0903505189995             168.87128938501883            562                           5325                          1.489265485479546             
73778                         5                             661.6572831606168             178.40839860676164            585                           5357                          1.5564528215257107            
74701                         5                             211.49432543877816            49.21670817686569             166                           1715                          0.43589103369566157           
74825                         5                             17.821197931213177            4.9603910582565165            18                            145                           0.04540826464096914           
75606                         5                             661.6572831606165             158.9821051376617             538                           5255                          1.4105538554476404            
75802                         5                             661.6572831606163             168.027157363211              556                           5031                          1.4703228288859658            
76143                         5                             661.6572831606161             165.88271582646846            553                           5158                          1.460090604392343             
76496                         5                             661.6572831606165             168.04273603738852            559                           5360                          1.4779794806043558            
76502                         5                             661.6572831606167             167.42495588431274            558                           5239                          1.4730345040782473            
76558                         5                             661.6572831606164             169.15938135687105            556                           5420                          1.477117108391277             
77356                         5                             661.6572831606167             167.9959786537683             555                           5316                          1.4678024475248985            
77389                         5                             661.6572831606168             159.3642102503344             533                           5300                          1.404083549354355             
78198                         5                             604.708528868716              158.11893707790173            515                           4808                          1.3744393521618914            
78616                         5                             191.05560707944102            43.65173207020097             143                           1423                          0.3817418354893739            
78634                         5                             661.6572831606165             172.16743374706542            565                           5277                          1.5001908054897366            
79295                         5                             661.6572831606167             173.28588699211048            583                           5358                          1.534310366916385             
80003                         5                             661.6572831606167             152.25799485033428            507                           5245                          1.3361748693954498            
80551                         5                             661.6572831606165             170.77258186048087            561                           5192                          1.4866689072977772            
80624                         5                             661.6572831606165             173.60432624134458            572                           5237                          1.5178356549184007            
80627                         5                             661.6572831606165             169.23968479932338            567                           5231                          1.4959487522115689            
81061                         5                             661.6572831606167             162.68910048772008            535                           5110                          1.4246997924896354            
81112                         5                             661.6572831606162             160.95384953320246            534                           5265                          1.4151827124531262            
81997                         5                             661.6572831606165             176.3237471307608             591                           5280                          1.5539797254781158            
82180                         5                             661.6572831606165             168.75988607773948            557                           5311                          1.4815570892293284            
82359                         5                             623.254400763415              154.46820018802066            516                           4934                          1.35818598449025              
82588                         5                             502.7915882846318             117.41510358672821            395                           3982                          1.0396753404314298            
82886                         5                             661.6572831606167             153.8038856111883             507                           5289                          1.344816701939595             
83228                         5                             464.33955298531015            126.09139470478681            418                           3776                          1.1075694341120428            
83671                         5                             661.6572831606165             166.3619046509258             551                           5251                          1.459711437683839             
83714                         5                             480.1799411486569             118.19631969385355            393                           3791                          1.0395472013278773            
84384                         5                             661.6572831606164             176.25808141911133            586                           5185                          1.5449184129793911            
85244                         5                             40.51713276847302             12.098149582671665            38                            301                           0.1028167217232103            
85611                         5                             661.6572831606165             162.63624446473054            544                           5108                          1.4325323635916736            
85750                         5                             276.2044040451477             79.44955609744157             261                           2274                          0.6909260209065763            
86456                         5                             661.6572831606165             166.52483474682793            555                           5196                          1.4655947141893129            
87034                         5                             609.6096917097987             157.0042087529139             524                           4810                          1.3811844949786987            
87331                         5                             316.5883050628769             81.82791928420814             274                           2414                          0.7224391521548832            
87929                         5                             121.1349846858941             29.548740736538733            99                            856                           0.25937132066513263           
89291                         5                             661.6572831606168             171.31801341169026            574                           5373                          1.508834362719821             
89346                         5                             661.6572831606165             168.938360150621              566                           5108                          1.4907831490148291            
90155                         5                             661.6572831606165             171.89862090861067            572                           5396                          1.5088955019940622            
90687                         5                             661.6572831606167             166.42273387187714            555                           5249                          1.4631779654768633            
90704                         5                             661.6572831606164             166.2905084961189             550                           5184                          1.4559429658027818            
91007                         5                             661.6572831606163             163.8258721168513             541                           5269                          1.433003866010408             
91234                         5                             661.6572831606165             154.4021063946686             505                           5138                          1.3464120059232378            
91504                         5                             661.6572831606164             153.24288361535758            501                           5130                          1.334420392260143             
91551                         5                             661.6572831606164             161.76265735576482            541                           5076                          1.424374441668204             
92137                         5                             661.6572831606165             169.73849700492892            561                           5187                          1.485591699015754             
92346                         5                             661.6572831606163             159.57400942432088            531                           5182                          1.398671939255665             
92546                         5                             661.6572831606164             163.04120648502254            531                           5239                          1.4188443055074655            
92572                         5                             77.2939428326341              23.630420584620463            75                            620                           0.2018167396124744            
93666                         5                             496.23800790947286            120.45754547850616            403                           3902                          1.0627769514493153            
93950                         5                             429.1632936851616             109.9726719267127             366                           3476                          0.9646688631726823            
94472                         5                             475.9881896100863             123.33719868990995            408                           3834                          1.0782590957994154            
94923                         5                             661.6572831606162             173.0695503065018             571                           5289                          1.5166793892894288            
95098                         5                             552.8397131075702             144.96434262534873            473                           4391                          1.2600866920296656            
95400                         5                             661.6572831606164             160.23916786856478            533                           5264                          1.4053652066474212            
95499                         5                             661.6572831606164             168.55204751719722            561                           5270                          1.4854860944478916            
95502                         5                             25.213015458354636            8.062414201352286             27                            213                           0.07203533538866842           
95520                         5                             661.6572831606168             162.06459239436336            527                           5124                          1.4084851386501225            
95674                         5                             661.6572831606165             163.1318389523312             532                           5224                          1.4161596170574473            
95916                         5                             661.6572831606164             161.4715224527045             537                           5288                          1.4155156285791195            
96252                         5                             661.6572831606161             167.7978191703493             559                           5336                          1.47770313364733              
96448                         5                             661.6572831606165             163.69904754942954            545                           5292                          1.4362687934607403            
96488                         5                             121.24248897082279            28.89802612477639             96                            912                           0.25234736899579624           
97476                         5                             585.7642203971986             144.51059070673               480                           4701                          1.2680144167530374            
98517                         5                             631.6011969327334             151.35345358638548            507                           4980                          1.335012035174449             
98984                         5                             599.2358269502868             149.1413857563317             495                           4829                          1.3089251837906732            
99508                         5                             661.6572831606161             172.75234401829758            571                           5292                          1.5083590679492678            
2476                          6                             661.6572831606165             165.21901217776946            553                           5216                          1.4611265090996186            
2536                          6                             661.6572831606165             168.5015678231188             552                           5291                          1.4678243149486425            
2556                          6                             661.6572831606165             152.10911935699062            503                           5090                          1.327917271014333             
2798                          6                             661.6572831606165             159.23816331485853            532                           5114                          1.4015705292674847            
2914                          6                             579.3269773117752             137.73381179089267            453                           4467                          1.2025489151423034            
2933                          6                             132.51957448153743            30.420770858617928            100                           936                           0.2666991410190132            
3017                          6                             661.6572831606165             156.55005847974215            519                           5234                          1.37303231599272              
3058                          6                             44.30503861614953             10.635420012077628            35                            343                           0.09309025348324412           
3192                          6                             463.6107668834527             140.9473990413892             465                           3671                          1.232084458908772             
3746                          6                             61.54599090039701             15.211888706614285            49                            450                           0.12965308063684233           
6123                          6                             537.7762977070514             126.15772968276336            420                           4206                          1.1060194325829662            
6245                          6                             661.6572831606164             165.2232916340432             540                           5215                          1.433964138543631             
6490                          6                             661.6572831606162             167.54183714622175            556                           5341                          1.4682394547725774            
6504                          6                             661.6572831606165             164.53845517248362            541                           5309                          1.4376811694093974            
6679                          6                             661.6572831606165             150.27502697256               494                           4976                          1.3036861343218547            
6884                          6                             360.25465373398475            84.51216111889003             283                           2813                          0.7447187688822166            
7533                          6                             504.09617592244155            103.40736556568395            343                           3960                          0.9059937924227881            
7982                          6                             661.6572831606161             166.36128914988316            551                           5339                          1.4563165763721404            
8674                          6                             313.80954259074275            77.98123082569936             257                           2416                          0.6799955027073801            
9696                          6                             661.6572831606165             168.0252189467318             562                           5271                          1.479863977172569             
9933                          6                             661.6572831606167             162.13517197696083            531                           5256                          1.408695563485812             
10999                         6                             387.33298525883595            99.80670906096141             327                           3050                          0.8671017115682935            
11204                         6                             453.2694127504617             104.47975365448394            340                           3507                          0.9020107267446492            
11341                         6                             506.3207615716337             116.2196746787903             389                           3972                          1.022740369493409             
12120                         6                             661.6572831606165             156.11859620237846            521                           5205                          1.3705470287527495            
12124                         6                             661.6572831606165             165.44594022084834            554                           5203                          1.4542891453580893            
12780                         6                             661.6572831606168             178.32728968791105            585                           5344                          1.5567673710383676            
12946                         6                             288.4023219012445             68.91497479947564             228                           2210                          0.6015730513278732            
13060                         6                             661.6572831606163             159.91842368018249            532                           5266                          1.4069665510280973            
13527                         6                             661.6572831606169             158.44518067837157            528                           5419                          1.3912954938439495            
14109                         6                             661.6572831606162             160.40760318350053            541                           5251                          1.4220082827573348            
15484                         6                             592.2321287317332             152.53445522989284            505                           4734                          1.33970145315778              
15847                         6                             480.29700573885253            123.53547224996596            408                           3799                          1.0800972390689627            
15896                         6                             48.53332512595209             9.927633155608332             32                            355                           0.08526842945998052           
16021                         6                             661.6572831606165             157.23383503067672            524                           5324                          1.3830488038488622            
16387                         6                             661.6572831606167             152.65907567250375            504                           5153                          1.336303372483435             
16855                         6                             586.5932831606167             145.0338124651445             479                           4767                          1.2658492610646541            
17008                         6                             661.6572831606168             149.50759796823263            496                           4983                          1.3104449113086534            
17776                         6                             253.63164824284263            65.10789982117215             215                           1969                          0.570403247834546             
17906                         6                             99.2874516936547              29.436427159042903            95                            806                           0.2545018758072498            
18497                         6                             661.6572831606167             167.48683666546174            566                           5394                          1.487923531385597             
18686                         6                             554.8153413128614             138.73136031838408            462                           4318                          1.2184099275810385            
19769                         6                             661.6572831606168             157.4336107538337             521                           5229                          1.3778001092690357            
20317                         6                             661.6572831606164             151.78348557176795            513                           5276                          1.3472400249187473            
21297                         6                             75.24999999999999             13.978924287918556            47                            463                           0.12497028549319825           
23138                         6                             39.31357344905616             9.965151341641638             32                            282                           0.08487651155771317           
23200                         6                             661.6572831606164             156.8234228679768             524                           5135                          1.3806674702523893            
24046                         6                             661.6572831606165             151.93242322858598            512                           5098                          1.3436756377519172            
24301                         6                             3.975440531313157             0.6048643309192789            3                             27                            0.00688410917160672           
24539                         6                             661.6572831606163             162.70508820464798            540                           5324                          1.424935429660874             
25014                         6                             661.6572831606165             179.06643229765842            591                           5398                          1.5663999114927543            
25167                         6                             661.6572831606168             167.68956205009675            556                           5187                          1.4721090485989605            
25178                         6                             661.6572831606164             169.4334273463192             562                           5244                          1.4844196936988083            
25600                         6                             661.6572831606169             164.29093552434037            549                           5426                          1.4481848342541723            
26057                         6                             661.6572831606167             163.4700386051728             540                           5185                          1.4279298259663267            
26118                         6                             486.0104894664941             121.56402082914559            411                           3799                          1.0773897414274087            
26405                         6                             661.6572831606167             154.84371334761568            512                           5138                          1.3549518150479767            
26618                         6                             32.20540221721195             7.377501123888394             26                            220                           0.06759191560279976           
26868                         6                             661.6572831606168             158.63894900382746            528                           5209                          1.3935536822453407            
26942                         6                             661.6572831606168             159.46664868600894            526                           5343                          1.3932077158561031            
26996                         6                             661.6572831606164             161.07207510859413            531                           5309                          1.4113495412191088            
27014                         6                             661.6572831606163             166.39657914593417            552                           5239                          1.4562995747623935            
27428                         6                             32.20575498398989             7.563545327054913             24                            236                           0.06496421810972389           
27521                         6                             499.3769605637539             128.37150135257065            431                           3923                          1.1359176446196453            
28548                         6                             601.9254694685945             156.57986558533423            521                           4790                          1.3752819657213355            
28717                         6                             73.03900000000002             19.360789030809453            68                            538                           0.17498955977347896           
28757                         6                             661.6572831606163             156.70753608795061            519                           5222                          1.3732690619634864            
28904                         6                             543.0800047517274             127.75954889880913            420                           4240                          1.1156926829912042            
30788                         6                             661.6572831606165             164.53256409485854            541                           5236                          1.4342792842924839            
31024                         6                             661.6572831606164             173.32060292904222            576                           5188                          1.51752573090083              
31622                         6                             378.8348013604535             89.39880720528602             292                           2969                          0.7757329421921959            
31925                         6                             661.6572831606162             154.22455722394338            508                           5342                          1.3488301639212676            
31966                         6                             661.6572831606164             164.81071457689364            544                           5382                          1.4428541009926525            
32026                         6                             219.2696002790525             49.6525084109378              166                           1659                          0.4355654044382935            
32104                         6                             661.6572831606165             159.26570095166147            533                           5149                          1.4021261305284782            
32138                         6                             186.86046748665012            41.41947454110167             136                           1479                          0.3611985156085609            
32882                         6                             72.60283866301396             15.872089079488815            53                            579                           0.13936598516730445           
33347                         6                             661.6572831606165             169.04909816032148            569                           5148                          1.4934579388913363            
33395                         6                             216.09761687534018            46.89914393812556             159                           1598                          0.41534238617155195           
34177                         6                             661.6572831606168             157.00647536585006            526                           5198                          1.3848384570005623            
34302                         6                             661.6572831606165             176.13455203798654            574                           5441                          1.5269491655686438            
34390                         6                             661.6572831606163             181.1556277377141             595                           5285                          1.5818001293299044            
34442                         6                             29.264903500285886            7.025492833261826             24                            221                           0.06255619958394978           
34627                         6                             661.6572831606167             170.95916591194643            556                           5208                          1.4826973604405032            
35299                         6                             33.94709123221763             9.572331411316654             31                            266                           0.08167372522647812           
36131                         6                             87.66509999999998             18.75188565759377             63                            641                           0.16501108124406424           
36369                         6                             661.6572831606167             161.5755501739305             544                           5266                          1.4324583075104402            
36466                         6                             661.6572831606163             158.69504562078012            525                           5262                          1.3864081484551922            
36580                         6                             89.71184301865918             22.327662496901894            77                            680                           0.20014011685423497           
36680                         6                             661.6572831606165             158.80779184853532            524                           5213                          1.3923841530271472            
36702                         6                             661.6572831606167             166.1318774548464             552                           5206                          1.4563688625136657            
36846                         6                             31.818784550714653            5.1941666935911455            18                            226                           0.04636251618516046           
37148                         6                             661.657283160617              171.72326966215294            574                           5376                          1.5117251895514499            
37679                         6                             661.6572831606167             173.88095011262385            570                           5207                          1.5167811692028512            
39137                         6                             414.0155260624131             102.83564315148185            347                           3208                          0.9129078508483559            
39158                         6                             661.6572831606167             172.18272762461913            563                           5213                          1.4945764977042952            
39340                         6                             661.6572831606165             144.34533600811162            475                           5095                          1.2610634243634058            
39376                         6                             661.6572831606164             160.27762009394053            525                           5157                          1.4011891085387895            
40140                         6                             661.6572831606165             169.68612445590753            565                           5303                          1.4899495898967356            
40773                         6                             584.2502831606165             154.92164702190084            511                           4745                          1.3522287988195443            
41004                         6                             58.3649703258594              15.684165555159057            52                            423                           0.1380999017045283            
41779                         6                             546.7101894115879             137.8888874745677             457                           4264                          1.2072245961819719            
41904                         6                             437.4753415157087             110.85694605011261            367                           3515                          0.9699071809403972            
42952                         6                             55.53559095437821             13.553056782271456            42                            379                           0.11412968726136358           
42985                         6                             661.6572831606164             156.1910757574934             513                           5258                          1.3546167125512687            
43107                         6                             591.670730166924              146.74998783426815            490                           4600                          1.2920014224485443            
43123                         6                             624.8495405324877             152.96604267483704            501                           5017                          1.3288237729353278            
43290                         6                             661.6572831606165             164.65582852335578            553                           5253                          1.4573136501188935            
43401                         6                             133.5130241683549             32.4899700579993              107                           1046                          0.2840084865754771            
43503                         6                             537.8898424605923             128.7357996652834             422                           4362                          1.1176588207811977            
43867                         6                             505.714146880645              126.32826135563901            423                           4110                          1.1172122313077524            
44387                         6                             464.47577999143795            118.6529217992148             400                           3579                          1.0473576474920014            
45115                         6                             648.4140406644533             153.29302154131153            514                           5172                          1.352211411153184             
45784                         6                             255.55028962652253            62.24571742225023             208                           1996                          0.5470870360457634            
46774                         6                             225.7816790465834             56.02838652548759             187                           1741                          0.49428352600602793           
46869                         6                             151.79079837726542            39.995086008918726            132                           1198                          0.35029278127877017           
47037                         6                             106.55184241916298            25.248533480271806            85                            846                           0.22446756233690715           
48032                         6                             661.6572831606169             166.96402267228322            552                           5173                          1.4632933709888283            
48162                         6                             661.6572831606169             166.41570801566627            552                           5374                          1.4609100825471797            
48732                         6                             292.97993528457687            66.91049295465888             225                           2310                          0.5909579780517424            
48736                         6                             661.6572831606169             167.0686918324584             549                           5375                          1.4562701209875282            
48908                         6                             617.6101163175829             169.80291118479192            565                           4892                          1.495305553957024             
49412                         6                             661.6572831606165             171.3622772829669             564                           5277                          1.4958029473616306            
50010                         6                             661.6572831606164             159.0621648392899             528                           5227                          1.3907871390009707            
50469                         6                             549.8661861533374             128.17901463355574            423                           4459                          1.1233911436420732            
50655                         6                             575.4738862156664             137.78060909195892            450                           4589                          1.2008712474279022            
51152                         6                             68.54442843642883             18.25875899962132             61                            595                           0.1612620912807368            
51168                         6                             574.5179831606168             135.35856142763254            450                           4591                          1.1893202811902386            
51215                         6                             661.6572831606167             160.94393819886184            520                           5158                          1.386021989695128             
51343                         6                             661.6572831606164             160.5923703534184             537                           5282                          1.411630974027235             
51968                         6                             36.391797134537725            7.05032096258221              24                            246                           0.06246279145911081           
52616                         6                             661.6572831606164             163.69295488372944            546                           5184                          1.437992740135076             
52632                         6                             661.6572831606168             153.3974478104757             516                           5133                          1.3541682986293733            
52865                         6                             661.6572831606167             164.02923313397304            546                           5249                          1.4454849661943514            
54410                         6                             474.2199997598881             99.79538042204007             334                           3598                          0.878349321529468             
55438                         6                             661.6572831606164             162.96516146523803            545                           5271                          1.4357806830511741            
55638                         6                             501.3720834400753             118.68900577339376            399                           3897                          1.0474030031002637            
55664                         6                             534.1870643400896             137.72932024013048            463                           4303                          1.2178789084110084            
56782                         6                             32.205362394312644            6.150151556039637             21                            246                           0.055084620604148454          
56906                         6                             661.6572831606168             180.174858837513              601                           5437                          1.5857434647645345            
57174                         6                             431.6321736810896             108.78085105151987            369                           3384                          0.9654654312186964            
57305                         6                             661.6572831606167             152.24282589599673            504                           5359                          1.338261060148692             
57394                         6                             661.6572831606164             161.6785402700192             532                           5366                          1.4104952094307557            
58529                         6                             538.1637546906655             137.85243563713988            452                           4105                          1.2022263487335068            
58556                         6                             32.20582970192255             6.245235951417332             22                            209                           0.056320769231898285          
59026                         6                             59.0741167294825              16.001427704610215            52                            490                           0.13945046037532377           
59111                         6                             475.55775862637415            110.3317231330447             374                           3640                          0.9786877070773197            
59464                         6                             10.6815622769717              2.629272371544132             10                            72                            0.024777607277803305          
60184                         6                             330.969800453047              76.28432851422129             254                           2591                          0.6698762012719433            
60253                         6                             556.26942244897               139.22938595594556            457                           4476                          1.2102601349875706            
60400                         6                             336.7705932356706             86.4999993115819              285                           2722                          0.7569628759819216            
60473                         6                             95.12618227515767             22.891471985174032            73                            682                           0.19558237821708133           
61453                         6                             661.6572831606164             170.8009825294679             559                           5327                          1.483384961436132             
61632                         6                             661.6572831606168             166.54504435001454            550                           5138                          1.458128870242609             
61973                         6                             661.6572831606164             161.8681433124745             535                           5451                          1.416891159311167             
62289                         6                             661.6572831606165             158.9969596199094             528                           5138                          1.3973669013775094            
62869                         6                             57.44364677629866             16.127422965168115            54                            459                           0.1411051417745662            
62986                         6                             396.7108006272162             107.30644783886632            354                           3204                          0.9360242633102648            
63758                         6                             309.06340494202965            70.11641414312753             229                           2488                          0.6090149896909383            
63861                         6                             595.8883873705892             147.87190860589206            493                           4783                          1.2992906336907888            
63886                         6                             99.45848960109176             24.759282278743648            81                            781                           0.2160641226366202            
64186                         6                             44.5928334973591              10.41785090923031             37                            374                           0.09449150836136294           
64779                         6                             661.6572831606165             165.1826425393533             542                           5167                          1.4403381678832319            
64835                         6                             454.91374513625686            109.90596154569361            363                           3552                          0.9640401733041952            
64998                         6                             661.6572831606169             177.25197255099798            577                           5341                          1.5392041945189952            
65720                         6                             414.27179047381935            107.78806187904132            362                           3508                          0.9498317525072978            
67089                         6                             661.6572831606161             182.03491327904575            603                           5272                          1.5937504555067994            
67741                         6                             661.6572831606165             159.07893982926726            519                           5331                          1.3835673029197175            
67840                         6                             661.6572831606168             168.63940158786085            557                           5511                          1.4753904777009414            
68871                         6                             661.6572831606165             175.59402272247627            572                           5355                          1.521403461854875             
69079                         6                             661.6572831606165             162.19822476017217            544                           5078                          1.4301206052741564            
69672                         6                             661.6572831606165             171.77970925212585            566                           5283                          1.498892990292228             
69866                         6                             661.6572831606165             148.97839422066502            500                           5077                          1.3173053734368336            
69980                         6                             661.6572831606169             167.10543756398147            549                           5393                          1.456569650925557             
70365                         6                             475.18243418619784            127.37975063297412            423                           3949                          1.1180508615889901            
70885                         6                             415.84093042289186            109.744709708461              367                           3362                          0.9696943556121062            
71931                         6                             661.6572831606161             168.9604226345266             552                           5212                          1.4662255091774359            
72785                         6                             598.2581369214765             144.2949881862983             473                           4725                          1.2549527088670656            
72897                         6                             661.6572831606171             169.49170109239827            557                           5231                          1.4753943099670697            
73046                         6                             661.6572831606164             154.14001133820554            502                           5399                          1.3402278811236497            
73570                         6                             661.6572831606163             154.80507126152517            516                           5301                          1.3588968501415195            
73780                         6                             96.90629479349565             21.949678958340915            72                            752                           0.18935597999131198           
73946                         6                             661.6572831606165             158.0091028093563             524                           5316                          1.3867583085111481            
74472                         6                             623.6477617042414             161.04396811479148            534                           5053                          1.4136229631911683            
74620                         6                             661.6572831606167             168.20441702366713            555                           5261                          1.4684422483257098            
74770                         6                             491.7161369814219             115.62649731431404            379                           3818                          1.005842721492011             
74987                         6                             661.6572831606168             175.60893347462346            585                           5322                          1.5456333253940646            
75225                         6                             661.6572831606169             166.53069222263807            549                           5455                          1.4545087310082019            
75416                         6                             661.6572831606164             146.38568102182018            489                           5235                          1.2872627542662358            
75468                         6                             17.228947578339966            4.461927539531877             14                            124                           0.037651221994156325          
76011                         6                             462.54009106261276            108.19412797967951            359                           3705                          0.9497886510451377            
76027                         6                             222.33629905881574            47.38892809674856             158                           1589                          0.41699159868978153           
76207                         6                             36.39179221886121             7.542294384616865             26                            268                           0.06674806719090443           
76241                         6                             206.40577179050536            48.870198105293106            159                           1613                          0.4258313312457874            
76830                         6                             661.6572831606165             165.31482547666707            542                           5333                          1.4404118256187668            
77259                         6                             110.3225992367834             24.707009686551274            86                            817                           0.22233869906322526           
77881                         6                             240.96724488507806            60.371064535820665            201                           1829                          0.5321904130150859            
78115                         6                             222.19373010261629            53.700359935423805            176                           1733                          0.4696453387390316            
78229                         6                             661.6572831606164             151.273104025019              506                           5329                          1.3334632837833027            
78444                         6                             319.86060809182675            84.60527808896961             276                           2533                          0.7340448109684179            
79864                         6                             73.03900000000002             19.008236711959817            64                            551                           0.16678274004614224           
80289                         6                             661.6572831606167             170.04173044729973            570                           5258                          1.4996068899108557            
80798                         6                             119.52609656002747            32.76642176481322             106                           909                           0.2838077397063932            
80881                         6                             173.92204225373143            39.9637481398818              130                           1286                          0.34478643036141543           
81245                         6                             133.13916989253084            33.2927252136215              107                           1094                          0.2875733091982432            
81434                         6                             661.6572831606164             155.77891189401106            514                           5223                          1.3609097157959726            
81588                         6                             330.22178804768373            76.74379442108156             252                           2570                          0.668547581725065             
81702                         6                             661.6572831606163             168.74843179019433            564                           5190                          1.488695596853465             
81780                         6                             245.45803444761572            62.21176177118084             206                           1840                          0.5436355824433678            
82746                         6                             373.88052182274777            88.28869440014212             296                           2950                          0.7783742338058891            
82886                         6                             661.6572831606164             167.66287582765852            549                           5401                          1.4636440292144393            
82930                         6                             661.6572831606165             158.73331183302136            529                           5420                          1.394401437911997             
82953                         6                             661.6572831606164             166.9455584936944             555                           5293                          1.4690618702288571            
83051                         6                             661.6572831606168             152.4000131306675             507                           5288                          1.3387677713599464            
83224                         6                             661.657283160617              153.57125635455333            515                           5351                          1.358163577859893             
83515                         6                             520.9392056752573             136.32462297650088            450                           4152                          1.1954045237276274            
83847                         6                             661.6572831606164             133.25818747887382            450                           4829                          1.1794218037854647            
83903                         6                             32.20549404436394             5.666620412284515             17                            228                           0.04666001791314753           
84083                         6                             661.6572831606164             159.74663184389624            530                           5094                          1.3980534363842931            
84833                         6                             32.205695914189434            6.5917393213482365            23                            233                           0.05953063072020345           
84900                         6                             364.1345246464771             89.48496693104978             297                           2883                          0.790673262375745             
84947                         6                             661.6572831606165             157.80093790773853            536                           5346                          1.4013959959194917            
85008                         6                             459.31687525650995            115.84654190706694            389                           3724                          1.0217043067357534            
85912                         6                             661.6572831606168             154.58289953433794            516                           5231                          1.3612132038225462            
86173                         6                             349.6208634918317             73.1390938649985              242                           2796                          0.6394383821373917            
86316                         6                             661.6572831606168             160.51008597548068            527                           5307                          1.3974243681360452            
87453                         6                             430.5533149673534             101.59577054450682            330                           3439                          0.8856033707996505            
88058                         6                             661.6572831606165             161.9702294559066             541                           5282                          1.4276259702304217            
88104                         6                             65.03527300921886             15.732828925280574            52                            521                           0.13776611100390368           
88354                         6                             661.6572831606165             152.54347154731914            508                           5264                          1.339570828107605             
89603                         6                             85.73913571153383             27.741123554915493            91                            678                           0.24295331870389944           
89660                         6                             75.24999999999999             17.91817622108313             61                            571                           0.16023435867618085           
89756                         6                             661.6572831606165             168.81561189999624            549                           5317                          1.4715057957968987            
90113                         6                             32.20562021721044             7.8744513332678086            26                            249                           0.06883584817366789           
91396                         6                             661.6572831606164             155.58999536193926            515                           5249                          1.3603905887196175            
92776                         6                             274.90456581297207            65.4581783298407              220                           2115                          0.5772158584706126            
92842                         6                             661.6572831606167             164.21280337065951            544                           5192                          1.4414658645466365            
93841                         6                             661.6572831606165             167.27015245996037            549                           5377                          1.4533876408680964            
93998                         6                             464.30449145800003            112.65012142336683            368                           3511                          0.9771607854320364            
94088                         6                             13.497189424135577            1.5127770064377768            5                             93                            0.013050214523838397          
94330                         6                             661.6572831606165             159.5144205106949             541                           5323                          1.4164040338763133            
94755                         6                             661.6572831606164             166.9893727461098             551                           5234                          1.4602665966896613            
94923                         6                             388.4219532601424             95.79282749826945             319                           3066                          0.8417544693676533            
94975                         6                             397.22180001857095            85.92662575162375             285                           2998                          0.7549310983075095            
95316                         6                             661.6572831606163             172.9193750017736             570                           5213                          1.508670404521712             
95526                         6                             450.9114590758973             114.97448060213883            380                           3466                          1.0063600806008983            
96666                         6                             661.6572831606168             170.65575377123886            561                           5335                          1.4863031968872282            
96784                         6                             661.6572831606165             157.18434284879018            518                           5215                          1.3751740886156387            
96795                         6                             39.335387430982635            9.469637576805727             30                            276                           0.08089549255480571           
97614                         6                             661.6572831606167             162.04485306889075            536                           5314                          1.423114768707679             
97937                         6                             661.6572831606165             162.92235683980618            541                           5315                          1.4308696850280604            
99355                         6                             661.6572831606167             161.76561954601416            533                           5396                          1.4144401018178794            
99525                         6                             541.400293877712              125.44842733508693            413                           4276                          1.0968142489311883            
99696                         6                             32.205672602676565            8.254590839335902             27                            255                           0.07105429949609915           
557                           7                             661.6572831606165             153.9331423090324             507                           5166                          1.3441871118889768            
1158                          7                             661.6572831606162             159.86508428607902            528                           5296                          1.4052051384985211            
1173                          7                             652.052690189179              158.69827888235326            526                           5143                          1.3912728183854544            
1641                          7                             577.349984759731              134.24817562049176            447                           4516                          1.1845328730195517            
2229                          7                             661.6572831606165             156.2413394075762             518                           5061                          1.3663024779412485            
2253                          7                             382.91785086423994            94.50848691338277             316                           3097                          0.8310095592015667            
2602                          7                             661.6572831606164             153.40536300220484            510                           5244                          1.3484786318234352            
3037                          7                             486.0446543019656             115.5138082544909             387                           3851                          1.0198889898237027            
5688                          7                             586.593283160617              161.95532312139014            534                           4738                          1.4159498786806801            
6770                          7                             661.6572831606165             162.1749848874956             535                           5389                          1.4212751230127236            
6958                          7                             586.5932831606166             148.22540356166834            497                           4775                          1.3098855301722034            
7450                          7                             661.6572831606163             157.2719134829605             518                           5288                          1.3757297978019798            
8097                          7                             661.6572831606164             165.67419932730095            543                           5301                          1.4405383297571226            
8478                          7                             31.818792580209006            9.437604854729681             31                            254                           0.08223488874857478           
8495                          7                             557.200617172045              118.82526477919353            402                           4292                          1.054394230615168             
8619                          7                             209.5343545513229             47.57368378035409             155                           1478                          0.4124574921585352            
8997                          7                             214.60030571000118            54.194378892068286            179                           1612                          0.4765691167917019            
9925                          7                             439.7543157975995             108.01203087600588            359                           3460                          0.9478512693870051            
10085                         7                             661.6572831606165             164.09114579908686            548                           5143                          1.4397837628068917            
10631                         7                             330.10406107284336            87.24327112581553             291                           2602                          0.768365566906412             
12422                         7                             31.81850308574292             10.218088879531534            34                            250                           0.0891256030304683            
12908                         7                             586.5932831606167             138.20029830976128            458                           4644                          1.2094676065680579            
14245                         7                             661.6572831606165             161.55426431185984            529                           5058                          1.4082526528126633            
14883                         7                             661.6572831606167             162.81694745308684            543                           5263                          1.4305133774200738            
15201                         7                             661.6572831606162             167.16032392833236            556                           5353                          1.468119649335046             
15359                         7                             661.6572831606165             168.07806940419053            558                           5175                          1.4772471438236128            
15415                         7                             36.317063402852234            10.333690998053479            34                            272                           0.09029421910397528           
15905                         7                             661.657283160616              161.92948013880365            533                           5241                          1.4137240788405578            
16115                         7                             661.6572831606165             171.87931084315215            570                           5344                          1.506450731934585             
16123                         7                             661.6572831606164             180.2626282922417             588                           5327                          1.5701374117642444            
16946                         7                             438.7406042463054             117.0714027131724             381                           3442                          1.0210533269617732            
16981                         7                             661.6572831606164             169.6651012877599             564                           5251                          1.4902092637038071            
17059                         7                             661.6572831606167             176.06676609812422            572                           5226                          1.523836486215374             
17642                         7                             661.6572831606165             159.4098779560378             525                           5423                          1.3907732129496755            
17720                         7                             661.6572831606165             164.40961804637695            541                           5119                          1.4332490509851108            
18734                         7                             661.6572831606168             160.95496487830547            531                           5324                          1.4102716845056937            
18916                         7                             661.6572831606165             168.78542897207402            556                           5253                          1.4744861311838289            
18999                         7                             661.6572831606164             164.64959855468396            556                           5369                          1.4592682970945061            
19970                         7                             661.6572831606164             160.29213455602277            530                           5307                          1.3993573863447404            
20559                         7                             625.8534043432718             153.636047902223              509                           5045                          1.345030509696132             
21540                         7                             661.6572831606165             163.29501075033397            544                           5193                          1.4339601840211933            
22054                         7                             414.9277990987389             107.05174090444164            357                           3210                          0.9422812477189997            
22428                         7                             661.6572831606167             169.68676780032393            564                           5127                          1.4862206029313665            
23196                         7                             661.6572831606164             168.47396533083364            559                           5375                          1.476091275620974             
24079                         7                             27.156925678258443            5.904450837061857             17                            205                           0.047715658947904506          
24416                         7                             69.04427567330174             18.852674321031046            63                            515                           0.16680751429212773           
26441                         7                             661.6572831606167             165.7290502250588             545                           5214                          1.443374630609179             
26537                         7                             285.6957817218333             64.88803728131386             213                           2185                          0.5665596170518591            
26858                         7                             661.6572831606168             168.97238845261884            564                           5358                          1.486141916774907             
27160                         7                             85.56911838614889             19.680634826899457            67                            600                           0.17567814281651883           
27563                         7                             661.6572831606164             167.5092555848521             555                           5270                          1.4677688690982698            
27569                         7                             661.6572831606165             155.70760376342594            516                           5118                          1.3673889472838958            
27650                         7                             661.6572831606165             169.12079852541942            550                           5282                          1.4668931611841898            
27814                         7                             544.8969130499545             136.24568551874322            446                           4338                          1.1861773558361122            
27953                         7                             172.07999119289744            42.82252156120086             141                           1321                          0.37267859179528284           
28448                         7                             661.6572831606167             148.2204715403904             495                           5169                          1.2997691846688055            
28652                         7                             535.5273576010848             137.94380577738556            463                           4259                          1.219366604480242             
28683                         7                             661.6572831606165             169.10058506123602            556                           5380                          1.474758956797099             
28922                         7                             661.6572831606168             169.71608118365268            575                           5365                          1.5061097744861431            
29157                         7                             661.6572831606168             160.34716718583925            534                           5264                          1.4085681796837413            
29272                         7                             606.3937361442352             139.65814947584354            475                           4787                          1.2468091471995502            
29450                         7                             661.6572831606167             165.87945004925396            547                           5243                          1.4501835872405668            
29827                         7                             661.6572831606163             165.48792827778794            543                           5245                          1.437336937828346             
29872                         7                             409.1748624108249             106.61518074227291            360                           3397                          0.9475281916196368            
30511                         7                             661.6572831606164             164.72435308354167            542                           5341                          1.437016859057963             
30641                         7                             661.6572831606163             171.23860003655653            557                           5431                          1.4885278647570679            
31367                         7                             506.771092385394              118.85008794496791            391                           3896                          1.0387754525851784            
31579                         7                             584.2502831606164             142.38433410099162            472                           4736                          1.2450968243987903            
31695                         7                             661.6572831606167             165.9966451423288             556                           5393                          1.4632017238830324            
31799                         7                             661.6572831606165             160.27169461533026            536                           5226                          1.41389022597656              
31962                         7                             661.6572831606165             160.2781659885249             530                           5274                          1.4003379178544821            
32324                         7                             394.01979454750546            92.17337659920295             302                           3080                          0.8022037945199878            
32691                         7                             661.6572831606172             161.5674245290041             542                           5340                          1.4226315438191621            
32897                         7                             661.6572831606167             165.62573342921462            548                           5370                          1.4519002673806756            
32991                         7                             641.393681645883              156.10572615111647            522                           5102                          1.378499609919543             
33233                         7                             661.6572831606168             175.0527520302742             586                           5372                          1.543466291490176             
33965                         7                             448.751528945931              113.06913899380505            371                           3730                          0.9898965940470841            
34118                         7                             661.6572831606165             167.0615647687339             556                           5094                          1.4683652595707695            
35163                         7                             661.6572831606164             149.91791357057153            504                           5222                          1.3274181402861283            
35565                         7                             661.6572831606165             168.12528288953231            564                           5386                          1.48515962811135              
36117                         7                             661.6572831606165             169.53736379911183            564                           5293                          1.4854124057032325            
36413                         7                             661.6572831606167             180.15034733231568            585                           5362                          1.5559243371977414            
36510                         7                             48.9988671176923              15.726490991720851            49                            417                           0.13162628616869748           
36519                         7                             661.6572831606165             158.4292276295126             522                           5244                          1.3829153469093607            
36732                         7                             444.707157619305              102.97094942140875            339                           3359                          0.8983287837053772            
36788                         7                             45.90821868397155             10.978053676302151            36                            361                           0.09516728607657349           
36872                         7                             63.04570100698183             20.37406396639825             66                            490                           0.17635859558126513           
38658                         7                             661.6572831606167             165.1307316217252             544                           5348                          1.444760193939996             
39608                         7                             661.6572831606165             161.6800118694853             532                           5393                          1.4108326719241198            
39713                         7                             661.6572831606168             166.50943922454573            550                           5304                          1.4557053579868064            
40326                         7                             68.23106873364114             15.614311847431063            51                            542                           0.1348017832755147            
40406                         7                             661.6572831606161             176.80659940274867            590                           5423                          1.5575832982743991            
40651                         7                             349.201415631201              76.55809901966796             259                           2760                          0.6800811215435556            
41488                         7                             256.8834036115812             64.44193313467797             213                           2163                          0.5614036725654701            
41829                         7                             36.391893572637336            5.445162603191864             17                            245                           0.04575930784187359           
42444                         7                             661.6572831606165             167.2125949790602             559                           5148                          1.476784561360363             
42894                         7                             661.6572831606165             154.1867468197872             518                           5082                          1.3636497708420139            
42907                         7                             196.53355763081422            52.651243517060195            173                           1575                          0.45881082993803024           
42930                         7                             661.6572831606164             169.5891094647803             562                           5159                          1.4902073290553073            
42976                         7                             661.6572831606169             161.7403258287455             539                           5356                          1.42010284705297              
43292                         7                             661.6572831606167             158.22888132018372            523                           5296                          1.3890153884536762            
43634                         7                             525.9118217504122             139.0426342810574             462                           4214                          1.2170475332507547            
43842                         7                             661.6572831606165             169.02097877129714            552                           5105                          1.4746002240062643            
44521                         7                             629.7170679092729             156.24336715218797            517                           4956                          1.3719354957771757            
45891                         7                             661.6572831606165             165.126201698801              541                           5290                          1.4358306606463505            
46750                         7                             661.6572831606165             177.97145856538307            592                           5235                          1.5657952500672436            
46936                         7                             661.6572831606167             163.98049382589966            540                           5080                          1.4266691272030627            
47025                         7                             483.417206577831              114.59092251460378            376                           3739                          0.9942644822592459            
47178                         7                             60.063099366751906            13.944050050319069            45                            533                           0.1209244303463819            
47536                         7                             400.1910260561599             94.84010191424582             314                           3132                          0.8332633780296014            
48156                         7                             484.77319872916337            119.05880715889697            393                           3802                          1.0394966947084288            
50747                         7                             661.6572831606167             173.71101273884335            583                           5275                          1.5319165352927835            
51065                         7                             318.8158272578354             78.29349778582838             259                           2394                          0.6847703181415332            
51333                         7                             458.57948034922765            118.77205361270072            396                           3666                          1.0441978269472951            
51674                         7                             661.6572831606165             155.35556088579884            516                           5346                          1.3635332058635004            
52102                         7                             477.9419499388996             124.24698607270462            406                           3909                          1.0824868948382167            
52224                         7                             661.6572831606167             164.98815178076202            551                           5199                          1.4559503929531783            
52226                         7                             615.2529348465657             153.55667436042643            509                           4889                          1.3539803368721892            
52417                         7                             2.8643082392482144            0.9106190134480131            3                             22                            0.007872312716981585          
52880                         7                             21.228314658891076            2.5788989776981333            8                             144                           0.0214831907024045            
53228                         7                             200.86837712626752            57.398545917757325            191                           1686                          0.5052247186818509            
53254                         7                             14.914319375432639            3.626014353733055             12                            113                           0.03125753093016342           
53660                         7                             661.6572831606164             164.77762114120208            553                           5029                          1.459646733724671             
53687                         7                             661.6572831606165             164.27702811293273            540                           5272                          1.434280290061638             
53839                         7                             62.24332340334385             14.449365808688786            47                            433                           0.12569307477574615           
54135                         7                             114.88656980018192            26.046608856686312            91                            928                           0.2376268684292846            
54346                         7                             400.48256140747594            98.60064483070403             328                           3235                          0.8651286938837321            
55046                         7                             661.6572831606167             163.33663519547952            546                           5244                          1.437922913641608             
55737                         7                             416.3391218189655             107.49042229305026            352                           3348                          0.9357675358391828            
56248                         7                             31.818525699817425            7.184407297593591             24                            230                           0.06311376919521396           
56458                         7                             531.3144355350714             132.16279280358788            435                           4244                          1.1550607445823329            
56955                         7                             661.6572831606168             164.35604082166006            545                           5383                          1.4400764832905475            
57702                         7                             661.6572831606163             166.31536027380315            550                           5230                          1.454935876316223             
58852                         7                             661.6572831606165             163.19567006561394            530                           4924                          1.4138076054415143            
58957                         7                             661.6572831606161             157.70472173300982            524                           5352                          1.386185003552002             
59430                         7                             31.818495943352325            6.84729145828844              22                            256                           0.05930695620933975           
59616                         7                             661.6572831606165             160.44355256680691            541                           5159                          1.4194617951893922            
60561                         7                             32.20540341042915             6.816182625619068             23                            282                           0.06034430143801799           
60731                         7                             661.6572831606165             167.8151401808878             548                           5294                          1.4576824080444302            
61746                         7                             661.6572831606169             167.78487214128083            549                           5340                          1.4640313373307536            
61905                         7                             481.5352348057622             116.40036318234023            378                           3851                          1.00707369919949              
61965                         7                             661.6572831606167             171.03797920663334            560                           5273                          1.4953684912887661            
62171                         7                             661.6572831606165             158.08104823711383            526                           5249                          1.3857867422324142            
62491                         7                             661.6572831606165             173.17418689581945            557                           5342                          1.4981726501005226            
62847                         7                             498.71352791244277            129.2604178337326             426                           4097                          1.1318758302677336            
64016                         7                             136.85473865288503            31.771437000155416            108                           1058                          0.2825154538051544            
64518                         7                             661.6572831606167             158.024845003523              523                           5178                          1.3833120505234213            
66141                         7                             470.02263491953323            114.14230379722365            373                           3717                          0.9955276784087936            
67026                         7                             661.6572831606165             161.56122978553825            548                           5270                          1.4326151299229246            
67045                         7                             235.26487311662407            56.82583743414991             184                           1775                          0.4917239481798786            
67077                         7                             661.6572831606164             154.74929811521707            512                           5149                          1.3550081649297094            
67502                         7                             523.3959970030547             136.23637828115992            454                           4116                          1.1972596235601918            
67680                         7                             38.776295992218664            8.983203228925966             30                            313                           0.07835648291977725           
68402                         7                             661.6572831606165             170.53811999053522            572                           5411                          1.5060975872629214            
68907                         7                             661.6572831606164             152.91536775311334            509                           4999                          1.3414557164222805            
69377                         7                             661.6572831606167             169.51288523872813            564                           5350                          1.4899333524670375            
70528                         7                             36.392249325367644            10.02897870919704             33                            271                           0.08835024025818865           
71279                         7                             439.57207891029054            108.20439057140491            356                           3501                          0.944151259763499             
71386                         7                             661.6572831606167             152.27551898512598            503                           5249                          1.3344751629390095            
71531                         7                             661.6572831606164             167.6533023296301             562                           5199                          1.4787151172352138            
72128                         7                             661.6572831606165             157.7164496797177             527                           5287                          1.3882149091944629            
73311                         7                             661.6572831606164             163.95606672365946            535                           5297                          1.4260546634441336            
73490                         7                             188.7749733648116             48.644820198882556            162                           1568                          0.4274919945641191            
73567                         7                             661.6572831606165             170.69859686913503            562                           5340                          1.4916719362662436            
73959                         7                             565.354639298378              138.2995279740305             463                           4534                          1.2211252382282924            
74388                         7                             210.916208232219              52.97178836697889             178                           1679                          0.46752874910203746           
74487                         7                             661.6572831606164             153.3812035384488             513                           5180                          1.3561331546498545            
74820                         7                             661.6572831606167             160.80850605955374            536                           5290                          1.412594293071267             
76759                         7                             661.6572831606164             155.00606890203233            516                           5180                          1.362504918009773             
76942                         7                             661.6572831606168             160.70454619221212            526                           5250                          1.3971150299586939            
77081                         7                             312.0665087275344             76.8818105906979              260                           2528                          0.6804571981904264            
77640                         7                             268.4273642358385             69.64806993915622             229                           2094                          0.6056423753430951            
77729                         7                             483.5926649144965             125.6223501101407             411                           3799                          1.0948990541965091            
78210                         7                             43.56337284260471             7.603014634217192             26                            347                           0.06814848395258963           
80468                         7                             290.5009164040904             75.72990249999177             250                           2288                          0.6616129068776638            
80578                         7                             260.95717297902644            69.55527796464246             233                           2168                          0.6109867743904646            
80755                         7                             661.6572831606161             177.47659920396381            592                           5416                          1.56878557866877              
80850                         7                             661.6572831606167             171.2128898271496             573                           5426                          1.5146229242222828            
83746                         7                             661.6572831606164             170.90319516761878            566                           5339                          1.4983953143239372            
84068                         7                             36.3918492863689              7.60001338476837              26                            233                           0.06814278628157323           
84687                         7                             661.6572831606167             177.0650175150532             586                           5226                          1.5545874716372863            
85235                         7                             32.20571200643235             6.206216578640294             21                            221                           0.05454188135899078           
85639                         7                             661.6572831606165             165.588950230709              546                           5325                          1.4453391829973363            
87016                         7                             528.248558414393              127.44505156801961            417                           4228                          1.1067764947299974            
87308                         7                             661.6572831606164             147.74357754048546            493                           5162                          1.300005091833872             
87589                         7                             661.6572831606165             166.47855843938984            551                           5279                          1.4566729627879995            
87696                         7                             575.076426777121              141.4034853359493             469                           4555                          1.2471144938694347            
87939                         7                             64.31496932077575             13.521720228333558            45                            429                           0.11911448656234756           
88310                         7                             189.26122298736937            46.475832308292304            158                           1499                          0.41312652330037636           
89237                         7                             661.6572831606163             157.16989674114626            518                           5274                          1.3747511331041233            
89929                         7                             10.019548695014311            1.2853296438145656            4                             73                            0.01073096022012127           
90854                         7                             615.2316065399328             152.77788219560045            512                           4927                          1.3529004926690373            
90997                         7                             661.6572831606167             154.15311104353813            521                           5238                          1.365689661886383             
91456                         7                             661.6572831606165             167.5755402135582             552                           5304                          1.465091446166849             
91548                         7                             661.6572831606163             153.17192981821512            510                           5061                          1.343259654799101             
91809                         7                             54.4835811383907              14.638093903431685            49                            425                           0.12785184812399517           
92400                         7                             661.6572831606165             162.38000769232636            536                           5054                          1.4217181882633594            
92546                         7                             581.4133308415645             127.45612122503675            418                           4483                          1.113842115017382             
92583                         7                             661.6572831606168             155.7033431967672             523                           5249                          1.372321037340706             
93059                         7                             547.3733174566448             135.6910114763916             450                           4391                          1.18671776635983              
93394                         7                             186.11522658494744            54.67814043417485             183                           1455                          0.4811910243734753            
93472                         7                             661.6572831606165             161.8326690217983             536                           5333                          1.4249588122540056            
95652                         7                             503.64937753382696            125.74686717084761            417                           4033                          1.1013026491828641            
95978                         7                             584.2502831606165             152.06241414763403            505                           4710                          1.336985794062575             
96670                         7                             661.6572831606165             166.31095144158405            556                           5357                          1.4634448086517335            
97318                         7                             661.6572831606168             167.32372159358007            550                           5486                          1.4573498150297914            
97401                         7                             661.6572831606165             163.07562832205622            539                           5329                          1.4297969000850195            
97668                         7                             661.6572831606165             159.92335945756963            530                           4966                          1.3973040730945052            
97920                         7                             661.6572831606164             154.3625940580743             517                           5126                          1.3613722538654165            
98179                         7                             661.6572831606167             167.16049397380326            547                           5324                          1.4575426932585058            
98260                         7                             661.6572831606165             172.45381880324845            574                           5330                          1.518681018194953             
98319                         7                             661.6572831606168             160.6460299122703             529                           5152                          1.402474004146617             
98465                         7                             268.26972200649004            74.4481110276755              251                           2086                          0.6570100841221899            
98575                         7                             152.5898777957008             38.88277194202815             126                           1200                          0.3369121772577502            
98918                         7                             579.9209751394105             151.35370371639573            487                           4728                          1.303743859789127             
703                           8                             7.597501059007888             0.6300469280775126            2                             49                            0.00527574128975691           
726                           8                             661.6572831606164             170.9003655058395             563                           5369                          1.4969154069830695            
743                           8                             661.6572831606168             156.75542728128               532                           5295                          1.3921407202392087            
922                           8                             575.7906886545316             141.025921781648              470                           4558                          1.2378145919503956            
2217                          8                             661.6572831606169             158.67273230545837            525                           5221                          1.3868181619977622            
2693                          8                             496.72673544875227            130.01082195110348            437                           3941                          1.1487142217118023            
4244                          8                             661.657283160617              166.5022739466964             546                           5270                          1.4528572038315013            
4536                          8                             31.818830588990057            6.718648974268988             21                            226                           0.056705543348235514          
4655                          8                             474.77391600256385            118.5472872776976             394                           3682                          1.0392047552552839            
5082                          8                             595.1155614970004             160.52317296574157            519                           4792                          1.3889283579284162            
5126                          8                             661.6572831606165             150.0851714873697             493                           5130                          1.3068951194465193            
5154                          8                             661.6572831606162             158.7700428122418             518                           5129                          1.3786901505486981            
5483                          8                             661.6572831606165             167.3803866994366             552                           5274                          1.4656126106470535            
5491                          8                             635.4096325771536             170.10284517331542            567                           5148                          1.495901739410443             
5894                          8                             31.818683731317336            7.470203058596957             24                            227                           0.06380964290437902           
6060                          8                             661.6572831606169             153.43672091130458            516                           5250                          1.351026374217922             
6256                          8                             602.3052109840808             153.6156563104703             503                           4940                          1.337108162354959             
6332                          8                             661.6572831606165             167.63608802348566            547                           5233                          1.4565227237032898            
7051                          8                             661.6572831606165             163.87919779910632            550                           5372                          1.4471357334580905            
7727                          8                             609.1995705367804             156.24408984140322            508                           4753                          1.3577313269356162            
7964                          8                             661.6572831606162             166.7297068732908             555                           5242                          1.4627266509737002            
8778                          8                             661.6572831606168             155.30458215621326            518                           5219                          1.3657131285633821            
9613                          8                             546.0024423301215             145.5687673148176             483                           4456                          1.2786914323884888            
9671                          8                             46.8780581998669              11.251650769344312            37                            365                           0.09735332445833958           
10651                         8                             661.6572831606164             162.2948290995709             544                           5451                          1.4324842523672254            
11380                         8                             661.6572831606167             158.28864095956237            527                           5431                          1.3917054331103647            
11538                         8                             155.32634760425464            43.986711957812844            149                           1296                          0.39055564947329563           
12888                         8                             661.6572831606165             172.44713610193077            576                           5394                          1.5171297647410829            
13565                         8                             66.40910693974521             11.756121370148307            41                            514                           0.10609805346588137           
13758                         8                             551.3627284837422             139.13360096920042            462                           4452                          1.2246147282170339            
14405                         8                             32.20575524744972             7.625966702838363             25                            265                           0.0679440970060766            
14981                         8                             661.6572831606165             156.56957825172736            518                           5195                          1.3734492943433836            
15214                         8                             661.6572831606169             151.55134169040628            509                           5335                          1.3385238081725706            
15221                         8                             661.6572831606169             174.00400399795524            577                           5294                          1.524291799404214             
15559                         8                             661.6572831606167             171.0089947812404             573                           5398                          1.5127848449319758            
15936                         8                             79.81381900533272             21.658831983628307            73                            626                           0.19119110266320652           
16222                         8                             615.7553056013942             165.37336018884298            545                           4944                          1.4521594971416807            
16606                         8                             468.8502655138392             108.02699977290604            364                           3655                          0.9562890035044963            
16790                         8                             210.71552491081448            51.7867719177171              170                           1592                          0.450128916302014             
17123                         8                             661.6572831606163             164.4989600521694             542                           5288                          1.4340048218789794            
17284                         8                             661.6572831606164             160.69491802722277            541                           5203                          1.4213725257889107            
17538                         8                             661.6572831606165             158.71541410346475            535                           5116                          1.4045616749764533            
17564                         8                             661.6572831606168             157.22700921376406            520                           5168                          1.3734928198230123            
17626                         8                             661.6572831606167             163.41428204547884            539                           5263                          1.423054634598222             
17874                         8                             28.566125376209403            7.207831941709878             23                            223                           0.062261963708965896          
18070                         8                             661.657283160617              169.58189898876222            563                           5264                          1.4878357465125833            
18939                         8                             661.6572831606165             175.6282186673741             589                           5257                          1.5456372705033794            
19013                         8                             83.91109275085127             23.932952532059495            78                            672                           0.20619015747902225           
19584                         8                             661.6572831606164             154.9501565535762             509                           5190                          1.3481341085484209            
23232                         8                             661.6572831606167             157.209707465619              519                           5172                          1.376245246783003             
23836                         8                             661.6572831606168             169.4092470147822             567                           5488                          1.4969835837138155            
23953                         8                             361.8691671653023             95.82553927250224             315                           2941                          0.8393410221416364            
25124                         8                             156.5036720149887             32.62055518027648             109                           1178                          0.2894409472444555            
25666                         8                             661.6572831606168             173.37970826280704            583                           5429                          1.5338431623543411            
26188                         8                             661.6572831606167             163.20172471253883            541                           5375                          1.437374819894033             
26303                         8                             122.37246037192185            29.861089983083843            101                           954                           0.2632422906178068            
26336                         8                             661.6572831606165             154.13559345180425            518                           5428                          1.362088715476855             
26832                         8                             661.6572831606164             165.5069210635182             543                           5411                          1.4467118993627759            
26858                         8                             661.6572831606164             170.7288428583062             576                           5263                          1.508355552990981             
27721                         8                             661.6572831606168             168.9341297310561             555                           5233                          1.4710612300696297            
28177                         8                             173.43718186848102            48.85806121782725             160                           1365                          0.42421415220754977           
28402                         8                             75.25                         18.077715510183083            61                            568                           0.15944048451439277           
29794                         8                             661.6572831606162             161.95427063881726            548                           5338                          1.4356666287948134            
30118                         8                             661.6572831606165             165.4854668073237             538                           5227                          1.4347482183207703            
30217                         8                             661.6572831606163             162.92740420188426            545                           5151                          1.4362283984369721            
30337                         8                             2.870193906443052             0.0                           0                             16                            0.0                           
31695                         8                             424.1913619994591             102.55292022759912            340                           3443                          0.0                           
31869                         8                             633.2920942705821             150.43675958359285            497                           5053                          0.9012678610650167            
32533                         8                             158.8064271021031             41.29656609672763             137                           1223                          1.3168259904536486            
32762                         8                             661.6572831606169             162.0159857998069             541                           5255                          0.36392778269277093           
33540                         8                             535.8417889781731             135.2927235358935             444                           4262                          1.4283871681943472            
34062                         8                             661.6572831606165             164.0163955665488             534                           5303                          1.17804620463128              
34361                         8                             661.6572831606165             159.43553719486408            527                           5148                          1.4244556622697349            
34619                         8                             661.6572831606167             162.52284868693485            544                           5229                          1.3954454044520996            
35237                         8                             661.6572831606163             153.75601755092492            508                           5142                          1.4360886122157264            
35576                         8                             426.21293147536517            104.9617928954061             353                           3398                          1.34775075123068              
35695                         8                             661.6572831606167             163.14970402961418            534                           5300                          0.9305787435954695            
35864                         8                             661.6572831606164             164.1939815882958             544                           5228                          1.4215962177636505            
36725                         8                             339.71602614100965            90.64446933767643             298                           2678                          1.4424660973779955            
37249                         8                             661.6572831606167             167.6180785485508             557                           5396                          0.7932719319317323            
37777                         8                             661.6572831606167             155.50228265825297            510                           5269                          1.4719513710477667            
39653                         8                             661.6572831606165             150.57241896086956            490                           5077                          1.3593507368940723            
40273                         8                             661.6572831606162             158.4581143056592             532                           5482                          1.3069589821514485            
40528                         8                             441.6878213736295             109.61461219604855            365                           3531                          1.3984054464982896            
42787                         8                             661.6572831606165             167.76293932069493            559                           5157                          0.9617596208910637            
43928                         8                             592.8420754257104             143.21196443385637            482                           4617                          1.4721927746370915            
43972                         8                             661.6572831606165             161.40724033839328            535                           5187                          1.2688129504409849            
44301                         8                             661.6572831606167             173.02920580393214            575                           5398                          1.4187378764127496            
44447                         8                             649.8749156432157             163.49006201443524            544                           5095                          1.5211287400999098            
44821                         8                             661.6572831606167             168.0568658447082             565                           5218                          1.4399691543977524            
44938                         8                             651.3201133455303             161.38469986072897            539                           5252                          1.484087658856894             
45197                         8                             661.6572831606168             173.87082807614502            573                           5369                          1.420926457012739             
45267                         8                             287.5010554577286             69.4438784097528              230                           2182                          1.5149553283320032            
45772                         8                             450.04805977729325            105.05996901945244            349                           3493                          0.6074923529651597            
47702                         8                             399.78835386564344            102.4456545975054             335                           3163                          0.9226331586224567            
47922                         8                             661.6572831606163             150.46308423609062            500                           5090                          0.8960336243298812            
48360                         8                             378.2616939589821             93.84208722090234             313                           2981                          1.327019214857804             
49711                         8                             661.6572831606164             168.59643533599177            557                           5312                          0.8254369223196442            
50913                         8                             661.6572831606164             174.29380294964386            584                           5038                          1.4702603390098172            
51499                         8                             661.6572831606175             166.02821747132998            557                           5332                          1.5348313091751966            
51592                         8                             661.6572831606163             152.94561917686022            503                           5217                          1.467145273102711             
53138                         8                             31.751106291542232            7.458948375077766             24                            245                           1.335783254748959             
53440                         8                             549.5686264742045             141.71959262085383            477                           4521                          0.0646263036409208            
53559                         8                             653.5064321632597             168.1411686544295             563                           5395                          1.2541998479325394            
53599                         8                             661.6572831606165             161.83917738228908            526                           5097                          1.4793177453424045            
53774                         8                             33.37338182314764             7.836454933222117             25                            181                           1.4045842269975215            
54021                         8                             661.6572831606168             175.02865841568058            577                           5139                          0.06733410100304943           
54652                         8                             661.6572831606164             161.09344319850507            535                           5297                          1.524716371792584             
55988                         8                             661.6572831606167             183.46181026682564            608                           5435                          1.412513295988497             
56106                         8                             567.3865989891035             148.74318958664244            496                           4534                          1.6035879601397858            
57274                         8                             661.6572831606164             170.07270949727356            569                           5358                          1.3090286830131859            
57648                         8                             661.6572831606165             158.71026020395814            527                           5392                          1.4990374178169603            
58488                         8                             661.6572831606168             159.7717855666904             531                           5221                          1.3905349453766072            
58494                         8                             661.6572831606163             167.68359382494432            550                           5300                          1.4043314730460765            
58523                         8                             661.6572831606163             162.8323119442711             545                           5329                          1.4614581429116713            
58548                         8                             481.7188740983252             118.53138062992784            403                           3812                          1.4349475904987923            
59511                         8                             661.6572831606164             168.60802634920182            554                           5108                          1.0543219403318262            
59569                         8                             661.6572831606168             175.53020287453518            576                           5287                          1.4709487291428778            
60352                         8                             526.516296168478              128.00194339970543            426                           4249                          1.5302691009619986            
60978                         8                             6.998996707034147             1.313271444848311             5                             47                            1.1220069063900533            
61513                         8                             470.0201295246691             103.69816501295014            353                           3566                          0.012384435630537035          
61906                         8                             661.6572831606167             163.58549243073455            539                           5248                          0.9214147408376128            
61948                         8                             3.657954718698786             0.7699365305551011            3                             26                            1.4276296122649144            
62063                         8                             661.6572831606165             165.48690292190986            549                           5133                          0.007377322678929071          
62970                         8                             276.02170334921834            68.92058174579469             224                           2169                          1.45060167768264              
62974                         8                             661.6572831606164             167.49989802725852            544                           5192                          0.59953586536589              
63975                         8                             579.0240251189334             155.53289024851327            504                           4677                          1.4500551796782004            
64461                         8                             526.4188045704385             136.2023897129622             455                           4244                          1.3416408268944706            
64760                         8                             661.6572831606163             173.29261874785846            569                           5107                          1.1956243800678463            
65083                         8                             661.6572831606165             157.540333872224              519                           5175                          1.5101719704642327            
65127                         8                             65.60036312984764             17.271385478842443            58                            497                           1.3766379361827372            
67548                         8                             661.6572831606163             154.47924287347098            507                           5178                          0.1528446959461566            
67614                         8                             483.6832122887233             132.0876756219095             427                           3954                          1.3443868016299563            
67791                         8                             612.8753056473523             158.20985830015724            528                           4798                          1.1378324705660876            
68018                         8                             661.6572831606162             176.95369292562825            582                           5418                          1.3928756251889427            
69123                         8                             661.6572831606164             156.908672247532              521                           5105                          1.5417640281342226            
70112                         8                             661.6572831606167             167.8872695350484             555                           5292                          1.3804515386247354            
71560                         8                             190.11349382265112            46.065218409746414            153                           1481                          1.4634141476974403            
71790                         8                             292.3828662691767             76.30304966916248             248                           2411                          0.40526713412769366           
72164                         8                             661.6572831606168             168.0442681760844             557                           5190                          0.6636486432268193            
72271                         8                             661.6572831606164             160.87441364887664            542                           5123                          1.4790937111868732            
72426                         8                             661.6572831606165             161.0778527110412             536                           5340                          1.4287985124502067            
72821                         8                             661.6572831606164             161.63157491348568            540                           5338                          1.41887918737891              
72985                         8                             661.6572831606165             167.20934889281               558                           5263                          1.4223817041001388            
73332                         8                             661.6572831606165             166.825115463086              551                           5287                          1.4719819708304511            
73911                         8                             661.6572831606165             166.14206671279047            556                           5399                          1.4579987445205016            
74281                         8                             191.74185099548916            40.42129745623586             132                           1474                          1.4665243634629004            
75021                         8                             661.6572831606168             167.5752244914964             554                           5185                          0.3506015121831663            
75188                         8                             661.6572831606163             165.47440923125828            547                           5255                          1.4707093457813416            
75890                         8                             615.96764338666               137.57922348714885            453                           4724                          1.4468801399410602            
76093                         8                             661.6572831606167             168.71136623945264            551                           5333                          1.1983436156579663            
76312                         8                             661.6572831606168             167.43580439779362            556                           5300                          1.4656279717143499            
76489                         8                             661.6572831606165             170.30234706514076            560                           5400                          1.4710008807732378            
77025                         8                             661.6572831606165             156.5911885872262             518                           5245                          1.487482228487559             
77076                         8                             661.6572831606165             164.32174745204767            547                           5197                          1.3715452144156899            
77499                         8                             661.6572831606165             144.87925872170734            487                           5332                          1.4469936909263241            
77735                         8                             661.6572831606164             164.34739742706148            550                           5180                          1.2844095883403623            
79280                         8                             461.618287073623              98.41784676553492             331                           3594                          1.447779514121133             
79897                         8                             661.6572831606165             161.37311937273464            535                           5116                          0.8713995883035917            
80659                         8                             112.26322871498951            24.901431497212787            82                            812                           1.4139340597890668            
81486                         8                             661.6572831606165             148.65693261658436            492                           5170                          0.2197142273595297            
81822                         8                             142.1758752533154             39.31673961692628             128                           1170                          1.299709778555375             
82270                         8                             159.29408527834408            38.37914226808888             124                           1255                          0.3400639371337375            
82667                         8                             661.6572831606165             162.88593386080527            533                           5224                          0.33061361855406474           
82785                         8                             274.8922875745564             64.40491210316277             213                           2086                          1.4162035558868826            
83372                         8                             661.6572831606165             175.35896767692773            575                           5193                          0.5617400210241756            
83555                         8                             170.90931291182207            38.50242144413893             132                           1298                          1.5299022404328866            
84253                         8                             191.30226656707214            46.91036719259575             156                           1497                          0.3423286468685649            
84541                         8                             75.24999999999999             19.645530779291935            65                            590                           0.4125854048936558            
84690                         8                             661.6572831606163             161.0108997766982             540                           5110                          0.17171678803103266           
84705                         8                             200.8084748068683             50.07645290118647             163                           1510                          1.4205702483826927            
84727                         8                             661.6572831606165             159.50647953576654            541                           5185                          0.4343419335578708            
85338                         8                             661.6572831606168             150.05896182043463            497                           5231                          1.4191971572049806            
86123                         8                             108.2279700025921             24.29964819503883             82                            815                           1.3161677011870974            
86650                         8                             398.2240781845869             95.19849710910661             315                           3149                          0.21485016142683608           
88572                         8                             32.20562615081411             7.718930132103948             25                            252                           0.8329754723325851            
89068                         8                             661.6572831606165             164.17662806034386            539                           5302                          0.06767672180692894           
89514                         8                             31.85859266257907             7.366771025346118             24                            227                           1.4349847473399586            
90563                         8                             285.36322403418546            70.64570963563334             229                           2204                          0.06319649652715922           
91312                         8                             218.8690660522994             50.93058993496571             168                           1712                          0.6117410085817463            
91618                         8                             661.6572831606163             165.27582126587217            547                           5353                          0.44369427162558583           
91961                         8                             661.6572831606167             171.5152206851417             562                           5335                          1.4439435428200968            
92371                         8                             661.6572831606163             158.77102371142485            539                           5443                          1.5026333702873336            
93472                         8                             661.6572831606165             166.84460923551444            556                           5260                          1.4088657621152243            
94080                         8                             661.657283160616              156.66915184741404            520                           5314                          1.4728465234816082            
94144                         8                             661.6572831606165             156.59353713026718            520                           5177                          1.3752037011991218            
94392                         8                             659.1705365961279             161.73723065692892            534                           5160                          1.3731035273952061            
94624                         8                             171.13593866365392            44.95038169632439             150                           1390                          1.4144317622382845            
94732                         8                             661.6572831606164             164.8266366382342             537                           5369                          0.3960147654250135            
95324                         8                             661.6572831606168             163.14948004939708            546                           5285                          1.42760576760357              
95897                         8                             327.30302541842934            80.32544447193038             264                           2530                          1.4348499462368847            
96347                         8                             9.875859907553908             0.8997768804976897            3                             52                            0.7015082713217999            
96681                         8                             661.6572831606162             161.7099062007894             534                           5249                          0.007910722541119276          
96873                         8                             195.93527037289476            44.356968575605045            146                           1496                          1.4116968855542107            
97216                         8                             661.6572831606165             166.2268342839673             552                           5185                          0.38406801690202697           
97742                         8                             336.95790335784477            77.16313188949343             255                           2793                          1.4573220595659588            
98209                         8                             661.6572831606167             171.78060636868497            572                           5348                          0.672047921746519             
98278                         8                             661.6572831606162             159.8699978617541             534                           5247                          1.5102546303836846            
98460                         8                             661.6572831606169             151.46472489754186            515                           5219                          1.4039401284809283            
98496                         8                             482.48645172794005            120.54766990528184            398                           3784                          1.3506349423989015            
98573                         8                             661.6572831606167             166.45565338866493            555                           5202                          1.055216584575196             
98842                         8                             661.6572831606164             169.39097400978523            560                           5299                          1.4659981575171543            
99257                         8                             196.56217813148837            53.52545405937557             176                           1553                          1.4830942560330898            
99342                         8                             532.0397751938626             123.53275319602703            406                           4146                          0.46966871472799415           
99951                         8                             3.5193933994407396            1.4753099920099937            5                             30                            1.076775738374909             
272                           9                             548.3839142741981             118.3973333816565             391                           4163                          0.012925646574639488          
478                           9                             661.6572831606165             167.48575828150533            555                           5229                          1.0374550340660713            
797                           9                             121.5932649428928             27.3307392238305              90                            913                           1.4681791368004278            
1030                          9                             661.6572831606167             165.91624809533104            546                           5194                          0.23855119689682197           
1054                          9                             661.6572831606168             162.5257361239914             547                           5256                          1.4484033156976612            
1471                          9                             447.26493599522433            116.7247861501515             379                           3573                          1.441791256775634             
1613                          9                             661.6572831606165             168.21258038754019            553                           5148                          1.00996250130172              
1932                          9                             661.6572831606168             169.91734733869583            567                           5247                          1.4657037114630116            
2584                          9                             661.6572831606165             166.5988351307937             548                           5411                          1.4973800194607096            
3330                          9                             552.0831541399428             136.48237858285583            449                           4428                          1.4597663445507343            
3553                          9                             268.91082894066733            63.661081180040746            212                           2013                          1.1928408377882813            
4030                          9                             661.6572831606167             158.50364027194337            522                           5168                          0.5572667471747448            
4185                          9                             661.6572831606164             178.49916211970856            590                           5386                          1.3870563861867153            
4517                          9                             43.268358230546646            11.083052508952171            37                            324                           1.5622816157267954            
4826                          9                             661.6572831606165             154.15976614500312            511                           5107                          0.0972372773481933            
4911                          9                             661.6572831606167             165.1612419917908             547                           5134                          1.3482720508984087            
5927                          9                             661.6572831606168             167.25564571180152            547                           5299                          1.4447765558529815            
6269                          9                             661.6572831606163             166.58772866964762            547                           5238                          1.4555329174758316            
6369                          9                             661.6572831606165             170.3480235756492             566                           5280                          1.4509042997664356            
7972                          9                             661.657283160617              162.6712542549059             533                           5266                          1.4925956470304946            
8102                          9                             305.8734006295025             68.27542124614065             232                           2375                          1.4180296961457604            
8226                          9                             31.81893862396781             8.545825609531942             27                            218                           0.6066782485179354            
8430                          9                             661.6572831606167             176.60409997203658            578                           5346                          0.07310556402889724           
8558                          9                             661.6572831606163             172.98144736666967            572                           5294                          1.5375376251906934            
8740                          9                             661.6572831606165             169.64970929051665            560                           5301                          1.5165933555822102            
8846                          9                             31.81846464134824             7.35920758877691              24                            229                           1.485234741422472             
8943                          9                             661.6572831606165             163.49047177961046            542                           5395                          0.06476557925890217           
10276                         9                             661.6572831606164             153.49113517111945            514                           5166                          1.4370269639862103            
10994                         9                             6.172991772946723             1.4580960956718396            4                             42                            1.3523705689638077            
12090                         9                             435.4053682873483             113.16117247869656            372                           3409                          0.011465110753029289          
12752                         9                             3.802154736903707             0.0                           0                             23                            0.9879453410371637            
13338                         9                             661.6572831606164             161.10485403951898            528                           5421                          0.0                           
13389                         9                             661.6572831606163             166.83012890671966            561                           5313                          0.0                           
13814                         9                             438.23596341862515            114.08417698781469            381                           3580                          1.4028712791098548            
14586                         9                             203.21049046603747            51.27924307424479             171                           1596                          1.473159462336401             
14703                         9                             661.6572831606163             169.9384863756592             574                           5330                          1.0000334520612746            
14756                         9                             661.6572831606165             177.84810857193733            584                           5300                          0.4505132986777396            
14913                         9                             661.6572831606168             141.217687400211              469                           5137                          1.5039876269603467            
15195                         9                             661.6572831606162             160.23656327118388            532                           5421                          1.549005774376392             
15259                         9                             661.6572831606168             174.82632965888888            571                           5383                          1.235737727002903             
15263                         9                             661.6572831606165             159.16023379091538            522                           5213                          1.4099473750496458            
15327                         9                             661.6572831606168             173.88784015149687            573                           5182                          1.5226306988115637            
16122                         9                             661.6572831606167             172.27266427458667            568                           5374                          1.3884399890417032            
17047                         9                             661.6572831606164             168.2891317751211             552                           5389                          1.5214816442899441            
17144                         9                             661.6572831606167             156.7033654645418             517                           5259                          1.506442737403352             
17597                         9                             661.6572831606164             161.09819526988593            541                           5369                          1.4659417112104522            
17802                         9                             32.20543714149605             8.573946730544314             27                            237                           1.3693471987459032            
18371                         9                             661.6572831606165             153.4819815289016             512                           5380                          1.4226635215188832            
19229                         9                             32.20542023330074             8.8767949604783               29                            220                           0.07303322723446608           
20144                         9                             267.38600129039594            65.49906349782687             218                           1953                          1.3498646856360792            
21002                         9                             32.205821500534654            5.986411187154863             21                            227                           0.07696265661408627           
21382                         9                             75.25000000000001             15.75710920142986             53                            570                           0.5758959445842653            
22626                         9                             183.6298690609294             41.933429466138705            138                           1359                          0.053920256837555997          
22643                         9                             106.76541841676017            30.058242552209272            97                            821                           0.14029882221195916           
23797                         9                             96.15062742373382             20.081411916401763            66                            755                           0.3656413014808003            
24591                         9                             661.6572831606167             171.78278899087613            559                           5350                          0.25912614868475714           
25049                         9                             661.6572831606168             157.83412311359754            519                           5149                          0.1741285527347717            
25120                         9                             367.35316789306216            97.96700864989978             320                           2850                          1.4908297762593818            
25855                         9                             210.83293877712146            49.60099636294596             165                           1600                          1.3751876760655817            
26166                         9                             661.6572831606168             166.58673858938124            550                           5169                          0.8551404101868698            
26729                         9                             661.6572831606165             164.81290259284617            545                           5247                          0.43602835689226765           
26801                         9                             661.6572831606163             155.39300789612255            519                           5310                          1.4583941868870538            
26921                         9                             200.59906790999725            48.44694300259228             162                           1557                          1.4421549196735468            
27183                         9                             661.6572831606165             158.68223775747433            523                           5278                          1.3654493614692083            
27605                         9                             661.6572831606164             173.54999729464132            573                           5364                          0.42460434001316305           
30075                         9                             661.6572831606165             164.24902241947055            545                           5123                          1.3858287734014558            
30761                         9                             526.0493825297159             130.8265122764398             435                           4157                          1.5174591857836783            
30920                         9                             275.0088600354688             68.12805353641654             226                           2124                          1.4433080515187187            
31218                         9                             661.6572831606165             165.956225999262              548                           5255                          1.1487698902704748            
31351                         9                             584.2502831606166             149.9770915393031             497                           4615                          0.598167595443665             
31405                         9                             530.4371723704346             136.24081214526763            458                           4315                          1.4482799116509013            
32166                         9                             68.77796800543878             16.981426784300357            57                            515                           1.3142579897531623            
32388                         9                             661.6572831606167             167.71231230939102            556                           5043                          1.2056812338247802            
32685                         9                             555.3866116072978             130.29596707944762            434                           4397                          0.1499897354079946            
33474                         9                             83.96607075710676             20.95796122449326             69                            639                           1.4724095293404282            
33889                         9                             661.6572831606167             158.03531509717953            517                           5257                          1.151520211806108             
33909                         9                             32.20558861875253             5.3695918661191255            18                            239                           0.182784030903194             
34502                         9                             661.6572831606164             164.94724067914228            553                           5360                          1.3767221979641056            
34775                         9                             573.201082597671              140.31407496631653            471                           4638                          0.0478689252222051            
35115                         9                             100.94763170918142            22.37872779864005             76                            801                           1.456980131192021             
35305                         9                             661.6572831606168             178.0327344933024             586                           5332                          1.2374081881340675            
36923                         9                             165.4572775848185             40.56486786735119             132                           1347                          0.19743261849014368           
37120                         9                             661.6572831606169             167.53587336089348            560                           5387                          1.5511761161927087            
37522                         9                             37.260857187361914            9.69148841718995              33                            316                           0.35021094665244146           
37873                         9                             661.6572831606167             154.85001526340542            528                           5349                          1.4777400627913762            
38036                         9                             661.6572831606163             170.43611769560908            580                           5302                          0.08723294715706081           
38158                         9                             204.03347141155638            52.73674820688774             179                           1601                          1.38115054679053              
39219                         9                             661.6572831606165             161.95490315622962            538                           5119                          1.5191877719625486            
39707                         9                             661.6572831606167             159.24281383274416            531                           5309                          0.4670713407581263            
39856                         9                             661.6572831606165             153.88875117251584            509                           5044                          1.4241890305587053            
39894                         9                             661.6572831606163             163.10999588842395            534                           5281                          1.3972465505117633            
40138                         9                             586.5932831606166             147.28388951090847            491                           4523                          1.352286635541291             
40194                         9                             99.72989084749861             24.507732625953984            80                            718                           1.420472966589739             
40559                         9                             661.6572831606168             165.45768541427674            549                           5255                          1.2978778433136684            
40565                         9                             661.6572831606164             173.6966474023927             564                           5376                          0.21179890642959182           
41068                         9                             661.6572831606167             158.3091750848197             530                           5127                          1.4523669458017754            
41476                         9                             661.6572831606162             156.33210159269126            519                           5304                          1.505274986074066             
41852                         9                             268.0037992844048             64.52641797533751             215                           2120                          1.3951615620674964            
42835                         9                             148.33511112183396            35.27560340664771             115                           1150                          1.3701088245415476            
43985                         9                             470.021915615934              115.93507144595172            387                           3803                          0.566133011521357             
44869                         9                             98.37256506180944             23.071730892634182            75                            713                           0.30650464468987154           
45410                         9                             400.31155841348163            84.86934490150762             285                           3150                          1.0231052030443517            
45802                         9                             35.30217001613456             8.739504259209689             28                            271                           0.1993792044549065            
46109                         9                             661.6572831606169             171.57780918838847            567                           5376                          0.746459564777628             
46718                         9                             228.14359482921162            56.875211193374554            185                           1772                          0.07614817289247389           
46874                         9                             44.806961029854705            11.166069592527329            36                            339                           1.5038333908874835            
47158                         9                             661.6572831606163             161.0271747823987             528                           5230                          0.49483724925310313           
48441                         9                             661.6572831606165             171.67688041687896            572                           5032                          0.09549822539812254           
49375                         9                             661.6572831606164             179.0759331585068             588                           5450                          1.4012640967873886            
49401                         9                             661.6572831606165             161.61368898935643            547                           5325                          1.5113121868093942            
49465                         9                             308.88442289446624            66.02913228170819             221                           2387                          1.5624503519527586            
50164                         9                             483.2305056716597             104.65777024448991            345                           3592                          1.4337517209970558            
50464                         9                             661.6572831606167             157.64929156129108            528                           5269                          0.5788619966825898            
50503                         9                             536.9417947201761             130.7536610093053             432                           4009                          0.9135080739092457            
50615                         9                             463.8788122158419             120.64487652557726            394                           3666                          1.3946370348210695            
50789                         9                             352.703284955107              88.60084109640509             292                           2771                          1.1423402790089212            
50890                         9                             107.22796073508705            22.353492499790374            74                            798                           1.0521680709188668            
51097                         9                             98.47713314977558             26.434219216957526            86                            714                           0.7733246151479566            
51230                         9                             661.6572831606168             174.03017173538612            573                           5356                          0.19677894788753994           
51956                         9                             661.6572831606168             161.01412892771353            546                           5133                          0.2303694221598373            
52206                         9                             661.6572831606163             165.02433197477444            544                           5243                          1.5152773004305184            
53478                         9                             661.6572831606167             155.06042748633175            515                           5405                          1.4291922566346011            
54947                         9                             362.1029164245472             99.06790474686508             334                           2948                          1.4419030391404855            
55181                         9                             111.59346587574446            28.369100025911948            94                            893                           1.3611939477472461            
56238                         9                             661.6572831606164             168.00200873154972            552                           5325                          0.8815906987406592            
58560                         9                             661.6572831606162             175.99018135086982            583                           5454                          0.2494063776919034            
58582                         9                             661.6572831606163             168.29824665665825            552                           5468                          1.461220193268604             
58958                         9                             263.724979766567              72.63314909745043             240                           2111                          1.5399517553040778            
59250                         9                             524.5051619543218             129.6065479415979             441                           4123                          1.4658156254084318            
59665                         9                             661.6572831606164             159.64571892971543            532                           5431                          0.6330681705645493            
59711                         9                             661.6572831606164             163.2827143763891             542                           5298                          1.1532767432076794            
60017                         9                             661.6572831606165             151.763669856925              498                           5335                          1.4040279800528215            
60141                         9                             661.6572831606164             162.77562781578047            534                           5253                          1.4313860214125653            
60181                         9                             661.6572831606164             155.50667110835306            518                           5297                          1.32402295134643              
60328                         9                             296.5332859924062             72.53037286802798             233                           2351                          1.418503290097651             
60908                         9                             343.5503950039529             90.41716202155376             298                           2663                          1.367446825195565             
62037                         9                             661.6572831606169             161.0468093639364             534                           5291                          0.6257879732042163            
62354                         9                             582.3971855717047             139.8242894066539             462                           4652                          0.7887117568090778            
62968                         9                             13.18434980098404             1.9554427149811713            7                             87                            1.4088017025114254            
63075                         9                             285.24080880821145            71.42217736802239             235                           2275                          1.2210226513205549            
63234                         9                             639.8167966725414             151.20315848927584            504                           5096                          0.01828516492913978           
63680                         9                             661.6572831606167             162.85706063247918            540                           5355                          0.6204487078004968            
63817                         9                             596.3767063819894             152.6853529426278             505                           4794                          1.329124802252958             
64538                         9                             98.9147621106593              22.57277855782406             77                            749                           1.4337364739363285            
65158                         9                             32.20554201734328             7.5029387480596785            24                            227                           1.337188258315594             
65237                         9                             589.2315703095414             154.0538056131314             522                           4690                          0.20152874171007643           
65906                         9                             129.9863469530297             35.95621634121942             120                           1024                          0.0651034456273965            
66271                         9                             661.6572831606167             159.74834324556306            542                           5374                          1.3667078875989587            
66713                         9                             661.6572831606163             160.1544198942365             523                           5274                          0.3180859367807191            
67289                         9                             32.20544932316978             8.229761271466602             27                            225                           1.417672795298425             
68249                         9                             661.6572831606165             163.91074316028607            545                           5188                          1.3946893923377588            
68461                         9                             661.6572831606162             170.43151830720697            552                           5234                          0.07185847459696564           
68470                         9                             661.6572831606165             150.76505392248455            509                           5229                          1.439686706266305             
68545                         9                             187.47732295728332            47.23198941556036             157                           1425                          1.4712016301859476            
68552                         9                             661.6572831606165             188.55452017462602            624                           5416                          1.3385101267625545            
68924                         9                             492.36217793794157            121.32469956971127            398                           3786                          0.41188462990750474           
70055                         9                             595.3835846553638             152.80755337681458            512                           4752                          1.6547607736009455            
70090                         9                             661.6572831606162             163.288398280013              545                           5346                          1.055743638161601             
70574                         9                             229.06440524845345            59.23346682972993             200                           1802                          1.3489220281230254            
71402                         9                             654.2255732631917             172.07001884266325            572                           5122                          1.4360148867475813            
71483                         9                             661.6572831606165             175.40410349187238            591                           5271                          0.5253422235354148            
72076                         9                             661.6572831606165             168.5309016889336             568                           5280                          1.5107696956686794            
72088                         9                             661.6572831606168             168.13727910129305            561                           5214                          1.5506284208113528            
72259                         9                             36.39191772247928             6.595012993380129             23                            260                           1.491770594202129             
72281                         9                             380.2410355721344             90.92029902114578             300                           3012                          1.4774963095999527            
72409                         9                             88.01100000000001             21.977939320643607            71                            674                           0.05917148158071807           
73378                         9                             661.6572831606167             154.9322930114432             519                           5219                          0.7976205084337324            
73619                         9                             661.6572831606163             168.52149790679286            571                           5291                          0.1900013140045339            
73932                         9                             128.01654470307085            26.504456745525843            89                            921                           1.3649073612282625            
74120                         9                             661.6572831606165             166.18220517117038            554                           5222                          1.494337628551893             
74354                         9                             243.3613372081569             63.1421906409224              210                           1955                          0.23379040827655914           
74422                         9                             127.47316498964531            33.614338237741414            109                           997                           1.4578060090028946            
75264                         9                             571.147549111017              136.6797371629241             453                           4445                          0.553508875569136             
75972                         9                             370.60405156392727            75.78086226660439             256                           2697                          0.28939857816751635           
77218                         9                             661.6572831606165             176.06233705264063            584                           5308                          1.1971382179170158            
78061                         9                             661.6572831606165             143.38588361076035            478                           5113                          0.6684188768196386            
78249                         9                             661.6572831606168             158.53062703700752            524                           5171                          1.5425218819865956            
78265                         9                             626.8584001455629             152.8579312910672             507                           4825                          1.2621778081033797            
78523                         9                             287.72142828766624            65.20109547942484             214                           2188                          1.3865614638248043            
79321                         9                             50.3951378442764              16.290510214377527            54                            411                           1.3428693058886538            
79897                         9                             483.544821957534              137.5579019009166             451                           3891                          0.5677115478674879            
80118                         9                             661.6572831606169             158.52459813139328            524                           5329                          0.14121237163546754           
81062                         9                             661.6572831606165             153.8688528787083             506                           5308                          1.1978511590222012            
81610                         9                             661.6572831606165             176.49576855588143            576                           5451                          1.3839403410848825            
82372                         9                             661.6572831606167             164.13704682330308            540                           5074                          1.3406691794772145            
82537                         9                             661.6572831606165             173.03799996613375            577                           5148                          1.5354772166811248            
82854                         9                             302.8504001376796             69.97165395992053             230                           2301                          1.4306048082224492            
83109                         9                             586.5932831606167             152.24499339586166            510                           4786                          1.5193208724864575            
83110                         9                             61.015270637682534            13.668383492007756            43                            449                           0.6119768304138661            
85018                         9                             190.54942395650824            31.755645171893754            107                           1261                          1.3381924966203584            
85105                         9                             41.48076689387142             9.377997324659653             31                            312                           0.11727877474708251           
85899                         9                             661.6572831606165             160.42398429812513            525                           5203                          0.28406086849264245           
86244                         9                             576.3033185627396             151.43051906484857            494                           4720                          0.08150079994883588           
87197                         9                             661.6572831606163             170.13035240863871            563                           5410                          1.3944918734209288            
87414                         9                             661.6572831606163             156.7882103173044             519                           5165                          1.3122523733978555            
87795                         9                             661.6572831606163             162.61028598691462            545                           5183                          1.4896757577356194            
88437                         9                             661.6572831606167             166.41733427202433            548                           5314                          1.3732657270052617            
88560                         9                             661.6572831606165             160.33320459376796            525                           5498                          1.4351267926577875            
88922                         9                             108.19659843376228            26.80742397202601             88                            845                           1.4486812925298864            
89666                         9                             661.6572831606165             178.45463652159015            589                           5508                          1.3921810670646564            
89852                         9                             326.8298757459419             85.02639360715298             278                           2517                          0.2321765055064212            
90198                         9                             661.6572831606163             176.83783729728992            590                           5300                          1.5630187746534252            
90203                         9                             211.7576691117462             49.0930056948587              166                           1627                          0.7412358546570256            
90276                         9                             162.91888927855334            45.398085543469314            151                           1280                          1.5549028581803115            
90383                         9                             65.57252689751348             12.70186776474581             42                            447                           0.4354601437092618            
90871                         9                             522.0465410253167             124.7023554479985             412                           4271                          0.3968857715182298            
91716                         9                             661.6572831606167             169.1964685813088             563                           5302                          0.11041435821610308           
91740                         9                             392.8689593559109             100.65234663297967            326                           3175                          1.093221419485201             
92200                         9                             661.6572831606167             174.67996251958598            572                           5389                          1.4816021540133335            
92741                         9                             661.6572831606165             153.9582904229344             517                           5230                          0.8727101429719557            
93194                         9                             661.6572831606165             166.4608579314338             546                           5218                          1.5292400924242866            
94347                         9                             661.6572831606165             170.23554568878723            564                           5270                          1.3630840677898641            
94800                         9                             160.46447698896566            41.767816744484364            138                           1208                          1.45002425095535              
95438                         9                             517.2727938823489             126.37946312117603            416                           4145                          1.4911439127964496            
95582                         9                             661.6572831606164             173.62953998305994            582                           5284                          0.36813314318563434           
95640                         9                             661.6572831606165             148.87080679061853            490                           5136                          1.100976814300598             
95913                         9                             661.6572831606164             155.22009839505967            517                           5189                          1.536149960359524             
96487                         9                             652.3244326588934             168.50662897121896            565                           5175                          1.303521764417476             
97023                         9                             661.6572831606164             150.0836406679017             501                           5015                          1.364797079708142             
97365                         9                             661.6572831606169             161.01913764538142            531                           5254                          1.4877775603305143            
98589                         9                             661.6572831606164             162.75533868551605            545                           5216                          1.320224025551056             
99951                         9                             661.6572831606164             155.45100794562987            520                           5068                          1.4060030990520995            
711                           10                            661.6572831606165             149.01541934927053            498                           5481                          1.432660492317762             
1097                          10                            3.8161277816194383            0.37756169175350446           1                             22                            1.37734281940922              
1277                          10                            661.6572831606167             148.40570277059408            496                           5226                          1.3115499279644967            
1337                          10                            661.6572831606163             152.3476567995269             507                           5102                          0.00298714239063057           
1382                          10                            661.6572831606164             155.26587699863725            522                           5344                          1.307025115409095             
1505                          10                            512.9986001413612             130.0264582343679             428                           4077                          1.341210514254474             
2002                          10                            661.6572831606164             137.76447226780775            454                           5182                          1.3693615419863032            
2424                          10                            575.0896590850251             138.11132248583488            456                           4620                          1.1350304468019878            
2535                          10                            661.6572831606167             147.08025541991668            496                           5263                          1.2009330734140342            
2571                          10                            534.6008115095387             125.99166675328117            425                           4247                          1.2065680933174692            
2680                          10                            193.88561706680966            46.00444834309444             155                           1502                          1.302523783559577             
3094                          10                            128.37318436512285            34.75578899445592             117                           1072                          1.1171789939292187            
3107                          10                            121.01658516891915            31.1812639607768              102                           977                           0.40678093637349655           
3389                          10                            661.6572831606164             147.73705385417566            483                           5269                          0.30770945188257515           
4330                          10                            51.71987856829459             13.973804364790306            46                            422                           0.27412028761752777           
4594                          10                            168.92057592701735            36.85710004858878             118                           1335                          1.2849972836592314            
4618                          10                            661.6572831606167             152.13213688815205            502                           5271                          0.12292509649662066           
5208                          10                            661.6572831606165             165.6278913373252             549                           5192                          0.3163387851026504            
5454                          10                            661.6572831606164             159.37458136093724            528                           5299                          1.3242531170526033            
5863                          10                            34.80668107054586             6.693633298116476             23                            260                           1.4479384950297787            
5938                          10                            31.81887624027838             5.780880882943028             20                            229                           1.3983786300971928            
6269                          10                            604.2903047948812             132.20353463518995            436                           4819                          0.059784320179135486          
6837                          10                            220.9355131414779             50.11148427025188             162                           1697                          0.05182082402383863           
6929                          10                            661.6572831606168             151.25024577807008            498                           5221                          1.152246987068514             
6933                          10                            23.04614627873071             4.149234369368671             14                            174                           0.434691968992736             
7193                          10                            661.6572831606165             142.5089519160743             476                           5134                          1.3200551697769696            
7195                          10                            661.6572831606167             157.14334477745965            509                           5200                          0.036558377319093296          
7343                          10                            661.6572831606168             158.6526798664907             520                           5308                          1.2524646394429402            
7393                          10                            661.6572831606164             162.2654428625579             540                           5287                          1.3574337707287292            
7476                          10                            661.6572831606164             156.92915315368262            517                           5260                          1.38094277925902              
7505                          10                            661.6572831606165             153.85706535899604            522                           5394                          1.4280493245286734            
7711                          10                            661.6572831606165             156.3959277831163             512                           5207                          1.3676079224115203            
8136                          10                            661.6572831606165             168.1125052709952             563                           5472                          1.361641576615781             
8743                          10                            661.6572831606163             154.27747853257236            510                           5208                          1.359705914734012             
8779                          10                            661.6572831606163             135.88826692758275            450                           5114                          1.482838646055995             
8895                          10                            661.6572831606165             154.75900379328763            509                           5378                          1.3506119563511776            
9504                          10                            661.6572831606162             152.88478797168733            514                           5264                          1.1884493094348232            
10203                         10                            37.26047069904435             3.9541952179218987            13                            270                           1.3505892743145904            
10287                         10                            661.6572831606168             159.11812629568172            519                           5322                          1.3471237410698638            
10464                         10                            661.6572831606167             148.3394515655009             491                           5118                          0.03423932437744466           
11089                         10                            661.6572831606168             148.68595655254185            505                           5179                          1.3809639844698016            
11325                         10                            401.16874113010476            95.12707617361052             307                           3291                          1.2986022130140542            
11732                         10                            661.6572831606165             145.26592485876282            474                           5234                          1.3191951185193973            
11772                         10                            574.5815354397114             130.7159469669339             435                           4622                          0.8218856236834299            
11896                         10                            661.6572831606168             151.04519602192792            497                           5216                          1.2670010312240336            
12736                         10                            223.9649430120511             60.1000888867582              197                           1722                          1.151517490732655             
13324                         10                            661.6572831606165             155.9083946462648             509                           5416                          1.3162622226256642            
13774                         10                            661.6572831606164             156.7675212032558             524                           5175                          0.5238709877265788            
13800                         10                            281.14502917605023            69.11988967056779             234                           2320                          1.3531628988406743            
13866                         10                            661.6572831606164             148.5387409052268             502                           5266                          1.3783551527833358            
14250                         10                            661.6572831606164             145.37919758296746            478                           5137                          0.6127037155433653            
14277                         10                            661.6572831606169             157.38288894033104            520                           5328                          1.32008598066101              
14395                         10                            283.14685015895583            60.67165476676652             201                           2279                          1.2665948081720664            
15687                         10                            661.6572831606163             140.65480336596576            471                           5293                          1.3795988648271793            
16095                         10                            661.6572831606167             160.89735524380436            545                           5430                          0.5302096490544818            
16457                         10                            393.55488054937626            100.11685036350235            335                           3296                          1.239060986320621             
16840                         10                            227.3987340744087             45.39585771061796             153                           1648                          1.43197281532419              
16996                         10                            661.6572831606165             139.4064643287073             459                           5054                          0.8789331692596176            
17025                         10                            586.5932831606166             132.11968646507637            436                           4530                          0.4025447242814778            
17384                         10                            661.6572831606163             164.1253054408648             542                           5287                          1.214423210320831             
18294                         10                            598.5792124519223             132.9404670500638             438                           4761                          1.155078176011465             
18971                         10                            32.205428642031634            5.978947852269078             20                            224                           1.4298765464315468            
19031                         10                            661.6572831606167             155.39186036985365            524                           5319                          1.1590181457313662            
19086                         10                            14.234324270978872            2.764868700345556             10                            108                           0.052467738807049843          
19757                         10                            520.1094846835556             124.76995616576109            418                           4072                          1.3802575749411772            
19813                         10                            661.6572831606168             140.17779560792064            462                           5020                          0.02557385035241002           
20682                         10                            661.6572831606163             157.44458959512576            524                           5273                          1.0992459779941708            
20925                         10                            411.09087106456155            89.49044156201855             300                           3193                          1.2227792955830394            
21010                         10                            661.6572831606165             161.20824767499067            532                           5293                          1.3842732426839084            
21257                         10                            661.6572831606164             147.17591315723345            487                           5302                          0.7905770694101841            
21363                         10                            609.4105528172488             145.29558228363635            492                           4800                          1.4059835198210813            
22066                         10                            123.1138610286106             28.31781061010416             91                            964                           1.2924402236807553            
22220                         10                            661.6572831606165             162.29711564406884            536                           5430                          1.2881041976461531            
22414                         10                            661.6572831606164             164.37074318214627            549                           5133                          0.24398868070461213           
22664                         10                            661.6572831606168             166.48378952878784            556                           5365                          1.4236246086708615            
22714                         10                            661.6572831606165             160.21971993871807            527                           5428                          1.451487758437608             
22887                         10                            661.6572831606162             148.5372373375914             490                           5384                          1.4640987957097054            
23571                         10                            661.6572831606164             168.60751378801473            561                           5095                          1.4019546097673117            
23652                         10                            661.6572831606167             149.2797296013964             500                           5139                          1.2943169742515737            
23973                         10                            661.6572831606165             166.93861308770792            547                           5098                          1.4845377210538155            
23999                         10                            247.52232499451003            59.13802077879159             193                           1883                          1.3175895938460864            
24032                         10                            661.6572831606165             142.38220154674622            472                           5159                          1.4543314355163166            
24137                         10                            235.75338612016242            45.240603779440804            145                           1747                          0.5121440280211305            
24183                         10                            661.6572831606167             160.6558695376663             535                           5092                          1.2476704337389104            
25079                         10                            661.6572831606164             149.2388603394675             500                           5361                          0.38821741507825547           
25314                         10                            585.2484063591307             142.86200849858378            471                           4543                          1.4145770306906487            
25458                         10                            643.6893692556931             149.5528196979044             494                           5068                          1.3126272133730943            
25892                         10                            192.49644984462145            43.40586048046676             143                           1490                          1.2476096180774299            
26784                         10                            360.3178534350418             81.40715746233913             273                           2783                          1.3077640966609965            
27458                         10                            661.6572831606168             165.43070094700707            549                           5240                          0.3789185839294964            
27505                         10                            32.205483061176196            7.392330403492143             24                            211                           0.7185601711941979            
27618                         10                            142.86325583467746            33.59575678673969             113                           1097                          1.454732941032681             
27669                         10                            661.6572831606165             148.01585488303172            482                           5179                          0.06456823620386208           
27786                         10                            489.80775616741107            121.59856981452666            404                           3767                          0.30026818523985543           
28482                         10                            602.3461283332044             178.98510330317578            591                           4892                          1.2849708884698487            
28721                         10                            661.6572831606167             160.2291438609482             518                           5195                          1.067415505400882             
29048                         10                            661.6572831606164             162.70673502154636            541                           5341                          1.561632837047748             
29201                         10                            661.6572831606163             152.41690549262657            503                           5301                          1.3854002423860214            
29326                         10                            537.6319236558259             124.63376750031453            409                           4258                          1.4267732677817144            
29629                         10                            3.086078015921867             0.0                           0                             21                            1.3332588224588937            
29691                         10                            661.6572831606164             139.82614681071948            464                           5240                          1.084239206873745             
30434                         10                            661.6572831606167             159.76641210555192            529                           5285                          0.0                           
30798                         10                            661.6572831606162             159.817199644068              531                           5240                          0.0                           
30858                         10                            87.02759557729799             20.05067484146119             65                            701                           1.2281660953880058            
31065                         10                            661.6572831606164             150.4599492943636             497                           5148                          1.3994377479261284            
31147                         10                            661.6572831606169             151.8218188556248             511                           5274                          1.4042256081165743            
31440                         10                            458.22737675167826            97.60770057775309             328                           3525                          0.17208419244094741           
31814                         10                            641.8758326292493             137.3090404653654             458                           4686                          1.321409594787426             
32042                         10                            661.6572831606168             142.35639914680982            472                           5229                          1.3420255179816256            
32050                         10                            175.84477953561492            46.50122412828092             151                           1351                          0.8621715520828951            
33039                         10                            661.6572831606165             177.39013307201617            587                           5117                          1.2085498612876266            
34689                         10                            235.42591380383863            51.096175935977094            171                           1722                          1.2502981208846218            
35284                         10                            661.6572831606162             170.61696852342067            573                           5277                          0.4023327754368692            
36407                         10                            450.94960430423424            120.01773550192534            394                           3562                          1.5564225076430291            
36919                         10                            661.6572831606165             160.075159034082              528                           5058                          0.45212087524630784           
37894                         10                            661.657283160617              161.58599311784423            536                           5327                          1.5027231099109746            
38151                         10                            47.91941174229375             12.551131000414285            39                            389                           1.0441870874480188            
38237                         10                            661.6572831606167             149.30651939546178            501                           5295                          1.395656187072327             
38959                         10                            661.657283160617              179.3361671495772             592                           5278                          1.4159181626927004            
39074                         10                            163.40035686771407            36.792209591853954            121                           1222                          0.10542547959372765           
39087                         10                            579.8528009136712             134.67465852267537            450                           4687                          1.3218825646116021            
40006                         10                            661.6572831606163             141.78959912221453            471                           5131                          1.5667190144217353            
40377                         10                            661.6572831606163             158.0598563788884             520                           5285                          0.3218819307185286            
40957                         10                            661.6572831606165             165.18925349756364            548                           5255                          1.1850613179441956            
42089                         10                            661.6572831606165             147.9594861177426             484                           5258                          1.2455031871909785            
42836                         10                            661.6572831606169             169.55602436031006            556                           5504                          1.3852593033688363            
43052                         10                            661.6572831606167             150.2596762332235             497                           5032                          1.4455514372334581            
43332                         10                            404.83145499643416            85.29703189741761             281                           3135                          1.2813718668164151            
45021                         10                            661.6572831606165             169.22400196271138            558                           5254                          1.473886337669755             
45351                         10                            603.069192130812              131.58709652650552            442                           4807                          1.311239290715753             
46177                         10                            570.5277410323212             139.96176026442348            463                           4263                          0.7429592971351068            
47173                         10                            661.6572831606164             159.7040232542749             526                           5406                          1.4771178637264428            
47456                         10                            661.6572831606165             157.8813096836739             519                           5276                          1.1605384264764702            
47504                         10                            275.8709991992712             56.678622105833455            193                           2098                          1.2220330491379103            
47508                         10                            661.6572831606165             155.06233554373858            520                           5288                          1.3960913840504765            
48156                         10                            183.41467547449045            48.28235122487057             160                           1453                          1.3787280495319103            
48560                         10                            661.6572831606164             159.6392622805566             526                           5151                          0.504618242522876             
48983                         10                            661.6572831606163             155.3513095045767             517                           5372                          1.3725874366212836            
49808                         10                            661.6572831606168             149.56014905245357            502                           5294                          0.4232908307019162            
50115                         10                            298.65269377060065            73.68113437921102             241                           2216                          1.3968178634327302            
50535                         10                            661.6572831606165             153.27219593170759            518                           5300                          1.3658763168969443            
51259                         10                            661.6572831606165             156.86030715952774            518                           5382                          1.3169894874845771            
51650                         10                            139.37001459180092            35.843445159154726            118                           1072                          0.6460713385407043            
51841                         10                            661.6572831606162             165.1196813017946             550                           5411                          1.3567500008478157            
51949                         10                            661.6572831606167             156.4942258495247             518                           5170                          1.3725994436544995            
52328                         10                            473.0007812078384             112.53969403457887            367                           3581                          0.31181549300104894           
53263                         10                            661.6572831606167             143.86649849381485            476                           5202                          1.4508271979926552            
53379                         10                            661.6572831606165             134.7196505212123             447                           5059                          1.3732433974744813            
53635                         10                            661.6572831606163             155.907757689357              512                           5294                          0.9744116084235313            
53769                         10                            661.6572831606162             154.85441894326854            509                           5318                          1.2587195004194656            
53831                         10                            661.6572831606165             152.66929785010564            495                           5120                          1.1775187341638944            
54241                         10                            661.6572831606169             153.47617262771777            508                           5278                          1.362305985403351             
54438                         10                            395.2197972105191             90.36520735281522             301                           3087                          1.3484336931600132            
54912                         10                            661.6572831606165             149.29738250220518            501                           5267                          1.3203661407196954            
55046                         10                            162.04484292467754            37.5042998128667              118                           1251                          1.3470183547536998            
55085                         10                            661.6572831606168             164.53296089390696            548                           5226                          0.795010274655934             
55282                         10                            661.6572831606164             148.0628007875038             494                           5184                          1.3159324504041634            
55370                         10                            661.6572831606165             162.30152189054994            538                           5302                          0.31725100540986756           
55508                         10                            661.6572831606164             162.26200903469137            538                           5266                          1.4470757579600573            
55906                         10                            661.6572831606165             161.35910562692015            539                           5274                          1.3018840488151242            
56220                         10                            661.6572831606165             150.91976583799988            498                           5323                          1.4239162102824248            
56697                         10                            661.6572831606165             154.1764683648959             513                           5099                          1.4262027901365395            
57619                         10                            661.6572831606167             157.79670877148894            518                           5232                          1.4195185010401992            
57623                         10                            661.6572831606165             156.0079517274402             519                           5269                          1.3195390800858187            
57643                         10                            354.5395394032579             84.44154042358488             276                           2765                          1.3534575249822471            
57685                         10                            661.6572831606169             159.09473188440592            528                           5235                          1.3786144737768729            
57809                         10                            661.6572831606167             149.56290763357393            496                           5218                          1.364576714522421             
58644                         10                            661.6572831606167             158.89587330333947            528                           5298                          0.7324336678432338            
59053                         10                            211.99711416971155            49.39107632606145             169                           1686                          1.3941866364464213            
59178                         10                            40.09770905527925             6.491069687791658             21                            251                           1.3134302632343104            
59724                         10                            32.20539414047695             7.6716990271318535            25                            220                           1.3944598770017644            
59888                         10                            661.6572831606168             165.9568533234063             546                           5190                          0.4389157680651315            
60266                         10                            661.6572831606165             154.61976813596803            521                           5383                          0.05707611115928772           
60404                         10                            661.6572831606163             148.03791962531966            492                           5067                          0.06633449569146248           
60698                         10                            580.5052169322503             130.49926002072655            429                           4440                          1.4489120784449279            
61630                         10                            661.6572831606164             150.552537714329              490                           5279                          1.3664134559434342            
63290                         10                            661.6572831606168             152.10679731686497            509                           5071                          1.2991933784884129            
63415                         10                            638.7765234086938             148.81450113937737            496                           5095                          1.1391422984724908            
64075                         10                            661.6572831606165             156.48602633754905            520                           5424                          1.3091837636269879            
64644                         10                            204.33830069222773            45.45695263009089             145                           1564                          1.3434792094371755            
65620                         10                            661.6572831606165             153.9514181090256             514                           5213                          1.3066822037832626            
66491                         10                            516.2454949208736             124.60875643171327            421                           4185                          1.3735992998310003            
66517                         10                            125.72766972254159            29.096549045994326            99                            995                           0.3896206229577171            
66900                         10                            661.6572831606165             143.68451295019352            482                           5035                          1.354922381596145             
67217                         10                            393.9900817094092             89.1387868773612              294                           3165                          1.102752475540688             
67456                         10                            661.6572831606165             160.809954839225              528                           5366                          0.2576995126672879            
68879                         10                            661.6572831606164             157.2768869341008             519                           5353                          1.2690824753079304            
68917                         10                            222.47268854857117            52.471173791032925            174                           1746                          0.779382033645984             
70113                         10                            661.6572831606168             163.77373197348135            536                           5288                          1.398338082518089             
70905                         10                            661.6572831606167             160.23038609133076            533                           5205                          1.3735656842581392            
71615                         10                            661.6572831606163             170.86273036980197            559                           5084                          0.4607623704385697            
72510                         10                            661.6572831606168             151.85159429459398            502                           5268                          1.4255342435052132            
73024                         10                            661.6572831606164             156.77791859467828            526                           5274                          1.4043129475763938            
73763                         10                            661.6572831606163             149.69883580705846            495                           5291                          1.4824368610533076            
74053                         10                            661.6572831606165             158.29477595322422            518                           5386                          1.330176528539084             
74603                         10                            91.20663902727455             28.54869671709322             96                            742                           1.3822149835120356            
75156                         10                            185.2267380676658             49.643992269353575            158                           1449                          1.3089422602479064            
75265                         10                            563.4682414745612             130.84455253145973            424                           4425                          1.3800290352378664            
75693                         10                            230.88312662289573            58.557353825427               191                           1888                          0.2522564260031385            
76548                         10                            46.06310371520606             8.863979050723225             30                            311                           0.42449387291290624           
76562                         10                            547.5513982957599             177.77052643491456            579                           4214                          1.1346444973290253            
76791                         10                            584.2502831606166             153.83365815510086            507                           4658                          0.5072373396398233            
76919                         10                            368.34873363118993            87.71727262403886             289                           2921                          0.08024453113634564           
78275                         10                            32.20553182100798             5.921530065167213             20                            217                           1.5434636866440044            
78617                         10                            562.6409852698048             135.8580201217377             450                           4415                          1.3425249374119335            
79322                         10                            661.6572831606167             152.3723309593379             503                           5265                          0.7650428767631907            
79437                         10                            610.9537575526417             132.26415874211617            447                           4874                          0.05296864801678279           
80270                         10                            661.6572831606168             156.2859899218606             518                           5330                          1.1923252187364053            
80829                         10                            314.7913045632811             74.27067193459456             246                           2521                          1.3351787416383587            
80881                         10                            58.36916983664853             13.07993980076565             42                            431                           1.1719426251343794            
81203                         10                            283.5396847269077             66.87147680106433             221                           2239                          1.3692674731701895            
81345                         10                            661.6572831606162             151.11585857880598            503                           5205                          0.6536032112735848            
81455                         10                            661.6572831606165             163.0273100478603             541                           5264                          0.11393734918033831           
82269                         10                            661.6572831606164             158.7410573835214             531                           5337                          0.5849636065310679            
82617                         10                            661.6572831606162             165.59949758743056            549                           5374                          1.3294182094358677            
82731                         10                            661.6572831606164             156.2592961510746             515                           5187                          1.4291024607687806            
82956                         10                            441.47081661629016            115.51044071672763            376                           3298                          1.399906267102112             
83511                         10                            191.13357725083807            46.69060133043486             154                           1503                          1.4510779982852688            
84156                         10                            32.205534089609465            7.409020693674969             26                            230                           1.36331338255606              
84300                         10                            661.6572831606164             144.54449039617396            481                           5176                          0.9981486292556176            
84451                         10                            263.3670642206662             62.94861638073617             207                           2078                          0.40697851369724825           
84761                         10                            334.39404222606703            78.47851765676107             259                           2626                          0.0683181894186857            
84791                         10                            661.6572831606165             152.2585967780466             508                           5180                          1.2703969692713135            
85495                         10                            661.6572831606169             165.23904407543853            547                           5567                          0.5475297698732116            
85796                         10                            661.6572831606167             149.27836052329022            500                           5326                          0.6873151350777661            
86084                         10                            661.6572831606167             159.42907479639194            524                           5331                          1.3391616851365074            
86763                         10                            661.6572831606164             159.80621506399382            528                           5275                          1.445415261769817             
86928                         10                            661.6572831606164             155.12680909889653            512                           5252                          1.3181588478922928            
86947                         10                            661.6572831606162             163.59997800658954            543                           5301                          1.388118365961609             
86976                         10                            431.566546605845              97.71250232276734             327                           3422                          1.3987842651460798            
87716                         10                            661.6572831606168             151.61315288720365            512                           5203                          1.3553161953667519            
88230                         10                            79.4419909620143              15.233265397484901            52                            586                           1.4329988623229557            
88421                         10                            361.0313677316366             79.02830779316433             264                           2805                          0.8603902751258088            
89011                         10                            661.6572831606165             161.95250913621632            527                           5216                          1.3414346853181414            
89259                         10                            661.6572831606168             156.12477588204374            515                           5249                          0.13505669031020137           
89687                         10                            661.6572831606164             165.58395638646667            547                           5336                          0.6978430453998687            
90177                         10                            202.45614654952382            42.734880025388506            150                           1580                          1.403077554968359             
90334                         10                            532.6813866012077             130.79199017882547            437                           4225                          1.364629638650583             
90636                         10                            661.6572831606165             156.5483795905739             529                           5303                          1.4488818102709966            
90637                         10                            661.6572831606163             144.03362560734067            477                           5273                          0.38630034415500064           
90729                         10                            661.6572831606164             151.79992800343706            504                           5111                          1.1499879062671363            
91068                         10                            343.7465578295366             76.42685601484723             257                           2575                          1.3842940308577596            
91212                         10                            250.9166626193946             62.12244812476952             208                           1860                          1.259522294220516             
91299                         10                            218.65377594711757            53.022937134362955            171                           1765                          1.3296602274239513            
91437                         10                            661.6572831606169             170.27709639131035            564                           5479                          0.6745338084031931            
92204                         10                            7.370216813987751             1.77511389907261              6                             52                            0.547440878790608             
92213                         10                            661.6572831606164             159.7298325011921             522                           5301                          0.45686460513762456           
92322                         10                            661.6572831606165             153.6831136070015             500                           5165                          1.4929463049951135            
92779                         10                            187.82343963660986            42.5260838612506              140                           1528                          0.0155721139441489            
92863                         10                            661.6572831606165             156.4107498513275             527                           5133                          1.3887413540580684            
92985                         10                            661.6572831606162             162.56296276574543            539                           5280                          1.3313218464302932            
93784                         10                            661.6572831606165             157.01260898108364            510                           5185                          0.37044088746453685           
94748                         10                            661.6572831606167             147.4749342762544             484                           5394                          1.388439972659565             
95536                         10                            52.32632970561456             10.131979724369497            35                            370                           1.4203999323557075            
96329                         10                            661.6572831606165             149.85975594975793            493                           5298                          1.366002287756825             
96476                         10                            661.6572831606165             155.51051188242442            521                           5342                          1.2856682366091783            
97073                         10                            284.48044555919705            66.72697745171571             226                           2077                          0.091251448362439             
98186                         10                            565.2852043726793             125.93106503778002            423                           4446                          1.3034135349624485            
99764                         10                            523.3663238035579             119.03638930380912            401                           4103                          1.3722150876313466            
525                           11                            337.69206572171487            76.93009955532735             249                           2665                          0.590326516904822             
997                           11                            661.6572831606163             164.52711407405707            540                           5255                          1.1136426423028571            
1421                          11                            661.6572831606167             151.39400726365747            500                           5258                          1.0528496818925643            
1883                          11                            10.000913763663853            2.7519416042171216            9                             75                            0.6653275250071987            
1922                          11                            661.6572831606167             145.18014019209195            486                           5199                          1.434547302869317             
1963                          11                            661.6572831606165             158.10299900890823            525                           5262                          1.3261458915095217            
2235                          11                            661.6572831606167             162.9143819404928             536                           5377                          0.023783860222588053          
3549                          11                            31.818797667669408            6.395031649669189             21                            216                           1.2794687702876026            
3924                          11                            661.6572831606167             149.86756582540715            497                           5099                          1.3839088003072746            
4791                          11                            360.3187570797294             78.38840569194446             259                           2829                          1.4219570487935065            
6125                          11                            661.6572831606164             161.32723480247645            535                           5321                          0.05572459721410808           
6930                          11                            171.0787228523288             40.945336060749774            139                           1366                          1.3126916973599356            
7050                          11                            661.6572831606167             158.59816053834382            521                           5260                          0.6845456932056999            
7197                          11                            637.6517544851047             158.21642966961903            524                           5013                          1.4128253825352866            
7657                          11                            661.6572831606164             167.83077728764377            552                           5253                          0.3628504724603502            
7682                          11                            661.6572831606165             149.32325087955255            498                           5126                          1.3803922416933931            
9117                          11                            453.9750369197918             110.11159096473655            362                           3658                          1.3854466913709085            
9584                          11                            566.596080306276              135.9293011573391             446                           4464                          1.465862730831449             
9773                          11                            661.6572831606169             165.55106668844513            553                           5269                          1.3148727690993385            
9873                          11                            73.7032749941776              14.062597463223465            46                            543                           0.9643140116941749            
10095                         11                            661.6572831606165             147.87796989764624            491                           5199                          1.1838158870089166            
10937                         11                            661.6572831606165             157.8165547139857             520                           5405                          1.4550373863384976            
11241                         11                            613.6541329382275             136.31400577289781            448                           4693                          0.12165102193358972           
12140                         11                            171.50473210846178            36.90076429555473             123                           1351                          1.2971264889078602            
12317                         11                            661.6572831606164             152.38647299475187            501                           5194                          1.3794043404465528            
12486                         11                            661.6572831606172             190.29201678569586            637                           5470                          1.1873383525269579            
13124                         11                            661.6572831606161             161.3086688823244             528                           5366                          0.3248431204446488            
13394                         11                            661.6572831606164             170.83124299087766            562                           5443                          1.332672951320455             
13500                         11                            661.6572831606165             148.70368823438508            496                           5125                          1.6751823426082768            
13645                         11                            661.6572831606168             153.45785903855176            513                           5295                          1.4024510504143604            
13646                         11                            644.4315614648276             146.62593662859163            484                           5000                          1.4895911305407776            
13951                         11                            661.6572831606163             166.3901547079464             549                           5424                          1.3092727978136633            
15403                         11                            652.5771725328572             148.2288086682896             489                           5046                          1.3476540443823004            
15452                         11                            32.205693164451276            7.73315716433909              25                            215                           1.2856745244210264            
15480                         11                            596.0280783617139             133.70865906359958            452                           4594                          1.4645456498239975            
16040                         11                            661.6572831606165             158.60092108708315            518                           5227                          1.2969607947494892            
17126                         11                            661.6572831606164             156.3612281277891             519                           5234                          0.06661397040126057           
17276                         11                            661.6572831606167             155.97115411566645            510                           5442                          1.186524544527343             
17683                         11                            72.1400397680296              18.501602017272774            61                            507                           1.3778305180907973            
18270                         11                            584.7515146429242             146.53291933128784            477                           4680                          1.3676810783879727            
18331                         11                            210.91685079413276            52.52985540327961             174                           1756                          1.35061840451958              
18836                         11                            367.91872059860253            85.14684414542054             279                           2731                          0.16108058540016496           
19717                         11                            661.6572831606168             156.5819596187075             518                           5228                          1.2709864804947615            
20259                         11                            60.24244478819606             14.321439634491048            46                            484                           0.45928674184649987           
20812                         11                            661.6572831606163             148.595600783533              483                           5426                          0.7415961966081079            
20870                         11                            603.1935521432769             153.36121213789147            506                           4856                          1.3703267059331918            
20939                         11                            661.6572831606165             147.1473972213082             486                           5275                          0.12319144516528822           
21814                         11                            434.41538019012427            103.65051732395911            348                           3480                          1.2929621408615175            
21821                         11                            661.6572831606168             163.57100280208226            537                           5266                          1.3445002503278696            
22334                         11                            661.6572831606165             155.13543315994917            512                           5233                          1.2891262066375964            
23073                         11                            334.26005879562274            72.52337430939525             239                           2644                          0.9143284546465773            
23306                         11                            661.6572831606165             145.2143149684947             477                           5041                          1.4288189479591176            
23951                         11                            661.6572831606164             143.06757509906936            473                           5272                          1.3553597191816198            
24201                         11                            661.6572831606167             152.28552223108818            508                           5067                          0.6335495924879699            
24728                         11                            661.6572831606168             149.0352769730436             492                           5285                          1.2664187562960283            
24769                         11                            661.6572831606167             140.93090556203006            472                           5157                          1.2495384231182745            
25306                         11                            661.6572831606167             210.60238250526444            693                           5336                          1.3370557128561378            
25642                         11                            661.6572831606167             155.9411718213791             515                           5253                          1.3013627845613378            
25937                         11                            183.60030505987268            47.695062238734174            161                           1401                          1.246153921016181             
26175                         11                            661.6572831606161             150.7176658491158             507                           5216                          1.8398018127797617            
27071                         11                            661.6572831606164             156.61593207355492            517                           5337                          1.3652762086625652            
27560                         11                            661.6572831606167             147.88257909918076            481                           5277                          0.42214166920563767           
27618                         11                            661.6572831606165             150.67646393377558            496                           5250                          1.3306199607155795            
27766                         11                            661.6572831606164             158.36361110378812            522                           5319                          1.373460972930092             
27926                         11                            311.1182183585745             70.1719905666372              235                           2391                          1.2853556820575291            
28107                         11                            514.4958858420546             127.13136878078873            417                           4106                          1.3146306560643337            
28209                         11                            661.6572831606167             159.15823784199273            530                           5315                          1.3829566515499003            
28398                         11                            661.6572831606167             148.69374868413385            491                           5248                          0.6204941028307691            
29119                         11                            661.6572831606164             161.16588315014252            532                           5292                          1.1071055085573764            
29976                         11                            533.7105318795154             166.56120690777385            551                           4014                          1.4013290007671022            
30033                         11                            251.6547935794021             68.42394370399171             228                           2085                          1.2981253067409984            
30089                         11                            661.6572831606164             144.1542643978123             477                           5304                          1.4098490759374465            
30597                         11                            661.6572831606163             158.54924537761698            517                           5182                          1.4592871840160528            
31653                         11                            661.6572831606165             164.2163772792396             544                           5258                          0.5987986098139908            
31813                         11                            465.0781515611264             108.18068580048511            360                           3696                          1.2649797641323177            
32139                         11                            661.6572831606162             161.6974129914708             535                           5330                          1.378288831713438             
32431                         11                            661.6572831606171             186.9298007863908             618                           5268                          1.4400965582302532            
32587                         11                            104.46851566888878            24.68662852927466             80                            830                           0.9468106210336975            
32922                         11                            144.61355131995475            34.44239693992219             116                           1200                          1.4145295505515438            
33102                         11                            319.9245439611921             89.91276313899257             290                           2627                          1.6442276217108183            
33796                         11                            661.6572831606163             155.12301289829549            516                           5406                          0.21406117394689134           
33804                         11                            304.52408730023967            69.73787745186499             232                           2461                          0.30497951930587225           
33884                         11                            157.14549013230086            38.71994769825708             127                           1236                          0.7778938012526596            
33923                         11                            661.6572831606163             161.71012912782268            532                           5221                          1.3596304340376753            
34819                         11                            661.6572831606167             152.65405016910253            515                           5179                          0.6115816525698343            
35555                         11                            475.0614381816569             103.94471905433365            353                           3866                          0.3379190551578231            
36036                         11                            661.6572831606167             165.01243054777666            547                           5412                          1.412190587255152             
36087                         11                            661.6572831606168             166.83527987529828            549                           5318                          1.3520725122951824            
37094                         11                            278.4107607873209             91.65160992627172             307                           2132                          0.9227785275180063            
37466                         11                            525.0296452009095             133.25784326791472            444                           4068                          1.4482878624057243            
37597                         11                            661.6572831606165             133.09284721463925            451                           5351                          1.4556873198999678            
37764                         11                            661.6572831606165             162.17204657766368            535                           5279                          0.8110425662695819            
37801                         11                            661.6572831606168             161.610404342094              538                           5328                          1.1701309983801622            
37927                         11                            661.6572831606163             162.7703062099353             542                           5302                          1.1801393101215931            
38739                         11                            31.818587484910527            7.687877420027134             26                            266                           1.4171767555063317            
39168                         11                            661.6572831606167             161.83788343074784            535                           5331                          1.4231815552178297            
40135                         11                            661.6572831606164             154.12287375054623            510                           5578                          1.4323553792120167            
41268                         11                            661.6572831606167             193.28968043818298            641                           5281                          0.06899920986061794           
41661                         11                            346.75814413762555            90.3145044433528              296                           2743                          1.416229536794334             
43449                         11                            234.39565433734597            52.569842934948966            173                           1724                          1.3469521894831542            
43498                         11                            579.5726439565174             133.67417917832               434                           4678                          1.6980548439320398            
43720                         11                            538.1573084035865             133.485425330598              445                           4241                          0.7883011149200303            
43952                         11                            135.02565065326274            27.548173392091677            90                            967                           0.4561812442597364            
43966                         11                            661.6572831606168             166.06577513863417            545                           5399                          1.156130081760648             
44119                         11                            544.0101181505709             128.9565661656537             426                           4301                          1.1749474777521898            
44267                         11                            661.6572831606163             142.61285648079937            479                           5176                          0.24174655172043047           
44453                         11                            661.6572831606165             150.19513699148263            503                           5232                          1.4533089930254541            
44495                         11                            442.7759666269438             114.60782430086252            381                           3510                          1.1299744330194261            
44993                         11                            594.9680017412857             147.41284974079196            487                           4708                          1.258286554750008             
45319                         11                            579.3271979608393             168.3987812287687             555                           4751                          1.3256092707811096            
45326                         11                            142.33565190356202            34.935046850955125            115                           1111                          1.00771725338847              
45792                         11                            661.6572831606168             159.88770318039812            523                           5334                          1.2896226491898974            
46561                         11                            661.6572831606167             144.45983159168657            470                           5121                          1.471990044392307             
47367                         11                            587.5304736865397             147.5396933268164             490                           4559                          0.3045390158852327            
47547                         11                            641.7473906345233             155.06180756599542            506                           5125                          1.3870446898142939            
48692                         11                            661.6572831606164             148.42948050874324            488                           5226                          1.2528443440123513            
50124                         11                            661.6572831606165             154.75673219945105            513                           5350                          1.2920766814654139            
50334                         11                            240.4805619579615             65.82849734363018             216                           1959                          1.3489316925580164            
50362                         11                            21.08248000319346             4.5283328040631075            14                            164                           1.288760468931393             
50391                         11                            580.6312971942982             127.90765574407403            429                           4488                          1.3575464808074722            
51756                         11                            75.25                         14.681545260865299            48                            495                           0.5727280414881034            
51783                         11                            436.75791463751045            90.5628859206895              294                           3302                          0.03803324616790643           
52333                         11                            31.818586175523606            7.943623005322493             26                            254                           1.127888256407491             
52651                         11                            661.6572831606164             143.29099726177               470                           5277                          0.12862527488691142           
53052                         11                            661.6572831606165             161.87678310457               536                           5253                          0.7853211909040083            
53276                         11                            17.148208744860337            4.139237303987366             14                            148                           0.06867140309782124           
53924                         11                            661.6572831606165             157.7599831676536             526                           5251                          1.2485443450916383            
55192                         11                            661.6572831606165             155.98963417811086            517                           5225                          1.4164525042704124            
55649                         11                            43.93497124693181             9.45129783881625              32                            365                           0.03667373947963545           
55895                         11                            661.6572831606164             140.94201050863163            472                           5048                          1.386397521522655             
55916                         11                            188.5031694961953             45.27453047229267             152                           1487                          1.369529176426108             
56138                         11                            661.6572831606167             151.8403677591785             505                           5319                          0.08387110528343915           
57004                         11                            661.6572831606167             167.85891919966667            556                           5228                          1.2427558008477888            
57357                         11                            661.6572831606165             160.1230996287159             539                           5190                          0.3981489416359546            
57802                         11                            32.20534733269001             6.337367492976384             21                            245                           1.3320485936468576            
58711                         11                            425.01373714403195            96.60889163112758             321                           3136                          1.467917534141039             
58774                         11                            661.6572831606164             152.85241780724127            512                           5390                          1.4191761264094236            
59155                         11                            661.657283160617              156.75958610398163            525                           5270                          0.054636087066875845          
59668                         11                            42.73054274742993             11.525313804823028            38                            342                           0.8510600872343317            
59801                         11                            661.6572831606167             146.75692152232244            496                           5221                          1.3483414363807633            
59810                         11                            24.76416723884611             6.978028105051126             23                            197                           1.3855560685915735            
59813                         11                            661.6572831606167             188.2273054050411             618                           5347                          0.10046392010731484           
60832                         11                            661.6572831606167             153.41679471228656            514                           5127                          1.2975546846558903            
61196                         11                            661.6572831606169             163.91979354484212            548                           5319                          0.06124938203519737           
61441                         11                            661.6572831606164             171.74494510967975            571                           5329                          1.6372855799616601            
62197                         11                            622.592339492349              140.7103795818297             467                           4867                          1.351647437232259             
62538                         11                            661.6572831606168             157.88089736960697            528                           5336                          1.4403802748470156            
62731                         11                            661.6572831606164             146.76211901129938            485                           5279                          1.5042849398204734            
62735                         11                            661.6572831606167             150.84949331241867            490                           5058                          1.230315457386105             
62917                         11                            443.173446661296              116.67908660048018            392                           3546                          1.3906001262482708            
64491                         11                            661.6572831606165             149.54768435144587            494                           5215                          1.2871849890484024            
64645                         11                            661.6572831606167             159.63417226369427            525                           5273                          1.3058770391566363            
65003                         11                            31.818808435184195            9.091550930090976             29                            221                           1.0320330142904919            
65008                         11                            661.6572831606165             157.82584641393473            529                           5175                          1.3083130013943787            
65039                         11                            541.2970654815191             158.1029251364083             525                           4302                          1.3966545513126198            
65983                         11                            661.6572831606168             156.50469715954355            510                           5397                          0.07785022868221414           
66318                         11                            661.6572831606168             143.93531323148005            475                           5292                          1.3924316861281616            
66845                         11                            462.70968386523657            112.21687854695938            369                           3573                          1.3877195051336984            
66979                         11                            661.657283160617              155.77861677875617            522                           5277                          1.3559313354314249            
67103                         11                            33.46951031831463             7.229742601084249             25                            253                           1.2563634786099667            
67418                         11                            118.48835939896242            31.386182418884243            103                           948                           0.9788964833402307            
67518                         11                            661.6572831606165             163.0758783072193             541                           5328                          1.3733929939925789            
67621                         11                            294.90246484329856            67.39662268968607             224                           2234                          0.0646458630431159            
68080                         11                            661.6572831606167             144.59165189647123            478                           5179                          0.271436494065492             
68142                         11                            661.6572831606165             157.08520576200632            518                           5287                          1.4290067222240002            
68279                         11                            661.6572831606165             163.33777201519737            543                           5405                          0.592190538515162             
68592                         11                            570.770410380401              130.3808997834167             436                           4521                          1.2625118307297134            
68694                         11                            661.6572831606165             152.53703377751913            507                           5163                          1.3706981781165108            
69035                         11                            55.79855313418692             11.151452434303497            37                            421                           1.438727148505341             
69137                         11                            661.6572831606165             151.05697966159974            504                           5321                          1.147418786827704             
69744                         11                            661.6572831606165             163.2754023064409             545                           5088                          1.3376467035095319            
70123                         11                            369.85858923378174            98.39170894595544             324                           2984                          0.09776372841673159           
70362                         11                            515.4763272161389             136.1001681984258             446                           4160                          1.3298070677263292            
70694                         11                            657.5191352461806             155.60629252876092            516                           5226                          1.4379356101154346            
70889                         11                            484.28079958529963            136.06068630510924            457                           3730                          0.8598579403091213            
70983                         11                            418.28356589712166            103.0185841334651             345                           3449                          1.1845682250720777            
71198                         11                            661.6572831606162             144.6331541620994             479                           5203                          1.3616100449869228            
71299                         11                            661.6572831606164             143.56607760523687            475                           5331                          1.2022327428374773            
71527                         11                            661.6572831606163             144.24131129046773            477                           5119                          0.9042175532455138            
71675                         11                            661.6572831606163             162.65632386206835            548                           5231                          1.267709949956096             
71707                         11                            661.6572831606165             167.53102343408622            554                           5327                          1.2555599637919475            
71875                         11                            661.6572831606165             156.68525138864723            522                           5081                          1.2580756215386681            
72042                         11                            661.6572831606164             149.26083363196062            483                           5261                          1.4414985383487162            
72066                         11                            661.6572831606168             159.77173290824192            525                           5120                          1.4665881844746376            
72473                         11                            661.6572831606164             148.88903740692493            494                           5194                          1.3790955941522796            
72888                         11                            182.23665607245078            42.81826418578092             141                           1472                          1.291299984679208             
72996                         11                            661.6572831606168             154.86994100646828            508                           5224                          1.389076874487855             
73004                         11                            545.8515586156724             140.01567101544816            464                           4357                          1.303228870594159             
73015                         11                            661.6572831606168             154.02326024572065            511                           5158                          0.3747429693138753            
73122                         11                            661.6572831606165             182.66345576678896            605                           5296                          1.3506682806336419            
73646                         11                            162.75696659870047            33.26147739929853             107                           1220                          1.224282482593922             
74201                         11                            174.55353033394601            44.87396460244257             145                           1444                          1.349942223474474             
74763                         11                            267.4621406899635             63.11138360329584             214                           2061                          1.606564875738238             
74823                         11                            661.6572831606165             149.63103494214275            502                           5190                          0.28853794195031274           
75108                         11                            661.6572831606167             154.37362275433026            506                           5318                          0.3868116314135407            
76100                         11                            661.6572831606167             155.09504550895394            507                           5244                          0.5594296156974701            
77077                         11                            661.657283160617              159.6901632530962             539                           5305                          1.3217291384475098            
77256                         11                            74.31838439406336             22.76756452450148             74                            587                           1.3415289960502443            
77429                         11                            584.2502831606166             141.98602517590595            467                           4686                          1.3464992956457116            
77801                         11                            661.6572831606168             158.67321817489193            526                           5332                          1.4121621774091566            
77995                         11                            661.6572831606165             151.76595350980395            500                           5159                          0.19774213757862885           
78141                         11                            661.6572831606164             160.17666621434063            528                           5210                          1.2385381938921534            
78255                         11                            308.79123382107747            68.06254796774003             232                           2449                          1.3913936294823646            
78260                         11                            661.6572831606165             161.8424576950722             529                           5283                          1.327238927641122             
78962                         11                            661.6572831606167             159.18886752759116            523                           5217                          1.4019075025518828            
79116                         11                            220.16178625463533            55.22664277903639             182                           1655                          0.6052762047759934            
79319                         11                            89.03579389227353             23.153616116484415            79                            737                           1.4037981529030752            
79498                         11                            661.6572831606167             145.2884302812506             486                           5230                          1.3891457694187301            
79529                         11                            661.6572831606161             157.53513960024821            522                           5325                          0.4844874797976333            
79930                         11                            661.6572831606163             173.30720690941826            577                           5290                          0.20770828094170563           
80171                         11                            173.72921744566682            35.47467267365957             118                           1312                          1.2790541376635831            
80724                         11                            661.6572831606164             154.0108277241443             506                           5135                          1.3862092586575252            
82276                         11                            661.6572831606165             157.42288934558795            521                           5273                          1.5251248728540523            
82448                         11                            661.6572831606164             159.4856684679866             523                           5180                          0.3107465419854108            
82873                         11                            661.6572831606165             154.93557146708656            516                           5209                          1.3377946176391273            
82905                         11                            291.95779476514207            64.36530650968638             212                           2275                          1.3755288700060893            
84072                         11                            661.6572831606167             180.2905151033694             599                           5269                          1.3882565187862361            
85034                         11                            661.6572831606163             154.56480710760695            522                           5378                          1.358461150247629             
85891                         11                            661.6572831606164             148.12047739558446            496                           5298                          0.5604901905264844            
86086                         11                            661.6572831606165             153.91792462184313            508                           5293                          1.5829419982393653            
86198                         11                            310.49547186325754            68.42002092316262             226                           2447                          1.3745583091876812            
86643                         11                            661.6572831606163             149.92507633142276            494                           5348                          1.3056152289959295            
86976                         11                            661.6572831606167             161.5662701461702             540                           5383                          1.3468303143048863            
87967                         11                            245.0117058988957             55.13433350233246             185                           1965                          0.5969504619494077            
87974                         11                            572.5372351744732             153.6660448355469             505                           4501                          1.3113461841194431            
88341                         11                            586.5932831606165             135.1328365824821             450                           4612                          1.4208218012206126            
88450                         11                            661.6572831606168             157.1403662730178             519                           5336                          0.48594500884668557           
88796                         11                            661.6572831606164             156.02004070039825            509                           5171                          1.336987446367142             
88861                         11                            79.04470127698576             18.663515407159366            64                            596                           1.1867033520204846            
88992                         11                            350.56106540465856            79.00446780086875             260                           2805                          1.3780983205469568            
89186                         11                            561.0886737512152             135.8400426090109             453                           4427                          1.357933644965529             
89277                         11                            661.6572831606165             159.6391047693233             527                           5118                          0.1666960106296954            
89409                         11                            661.6572831606163             141.92158498341598            472                           5283                          0.6878817393483225            
90638                         11                            33.70896216913776             6.474968864690856             21                            244                           1.195101215265729             
90907                         11                            661.6572831606168             160.9744542910395             539                           5278                          1.3964742894168172            
91079                         11                            661.6572831606165             170.76341352827782            559                           5417                          1.246604482959298             
91118                         11                            239.94850020187977            58.578778452298366            196                           1871                          0.055722549118713154          
91372                         11                            51.82758650949946             10.364725543370513            33                            370                           1.4201596276107542            
91488                         11                            661.6572831606165             157.67493465219442            519                           5396                          1.487191634387512             
91580                         11                            661.6572831606165             163.5173118703742             539                           5277                          0.5181637273806338            
91713                         11                            661.657283160616              151.87186123308052            500                           5500                          0.08909914881731348           
92227                         11                            74.22455909089187             14.463518779124351            50                            589                           1.3798408272860678            
92450                         11                            72.93093222733582             17.918500682375456            58                            555                           1.4239688332794012            
92570                         11                            87.03786701120185             15.584701799347425            53                            664                           1.323379352052674             
92619                         11                            175.4653875193468             41.24606874879892             134                           1297                          0.1302887164845649            
92723                         11                            124.49676889024475            32.996242705706315            108                           963                           0.15345066514027225           
93297                         11                            22.6453266483716              6.3461161285749075            20                            192                           0.13848561563544173           
93939                         11                            661.6572831606164             170.06709928835468            568                           5097                          0.3559017085075911            
94291                         11                            661.6572831606168             150.1574013641998             496                           5129                          0.287341290017666             
94740                         11                            661.6572831606167             155.92033238945095            515                           5216                          0.054691431864193965          
94908                         11                            661.6572831606163             162.0870750822876             536                           5344                          1.5014062483284831            
94927                         11                            661.6572831606165             146.9487512642776             488                           5173                          1.3150741659282965            
95983                         11                            462.5000542025549             109.2137995607275             366                           3654                          1.3636537807926328            
95995                         11                            661.6572831606165             160.41752471177725            534                           5311                          1.4200959255553682            
97318                         11                            175.12091828533266            44.26834755594839             143                           1394                          1.2919901393941855            
97639                         11                            29.109050207365094            6.6802243931549965            23                            220                           0.9654769599013613            
97787                         11                            83.84205894914687             22.822861454628523            75                            654                           1.4087868358501696            
99074                         11                            661.6572831606168             152.26878000922807            500                           5246                          0.38211834340661754           
99831                         11                            661.6572831606163             153.29259325344452            509                           5365                          0.05991756548957278           
99914                         11                            643.7005234488679             159.99546033735055            528                           5118                          0.19844968886441886           
478                           12                            661.6572831606167             164.27421989115774            547                           5159                          1.3255109620569017            
730                           12                            341.6423665924917             82.36108121994144             272                           2665                          1.3430151669755868            
1364                          12                            661.6572831606164             186.49928789276439            617                           5420                          1.4002619413255526            
1938                          12                            196.7096560950015             46.563677811820824            155                           1546                          1.44354676678705              
2293                          12                            661.6572831606161             164.9754987730856             546                           5235                          0.7205659593542808            
2803                          12                            36.57785020453288             8.485665015505415             29                            279                           1.6250128740563192            
3023                          12                            196.45809975352347            46.50126113934389             151                           1534                          0.4101324235445256            
3196                          12                            409.8432561539463             102.74376166053422            336                           3274                          1.443231954330602             
4246                          12                            661.6572831606167             179.24161612477258            606                           5243                          0.07483652279985972           
4457                          12                            648.661064338763              170.38538226068573            565                           5215                          0.40197643919994386           
4611                          12                            29.82599289178802             5.560067584608143             19                            242                           0.8913604125369886            
4952                          12                            661.6572831606165             186.39737163300293            618                           5128                          1.590317713831283             
5393                          12                            661.6572831606163             168.04534008268556            561                           5239                          1.494749901370124             
6014                          12                            569.5739268455545             142.904107054058              479                           4482                          0.049783985089094276          
6805                          12                            661.6572831606165             173.694052608145              577                           5222                          1.6380664097700786            
7036                          12                            661.6572831606161             177.49981897917388            598                           5243                          1.4788826704351834            
7717                          12                            661.6572831606164             179.2988470203516             590                           5257                          1.2637061129998786            
7773                          12                            575.4807837168627             145.7766749206196             477                           4379                          1.5280795239807201            
7789                          12                            661.6572831606163             177.97261660971895            581                           5210                          1.5777001323893427            
8211                          12                            591.5725818380294             152.06240937778588            499                           4765                          1.5700891353214785            
8860                          12                            661.6572831606169             168.57832934051973            558                           5304                          1.2658209916396714            
9617                          12                            661.6572831606165             172.0353357011408             582                           5294                          1.5490241653875987            
10106                         12                            661.6572831606165             167.4822861701804             555                           5205                          1.3281374743041767            
10288                         12                            87.65570000000001             24.701193243855272            85                            681                           1.4730873689800652            
10498                         12                            661.6572831606168             178.84104310794316            598                           5496                          1.52469513554274              
10814                         12                            66.2351662718883              17.215516236428552            59                            507                           1.4654520463675418            
11224                         12                            661.6572831606165             182.91968207455855            609                           5436                          0.22066159129763818           
11494                         12                            147.56770241925653            34.388580117234525            117                           1025                          1.5754567709070113            
11929                         12                            661.6572831606165             172.44751784967772            573                           5267                          0.1547248992218622            
12003                         12                            661.6572831606159             181.61720549155868            603                           5262                          1.6104570603964778            
12541                         12                            661.6572831606165             159.980511623588              528                           5222                          0.3056771335551957            
12706                         12                            84.11976010127802             16.88281510671454             55                            607                           1.5099416606546887            
12817                         12                            661.6572831606165             176.00762990513456            584                           5174                          1.6030932740441954            
12851                         12                            661.6572831606163             175.38648358906624            573                           5242                          1.4046344385844187            
12910                         12                            370.5488409187839             93.95064290519427             317                           2855                          0.1456909349500948            
12979                         12                            661.6572831606168             164.77796150548178            546                           5219                          1.5462996572774501            
13204                         12                            661.6572831606163             167.68652534823352            555                           5105                          1.527083403406354             
13213                         12                            661.6572831606168             177.88782460270963            595                           5317                          0.8311361426970784            
13527                         12                            661.6572831606161             167.11837394861206            551                           5300                          1.4527104640022337            
14222                         12                            661.6572831606165             161.32186390218948            541                           5281                          1.468851703090965             
14364                         12                            661.6572831606165             180.2961100771349             599                           5203                          1.5622856381649026            
14571                         12                            661.6572831606165             164.3778437835795             546                           5105                          1.4588141797391867            
14654                         12                            661.6572831606164             174.50121994617882            580                           5471                          1.425971299808082             
14772                         12                            661.6572831606167             156.95679770834823            523                           5289                          1.5821660411008367            
14957                         12                            518.9738467512444             128.5772949763348             427                           4054                          1.4433384056759686            
16353                         12                            552.8379480080218             131.1771816039817             432                           4227                          1.5317235646988416            
16438                         12                            155.44636392719664            37.755258232365534            128                           1176                          1.3817066891679701            
16820                         12                            661.6572831606165             182.0850901247251             598                           5283                          1.1257110574459923            
17431                         12                            211.50060407100858            47.446436023363276            153                           1631                          1.1471796886801908            
17624                         12                            661.6572831606167             186.27685700060673            616                           5285                          0.33686288092665867           
17744                         12                            661.6572831606162             171.37756015050294            574                           5393                          1.592878271872832             
17874                         12                            661.6572831606167             162.07431809144242            541                           5212                          0.4129064190212801            
18181                         12                            661.6572831606164             168.659420171845              551                           4997                          1.6349241987221488            
18307                         12                            142.84199789679897            30.916427860150456            103                           1043                          1.508675587237402             
18386                         12                            661.6572831606168             171.2234966999187             572                           5234                          1.4252578696816167            
18573                         12                            12.780311523999732            3.5856908347927368            14                            111                           1.46487428397791              
19588                         12                            661.6572831606164             183.23956690307517            610                           5311                          0.27197593550440613           
19778                         12                            511.08897885035765            128.80954945969413            420                           4063                          1.509688198780164             
19842                         12                            450.3600867732953             110.21250851444029            361                           3564                          0.034434063675706825          
20154                         12                            616.1712858909636             130.62166449767554            439                           4859                          1.6083384428335434            
20419                         12                            661.6572831606167             169.29851812358774            563                           5262                          1.1127572064306241            
20442                         12                            529.632413131817              138.86411893527634            467                           4157                          0.9614143665141148            
20582                         12                            661.6572831606163             169.1424254670815             569                           5355                          1.1570318124831012            
21113                         12                            661.6572831606165             169.12761557764918            565                           5235                          1.4891630306969668            
21479                         12                            661.6572831606164             164.77049953818118            546                           5193                          1.2290132689984947            
22371                         12                            661.6572831606163             174.0762305229361             576                           5303                          1.4957196679271267            
22726                         12                            586.8979795860773             145.1003135259448             489                           4655                          1.4893443056412095            
23410                         12                            180.06875284308296            45.06969609392963             143                           1408                          1.4470931769022204            
23419                         12                            661.6572831606165             157.12297942823673            528                           5189                          1.523145430383265             
23647                         12                            654.7061038531639             158.74538962998434            529                           5480                          1.2833388125377754            
24120                         12                            661.6572831606163             170.67065878179028            568                           5299                          0.38334430618309967           
24254                         12                            541.3835831080595             140.46245584082095            467                           4395                          1.3881597452356689            
24665                         12                            661.6572831606165             173.37569430201572            577                           5241                          1.3929954094841839            
25418                         12                            314.0450126865975             79.99498380275145             268                           2494                          1.5005190525823664            
25454                         12                            661.6572831606165             181.76549790026453            594                           5234                          1.233028589455787             
25698                         12                            661.6572831606163             153.7823378889778             517                           5194                          1.5196469898783809            
27382                         12                            31.81855457803389             12.719206384868976            41                            228                           0.7047364229987129            
27442                         12                            661.6572831606168             181.3026023623382             603                           5300                          1.5804315732425063            
27738                         12                            661.6572831606165             179.26473762153532            583                           5176                          1.3611263722337283            
27890                         12                            661.6572831606163             165.83362042860955            552                           5117                          0.10922747521934772           
28041                         12                            464.17754705545553            116.60796025260706            397                           3606                          1.5911706330523014            
28816                         12                            155.50871106243412            35.5228853448354              122                           1169                          1.5616943723751848            
28821                         12                            661.6572831606164             175.0250319388013             581                           5136                          1.457545092324549             
28831                         12                            661.6572831606167             166.8015291521098             549                           5208                          1.0361723401121885            
28846                         12                            543.2631169323731             139.80794910179557            461                           4312                          0.31816244361745016           
28863                         12                            661.6572831606167             170.41082671595973            558                           5322                          1.5358349861097156            
28965                         12                            661.6572831606163             159.05929717140407            526                           5133                          1.4538313902405093            
29622                         12                            49.023838690596556            12.624730243398702            43                            341                           1.2278222798139988            
30158                         12                            199.2687192973579             55.10489755355547             179                           1422                          1.4842115885489968            
30627                         12                            661.6572831606161             191.5545554043139             630                           5422                          1.390891686087553             
31045                         12                            543.1691832533106             154.93403988240794            513                           4346                          0.1128442240408244            
31165                         12                            232.33140841404497            53.964707071635566            177                           1824                          0.48192975645074276           
31388                         12                            661.6572831606164             160.40041453656522            532                           5176                          1.6674427950343733            
31480                         12                            272.77143520253253            70.34209121912598             231                           2183                          1.356133233511042             
31652                         12                            661.6572831606163             177.8512701499844             593                           5288                          0.4713347765398255            
32375                         12                            20.2442921965188              3.9293079160112043            14                            152                           1.4001505181310112            
32987                         12                            255.44347086993207            63.29213302970321             213                           2055                          0.6148449822258779            
33207                         12                            165.31459904930037            46.484259016266435            155                           1279                          1.561721528857176             
33234                         12                            661.6572831606165             177.5428178936606             594                           5152                          0.03631898521504781           
33542                         12                            661.6572831606164             181.72509817619604            603                           5341                          0.5603765180273459            
33575                         12                            59.85162972890933             15.312047084223384            51                            438                           0.4089528662303369            
33978                         12                            661.6572831606167             171.0592596906748             569                           5223                          1.5674783572760682            
34046                         12                            661.6572831606162             174.0047421048913             576                           5283                          1.5894516445197662            
34266                         12                            661.6572831606163             172.07992307770098            568                           5264                          0.1338751357234729            
34794                         12                            89.78250543046751             19.324116207553132            69                            693                           1.5028319732860813            
35048                         12                            661.6572831606165             181.80944667731856            603                           5442                          1.524952010323429             
35252                         12                            661.6572831606167             186.64872962084334            618                           5420                          1.5065414097891212            
35459                         12                            661.6572831606168             170.4740425622106             565                           5352                          0.17662463057203878           
35829                         12                            661.6572831606167             186.44143324006362            627                           5276                          1.5962655027346941            
36130                         12                            661.6572831606165             175.3624389207238             583                           5369                          1.6358911013610555            
36277                         12                            654.4374135065559             164.7780215791271             546                           5223                          1.4905486421696046            
36961                         12                            616.3321905424564             153.44460673589532            509                           4720                          1.6548490038162598            
37031                         12                            661.6572831606165             168.44416995528823            568                           5253                          1.5423101585248054            
37346                         12                            661.6572831606169             178.38579453896415            596                           5321                          1.4446498501706846            
37480                         12                            100.15389433720311            19.39683442176435             67                            687                           1.3426223494253318            
38740                         12                            555.7930555351837             144.29087803220693            478                           4528                          1.4928314659501676            
39196                         12                            661.657283160617              173.5261257203606             574                           5295                          1.5713618660402071            
39777                         12                            661.6572831606167             168.29719392606833            558                           5165                          0.175728911081186             
39902                         12                            111.8027443083737             22.86922712308137             76                            829                           1.2650361830787822            
40670                         12                            661.6572831606165             180.63118352895333            587                           5261                          1.5150245414653551            
42343                         12                            19.11415145254591             2.8904123499646097            10                            130                           1.4727312363186673            
42901                         12                            661.6572831606167             155.18828521040882            515                           5133                          0.1989127248919376            
43143                         12                            201.54905082629304            63.510685499121045            212                           1555                          1.5710460102017811            
43376                         12                            661.6572831606163             182.0129412834965             597                           5441                          0.026029318605168206          
43470                         12                            661.6572831606165             171.1922244794338             575                           5328                          1.361248791449699             
43627                         12                            170.88941162465863            44.38103445916324             147                           1249                          0.5616446841117086            
43807                         12                            358.87514114901046            91.50805120142435             304                           2791                          1.587068719217127             
44226                         12                            661.6572831606165             172.7567553252936             577                           5302                          1.5139740905288552            
44346                         12                            661.6572831606163             175.74285984542567            587                           5428                          0.3899463829420728            
44917                         12                            661.6572831606165             163.05166602289964            532                           5122                          0.8020783802185789            
45163                         12                            661.6572831606167             174.34722193043612            582                           5368                          1.5203225955489121            
45630                         12                            535.26482316082               143.43426981094956            473                           4218                          1.5487069194783296            
45772                         12                            661.6572831606163             175.039467457694              579                           5213                          1.417514218061571             
45968                         12                            129.70326764195818            28.417892759390085            93                            961                           1.5394186896772006            
46201                         12                            262.0168104343423             55.99839724826475             185                           1870                          1.2525451517410073            
46676                         12                            35.215311257866794            8.922197454869181             30                            313                           1.542686156242822             
46971                         12                            661.6572831606163             167.97839572849512            559                           5135                          0.24591880833674676           
48004                         12                            661.6572831606163             158.93140187629734            525                           5230                          0.48997032876027014           
48054                         12                            627.3036152999961             160.29775500430137            535                           4826                          0.07929059475790562           
48614                         12                            661.6572831606165             168.73884086796014            558                           4959                          1.4730899576859984            
49430                         12                            661.6572831606168             164.70849557632317            543                           5129                          1.3965498690798968            
49458                         12                            661.6572831606167             178.23317612974373            588                           5266                          1.4113902904749493            
49848                         12                            661.6572831606165             166.35600260447885            556                           5324                          1.4728691226185058            
49917                         12                            661.6572831606165             168.12077234243748            555                           5187                          1.439374787746372             
50382                         12                            578.8964158824734             149.61495069033768            497                           4456                          1.5633147507372984            
50519                         12                            592.3379352436757             144.84578238898712            483                           4494                          1.4672561059281137            
50545                         12                            517.0389635190049             136.4274487099264             458                           4073                          1.473926208741468             
50909                         12                            160.0691539316686             42.635778365585594            143                           1145                          1.3130243726554718            
51093                         12                            661.6572831606167             173.56868948051834            579                           5329                          1.272835340743768             
51897                         12                            661.6572831606165             165.92834217826953            547                           5319                          1.2046970762638574            
52486                         12                            485.06181478481733            155.927634855826              511                           3960                          0.37407620240542966           
52580                         12                            597.4903002609013             144.98834607939102            491                           4632                          1.5284255183659619            
53361                         12                            661.6572831606162             177.56541861874615            588                           5369                          1.451689030127361             
54040                         12                            322.3464307626604             78.52894966310222             262                           2497                          1.3582555077379812            
54089                         12                            661.6572831606164             184.83127613929193            605                           5345                          1.288586036287481             
54223                         12                            34.42646360262823             8.743740307150238             28                            259                           1.5604707937726607            
54259                         12                            188.36057653870236            45.94938073809348             153                           1366                          0.6891127972677491            
56099                         12                            661.6572831606163             170.30261367994638            579                           5222                          1.6017866341604299            
56128                         12                            661.6572831606167             160.09490886366197            528                           5187                          0.07503333425537459           
56206                         12                            615.1219921842185             166.53580903995328            553                           4911                          0.40269118509790625           
57172                         12                            661.6572831606165             186.10925143804826            615                           5296                          1.5135045334908996            
57555                         12                            661.6572831606165             186.82049972174792            619                           5218                          1.3999950822353164            
57558                         12                            661.6572831606167             173.00396652761032            571                           5058                          1.4643900642860457            
57842                         12                            596.6813199170995             155.29080860680187            521                           4750                          1.632390165132473             
58248                         12                            198.6617225729881             46.80565507062213             152                           1564                          1.6417705610035023            
59252                         12                            661.6572831606169             177.45875480238712            589                           5344                          1.5159212453805027            
59648                         12                            661.6572831606163             183.2685296022893             597                           5356                          1.3710915026734158            
59918                         12                            661.6572831606164             165.01451965571422            535                           5191                          0.40921425277497553           
60760                         12                            661.6572831606163             167.29877169325906            564                           5307                          1.5570606348562541            
60808                         12                            130.90911342466046            35.91461278311386             113                           1024                          1.5969731700210383            
62346                         12                            661.6572831606165             179.84028913980217            601                           5197                          1.4250308659678257            
62384                         12                            661.6572831606165             173.82465221322656            583                           5353                          1.4803582628057765            
63280                         12                            303.5348866677642             74.87958614850716             250                           2338                          0.307516532831751             
63979                         12                            661.6572831606164             175.1679729175752             591                           5317                          1.5868729780585644            
64358                         12                            32.20569403036934             7.257948856251167             25                            238                           1.5356410646122827            
64953                         12                            100.64656928625661            25.748387671658524            87                            746                           0.6606515141358822            
65889                         12                            661.6572831606165             180.29080862826362            598                           5153                          1.5567499398763118            
66279                         12                            638.8540118156448             163.37634811925838            539                           4930                          0.06613451190883692           
67074                         12                            188.26629368654534            55.479614185677946            186                           1504                          0.2286635316789507            
67367                         12                            63.16938339861399             20.326196605227064            65                            524                           1.5847511771847167            
68447                         12                            520.042284898148              127.22189286856546            428                           4069                          1.4301248642870532            
68452                         12                            661.6572831606167             175.7853732112616             580                           5288                          0.4895387772549409            
68555                         12                            661.6572831606167             168.55124569232578            564                           5258                          0.1759955294002636            
69046                         12                            661.6572831606167             171.59891623966033            572                           5211                          1.128184595337129             
69283                         12                            246.90239975805486            60.85798954371986             203                           1983                          1.543219666001796             
69600                         12                            555.9002390619708             154.07858414892743            509                           4547                          1.4875966408450136            
69762                         12                            661.6572831606168             172.86713110595633            577                           5152                          1.5131561833393121            
69903                         12                            661.6572831606165             192.68982846338446            639                           5271                          0.5326397094855801            
70383                         12                            661.6572831606163             155.70070753647403            510                           5146                          1.349783338871604             
70653                         12                            491.74473199386887            133.72813495073257            439                           3866                          1.5217887662912146            
71020                         12                            661.6572831606169             162.44497416541935            532                           5209                          1.6912855850337456            
71438                         12                            274.09752168792716            62.558063913567224            208                           2127                          1.356759578490216             
71647                         12                            661.6572831606163             183.08591744522442            606                           5280                          1.1652832915874114            
71742                         12                            31.818703927495108            6.198301908376527             20                            211                           1.4167990621055258            
72470                         12                            661.6572831606163             175.54331272456358            585                           5234                          0.5495386159016944            
72995                         12                            585.9878299623151             153.77068979890473            501                           4688                          1.6044323945010097            
73489                         12                            661.6572831606165             192.76101359422708            638                           5297                          0.05322434650409957           
74336                         12                            661.6572831606164             185.56081144602726            614                           5206                          1.5505871067843238            
74541                         12                            643.5167929288752             178.84612941477684            583                           5228                          1.334859272217169             
74700                         12                            354.1965797693046             98.57800528700783             321                           2836                          1.6928144421544982            
74734                         12                            568.4105544871642             143.9007590229575             476                           4382                          1.621361609815231             
75560                         12                            159.91897597394666            41.997596780356844            139                           1217                          1.5558179507839642            
75579                         12                            661.6572831606165             162.87729697244745            538                           5133                          0.8591009178809487            
75960                         12                            543.0843356355367             136.699824253472              452                           4377                          1.2578819152446088            
76347                         12                            55.243716366397805            15.01413850080209             50                            469                           0.3681063933352001            
77230                         12                            661.6572831606163             170.59701278583393            578                           5238                          1.4234148287561283            
77572                         12                            661.6572831606169             159.34999366405788            539                           5214                          1.1983551786527462            
78186                         12                            661.6572831606163             183.97317497705458            610                           5310                          0.1310129436691933            
78234                         12                            661.6572831606164             168.88226994116224            551                           5255                          1.5151201529309728            
79365                         12                            661.6572831606165             171.72403424712792            565                           5238                          1.4110522120084896            
79738                         12                            661.6572831606165             175.86326983095404            587                           5349                          1.6090338020934492            
80027                         12                            661.6572831606167             169.07505308343963            567                           5248                          1.4726743854221607            
80739                         12                            484.454007340722              129.4231832741625             424                           3786                          1.5029360166104369            
80758                         12                            603.9185225262206             157.16430610372205            522                           4727                          1.546339379691091             
81317                         12                            31.81853694870622             7.221899015351975             23                            218                           1.494570542031057             
82328                         12                            82.65774074302578             19.882630303486813            67                            624                           1.1277342638160943            
82554                         12                            661.6572831606162             167.7515928448378             561                           5146                          1.3772958640915005            
82868                         12                            44.189868006851654            6.485770536367717             24                            289                           0.06265078965021545           
83089                         12                            661.6572831606165             184.64485885246563            607                           5204                          0.17529296443507636           
83167                         12                            32.20562102749004             7.2078247742007076            25                            214                           1.479872440736158             
83454                         12                            661.657283160617              172.43998356264603            568                           5311                          0.0611686768746843            
83598                         12                            661.6572831606165             167.49366263335668            559                           5181                          1.608986106701645             
83961                         12                            187.80409353088453            49.85212614587447             166                           1390                          0.06429382174646768           
83970                         12                            221.3203048838983             50.570429989345655            169                           1775                          1.5084075795482241            
84214                         12                            661.6572831606167             179.8432212709238             594                           5198                          1.4779958980284649            
84621                         12                            661.6572831606163             174.76363169110732            576                           5335                          0.44083352188421976           
84740                         12                            179.01923384504153            39.24336481023101             125                           1399                          0.44662012724661077           
85701                         12                            661.6572831606165             181.2242271147619             598                           5294                          1.5702349748913424            
85902                         12                            160.44563392657855            39.64042500529782             131                           1253                          1.527570185562505             
86625                         12                            76.72704996214863             18.67163437329138             64                            578                           0.336359938214344             
87074                         12                            352.73410696027713            82.49306130182798             278                           2586                          1.583851687899008             
87390                         12                            502.0421234030641             121.2215029658411             400                           4015                          0.34646674696931506           
87550                         12                            661.6572831606163             179.62462296052794            590                           5303                          0.16514676475396728           
88127                         12                            661.6572831606164             170.83395140460502            573                           5380                          0.7295115400727866            
88128                         12                            661.6572831606164             171.69157124752897            578                           5342                          1.0637102288377187            
88540                         12                            185.89979647891323            42.35520509185817             143                           1414                          1.5665221653029962            
88607                         12                            661.6572831606165             170.77731960938178            574                           5166                          1.509552971038465             
88929                         12                            40.41489475612641             8.680061448985837             30                            312                           1.5196468318513285            
90032                         12                            661.6572831606165             176.4748625532383             591                           5252                          0.37370115739293996           
91635                         12                            512.8745600997526             156.58172492330812            517                           4113                          1.5088507667205784            
92055                         12                            661.6572831606163             168.47112177577088            566                           5311                          0.07802707558754138           
92824                         12                            661.6572831606167             168.77131502460884            560                           5245                          1.5570835686699125            
93353                         12                            414.76874209626294            115.19712817121592            377                           3306                          1.373181335058601             
94771                         12                            661.6572831606162             171.6556868144688             571                           5370                          1.493100054399297             
95232                         12                            661.6572831606165             165.2942962782005             536                           5140                          1.4818984419397494            
95593                         12                            204.73189057597617            51.15915805973013             171                           1586                          1.0034659585507153            
95622                         12                            370.760683047941              88.12109820781889             296                           2885                          1.5123636713834188            
96129                         12                            512.5989447644956             135.09562130765067            450                           4129                          1.4276030441378196            
96461                         12                            321.7255327930831             73.28589145671279             247                           2441                          0.447933785873526             
96559                         12                            661.6572831606168             172.99753659450477            577                           5252                          0.7793921984759822            
97060                         12                            661.6572831606164             174.34441159038147            570                           5227                          1.186158952716884             
97414                         12                            661.6572831606163             162.42815920285187            546                           5183                          0.6496698504991253            
97468                         12                            661.6572831606164             170.90978460926218            566                           5161                          1.5228527667822451            
97722                         12                            661.6572831606168             168.7687514803018             561                           5260                          1.517929067453327             
97912                         12                            465.14952361445313            117.95423254297448            392                           3520                          1.4345175242353192            
98062                         12                            661.6572831606165             178.9727792433589             592                           5179                          1.5019905087931724            
98579                         12                            661.6572831606165             177.29351197463907            587                           5231                          1.4799014394398304            
98637                         12                            114.33339224633218            27.958138520688294            95                            851                           1.0351412671605726            
98839                         12                            661.6572831606163             165.72338286145776            548                           5158                          1.5697566193235641            
99684                         12                            661.657283160617              177.07593285296625            589                           5396                          1.5507459749448413            
99687                         12                            661.6572831606168             181.76669505168238            599                           5242                          0.24868886634585244           
