### BoGEMMS simulation ### 
# EventID Pos Edep_scint[keV] Nabs_SiPM_PDE Nabs_SiPM N_opt Edep_SiPM[keV]
864                           1                             59.54091195937609             16.88061817098058             57                            461                           0.15044033857598446           
5379                          1                             59.54091195937609             12.409033181628343            41                            421                           0.10813090726691695           
5408                          1                             59.540911959376075            13.570710170557065            45                            463                           0.11877422909982728           
6536                          1                             59.5409119593761              11.342537784049414            40                            420                           0.10272233230967763           
6676                          1                             59.54091195937609             11.543265892216077            37                            447                           0.09956106585781456           
9868                          1                             59.54091195937609             10.351276230112603            35                            396                           0.09264215839618095           
10312                         1                             26.344628422211876            3.714339112172082             12                            180                           0.03199106556930124           
11228                         1                             59.5409119593761              15.237709555804944            49                            443                           0.13104937928072552           
14015                         1                             59.540911959376096            15.19060970159189             52                            456                           0.13484329896599503           
14439                         1                             59.540911959376125            8.762609956420407             28                            439                           0.07494668004493013           
16123                         1                             54.498697658329554            11.132673181646735            37                            412                           0.0985261252985082            
16147                         1                             59.540911959376096            16.903629495911776            55                            530                           0.14618754012097684           
17441                         1                             59.54091195937609             10.32592428402478             37                            446                           0.09435232261657531           
18571                         1                             49.816591729518876            10.146549682032925            35                            378                           0.09167351338676595           
25166                         1                             59.54091195937609             16.403311370557493            54                            448                           0.14310202883586612           
27605                         1                             26.34462842221188             5.577030305241846             19                            191                           0.04933867378111998           
33745                         1                             59.54091195937609             12.352560941168615            38                            466                           0.10398938156648081           
35290                         1                             59.54091195937609             13.06431933438861             45                            471                           0.11629945876535755           
42398                         1                             59.54091195937609             10.641168606480804            36                            407                           0.09511589733573417           
42753                         1                             59.5409119593761              16.14542222712942             52                            471                           0.13818835688950493           
43852                         1                             59.54091195937609             9.434435327855885             32                            420                           0.08391666466550642           
44058                         1                             59.54091195937609             11.450087070124969            37                            375                           0.09925752322342678           
48186                         1                             59.54091195937611             12.71334273283764             41                            468                           0.10959267654350466           
49557                         1                             59.54091195937608             10.850033317408808            34                            444                           0.09096211813763383           
49610                         1                             59.5409119593761              10.027065473428403            34                            430                           0.08875422624149985           
50049                         1                             59.540911959376096            16.64213062933669             57                            492                           0.1484038932026599            
50531                         1                             59.54091195937609             12.030450709555824            40                            433                           0.10475035283810022           
50952                         1                             59.54091195937609             12.822221223764863            42                            431                           0.11182987652098035           
51025                         1                             59.06254945930239             11.474502043957195            36                            455                           0.09681884326696177           
52062                         1                             59.5409119593761              15.648814054799479            50                            454                           0.13514980526239317           
54978                         1                             59.540911959376096            13.855425391880694            50                            453                           0.12778680907247117           
55270                         1                             59.540911959376096            15.423713187509167            51                            441                           0.13486379205813936           
57709                         1                             59.540911959376096            14.285216327256462            47                            442                           0.12406450675146669           
59022                         1                             59.54091195937611             15.022223474763116            49                            472                           0.13004752622752067           
59063                         1                             59.5409119593761              15.107989530253285            50                            452                           0.13276478152529755           
60436                         1                             59.540911959376096            11.941472835034748            40                            464                           0.1042256193380335            
70813                         1                             59.5409119593761              12.27019737568142             41                            435                           0.107635231183619             
73367                         1                             59.54091195937609             10.232515421056585            36                            421                           0.09360628054156832           
73520                         1                             57.31598310527802             13.393787983256196            47                            469                           0.12140113336606236           
74902                         1                             59.540911959376096            17.70270222779293             56                            428                           0.150982691670047             
76968                         1                             59.540911959376096            13.506743391123994            43                            449                           0.11492049197338247           
83836                         1                             59.5409119593761              11.354326691995855            38                            465                           0.10000905504312677           
84028                         1                             59.54091195937612             13.224057222287852            43                            433                           0.11435314721692547           
84959                         1                             59.54091195937609             14.260623146204544            48                            432                           0.12630462277414517           
85332                         1                             59.540911959376096            18.061197674512375            60                            451                           0.15840407501098147           
87667                         1                             59.54091195937609             10.260951823101992            32                            477                           0.0866754737778067            
91401                         1                             50.17698204641378             12.344694782904543            40                            341                           0.10702193369722326           
91804                         1                             59.540911959376096            10.962445319173414            37                            454                           0.09636691369792746           
92512                         1                             59.54091195937609             13.209910702382693            43                            495                           0.11415323199294299           
93526                         1                             59.540911959376096            12.48721657674589             41                            420                           0.10926387639243108           
93734                         1                             33.1962874986377              5.17695409128949              18                            264                           0.04692330314484475           
95840                         1                             59.540911959376096            14.379039526904712            47                            450                           0.12438962579860428           
96921                         1                             59.540911959376075            10.326711342889107            34                            433                           0.089221566754719             
99259                         1                             59.540911959376096            14.765440031574844            49                            460                           0.12917519745832623           
99356                         1                             59.54091195937609             8.0088902921067               28                            406                           0.07218087138009298           
2575                          2                             59.54091195937609             14.644417990140598            47                            442                           0.12601704621774468           
4654                          2                             59.54091195937612             17.583043896926338            60                            442                           0.15665579304267002           
8538                          2                             59.54091195937608             18.141932040631165            61                            464                           0.15989540470910774           
9747                          2                             59.54091195937611             14.738593020970727            48                            437                           0.12739174611563192           
10605                         2                             59.54091195937608             17.838540817534522            59                            440                           0.1569876687500956            
10703                         2                             59.540911959376096            13.791831807067002            45                            433                           0.11925222413298169           
11110                         2                             59.540911959376096            13.696938730666373            47                            408                           0.12276639985645148           
17283                         2                             59.54091195937609             14.530928660968017            49                            403                           0.12898050641603306           
18535                         2                             59.540911959376096            17.982133549872582            61                            423                           0.16001314542843256           
18673                         2                             56.26243299409715             12.689900247755334            44                            413                           0.11326559548925057           
18948                         2                             59.540911959376096            16.30469737774064             51                            399                           0.13945084720078393           
20685                         2                             59.5409119593761              15.9145129436404              55                            465                           0.14228502602285525           
20726                         2                             59.540911959376096            18.99589738450412             63                            434                           0.16729937436495987           
22518                         2                             59.54091195937609             15.875957613603633            51                            473                           0.1365321889286998            
22615                         2                             59.54091195937611             14.23180142606028             47                            460                           0.12394032828086578           
22777                         2                             59.540911959376096            14.923351206101309            48                            428                           0.12916102040488298           
24528                         2                             59.54091195937611             19.87628078281018             65                            463                           0.17302825078103032           
24961                         2                             59.5409119593761              13.896182250556238            50                            444                           0.12719008613760008           
25134                         2                             59.5409119593761              16.438416431637513            54                            459                           0.14382473986073502           
25515                         2                             59.540911959376096            14.108938716509085            46                            438                           0.1219144622827616            
25939                         2                             59.54091195937609             13.127756941955768            41                            453                           0.11075751758667693           
27731                         2                             59.54091195937609             18.053537088753234            59                            425                           0.15694793259520323           
30503                         2                             59.5409119593761              15.262473591257342            53                            458                           0.13728823731889467           
34422                         2                             59.54091195937609             13.172437826266806            44                            420                           0.11554156530229542           
34799                         2                             59.5409119593761              14.938448077757856            51                            396                           0.13465517851953546           
35759                         2                             59.540911959376096            16.849481285238575            54                            498                           0.14462481242050115           
37471                         2                             59.540911959376096            13.213309536168287            44                            458                           0.11556456959839502           
41794                         2                             69.75269402073877             16.719106500788417            57                            517                           0.14815601530207348           
43048                         2                             59.54091195937609             15.328655303549562            52                            442                           0.13524019272445387           
44803                         2                             59.54091195937611             17.697018873296447            59                            436                           0.15618032589072647           
47998                         2                             59.540911959376096            9.450929646760981             31                            436                           0.08196534379087417           
48701                         2                             59.54091195937608             14.64451776691549             47                            418                           0.12641828039421604           
49939                         2                             59.5409119593761              14.325501932646468            50                            422                           0.130976042929169             
50385                         2                             59.54091195937611             15.43826350565838             49                            407                           0.1305820419640027            
55501                         2                             59.540911959376096            17.013175547558184            55                            449                           0.14637505738117945           
57199                         2                             17.85688630782303             3.2704370187647545            12                            111                           0.030242225735690336          
59048                         2                             59.54091195937608             19.078912311366736            63                            474                           0.16648562374503909           
61827                         2                             59.540911959376096            13.2366556279157              43                            413                           0.11473701484945421           
62024                         2                             59.54091195937611             16.802973740720347            54                            453                           0.1449733575920208            
62861                         2                             59.5409119593761              15.63652114030962             50                            430                           0.13354286564929976           
64890                         2                             59.5409119593761              15.147539051520038            51                            443                           0.13380491649513662           
65299                         2                             59.540911959376096            15.859751195708938            53                            477                           0.14051940674149727           
67600                         2                             59.540911959376096            18.042923231728462            56                            439                           0.1514344792973258            
71097                         2                             59.5409119593761              23.339303824518204            76                            525                           0.20128572000119285           
71977                         2                             59.540911959376096            20.547166285510755            65                            451                           0.1746036456185104            
77396                         2                             59.540911959376096            15.068561935500083            51                            462                           0.13423320109294642           
77877                         2                             59.5409119593761              15.894307152092896            51                            386                           0.13634264812496366           
79036                         2                             59.5409119593761              22.54023688812517             75                            462                           0.19807137127786634           
80230                         2                             59.54091195937609             17.345101213598994            59                            419                           0.1547409158054702            
84399                         2                             59.5409119593761              13.893625920622476            47                            438                           0.123211081064668             
84506                         2                             59.5409119593761              17.552018661756712            60                            452                           0.15665002018609378           
85197                         2                             59.54091195937609             17.96440199289706             59                            466                           0.156073634155391             
86884                         2                             59.54091195937609             19.152129590376045            65                            415                           0.16945530647982485           
88033                         2                             59.540911959376096            20.5943297050229              70                            482                           0.18361011584766201           
89457                         2                             59.540911959376096            12.254697029957926            40                            446                           0.10548363980446541           
89670                         2                             59.5409119593761              17.48223294694725             58                            473                           0.1516669364986951            
91693                         2                             59.54091195937609             17.9478869723627              57                            446                           0.15328898046708872           
92462                         2                             59.5409119593761              19.950887005090372            63                            443                           0.17165025540112758           
92637                         2                             59.54091195937612             12.971046215036042            43                            451                           0.11436903929473294           
92985                         2                             59.54091195937609             16.027562815238745            49                            413                           0.1361901216087949            
95078                         2                             59.5409119593761              17.234663212319088            56                            451                           0.14951556014803566           
97639                         2                             59.540911959376075            11.733876795997572            38                            406                           0.10138656020052744           
97925                         2                             59.5409119593761              16.401661923979333            53                            389                           0.14177633120173883           
99073                         2                             59.54091195937609             20.527980868833403            67                            475                           0.17654164146054563           
99308                         2                             59.540911959376096            19.492312732825738            63                            436                           0.1691132243810717            
99621                         2                             59.540911959376096            9.460864552065305             30                            418                           0.08083431631075146           
50                            3                             59.54091195937609             11.841581217810617            38                            426                           0.1022657622409991            
2970                          3                             59.54091195937609             12.523325309342823            44                            478                           0.11299802967894333           
3704                          3                             59.54091195937609             9.498222485228366             34                            421                           0.08739991831672146           
8870                          3                             59.54091195937609             12.591411444503278            43                            466                           0.11277927798351368           
9834                          3                             57.770222165808704            11.116535314394827            40                            455                           0.10220283530348828           
13790                         3                             53.57148027238713             13.240651302130411            46                            418                           0.11992666505538051           
14833                         3                             59.5409119593761              15.948131095565158            52                            468                           0.13791972854336773           
15200                         3                             21.58349276731905             5.542845225319727             17                            148                           0.046602492217966245          
16827                         3                             59.5409119593761              11.612537204922614            39                            441                           0.10230649401279558           
17002                         3                             59.5409119593761              9.852528613504822             31                            389                           0.08382839272756926           
17372                         3                             54.14488893546213             12.699741132139879            42                            395                           0.11123057899492664           
19073                         3                             59.54091195937611             12.546005929608457            40                            438                           0.1071150647963166            
19499                         3                             59.540911959376096            14.720437732202528            50                            451                           0.13110250021052694           
21219                         3                             59.5409119593761              13.681844321134582            45                            490                           0.11902603493938999           
21544                         3                             59.540911959376096            12.580226441908458            42                            432                           0.10995765015624323           
21747                         3                             59.54091195937609             11.140146880759907            36                            444                           0.09655948523728558           
22085                         3                             59.5409119593761              15.08125211764893             49                            420                           0.13007833723040135           
22188                         3                             59.54091195937609             11.457482818821402            39                            429                           0.10284295264256169           
26964                         3                             59.54091195937612             13.722831100445505            47                            432                           0.1222197603522449            
28462                         3                             59.54091195937609             13.713994930657398            45                            446                           0.11931902887241086           
30470                         3                             59.54091195937611             13.690190491881525            45                            468                           0.11879665516073573           
32829                         3                             59.54091195937609             11.258682785411525            36                            457                           0.09570822812833397           
33864                         3                             59.540911959376096            15.477873956898886            53                            480                           0.13832383316480992           
35174                         3                             59.5409119593761              12.3431159754303              42                            399                           0.11142382038372571           
37774                         3                             56.9188623689239              12.058479768921115            39                            490                           0.10350525964352654           
37988                         3                             59.54091195937608             12.624529202526647            42                            441                           0.11132465882697674           
38162                         3                             59.540911959376096            14.029434527924655            46                            472                           0.12393008896995829           
38954                         3                             59.540911959376096            10.097189357413104            33                            439                           0.08801213394153577           
40918                         3                             59.54091195937609             12.99367424533033             41                            345                           0.1116533110459761            
41869                         3                             59.5409119593761              15.37682952431853             49                            452                           0.1308580788007747            
53400                         3                             59.5409119593761              12.911184298992891            45                            453                           0.11653105474704449           
53570                         3                             57.870699868158525            14.134798334027215            44                            448                           0.12018231949611267           
54460                         3                             59.5409119593761              15.514303091951714            55                            442                           0.1413711154888541            
55202                         3                             59.5409119593761              12.308254673519992            42                            459                           0.10936836260310544           
56028                         3                             4.534652980304282             1.197140012824964             4                             38                            0.01033163540624675           
57505                         3                             59.5409119593761              10.599256187850193            35                            435                           0.09279415281725832           
58910                         3                             59.54091195937612             18.833084929903183            63                            461                           0.1654747127160111            
59159                         3                             59.5409119593761              14.90873472282846             50                            495                           0.1317296520402335            
60896                         3                             59.54091195937609             14.116836180198476            46                            448                           0.12294724130394327           
62889                         3                             59.5409119593761              15.0325202529993              51                            435                           0.13351831048206333           
62957                         3                             59.540911959376096            8.454142352574062             29                            428                           0.075132557945856             
67959                         3                             59.540911959376096            15.237797024306253            51                            457                           0.13390584222963983           
70207                         3                             59.5409119593761              12.937972896551246            45                            462                           0.11702201337054915           
71063                         3                             52.51203803343448             15.71570055318027             48                            417                           0.1304284495337348            
76185                         3                             59.540911959376096            13.307187152002241            45                            397                           0.1184604802785311            
79314                         3                             59.5409119593761              10.641907694020256            36                            336                           0.09520824701684971           
79351                         3                             59.540911959376096            9.1936760956061               30                            458                           0.08028651920359262           
81148                         3                             59.5409119593761              10.592400421115908            34                            390                           0.09049883325622401           
84497                         3                             59.540911959376096            12.616635910448757            44                            485                           0.11469330733997388           
85624                         3                             59.54091195937609             16.017090091062535            54                            457                           0.14141741972979258           
86550                         3                             59.5409119593761              10.871902674573981            36                            427                           0.09539658876746668           
87638                         3                             59.54091195937609             11.127556151495888            39                            493                           0.10216160787978734           
88969                         3                             59.5409119593761              10.452676861949838            34                            404                           0.09076710146554999           
91112                         3                             59.5409119593761              11.665911477057948            38                            439                           0.10145110528751891           
92995                         3                             59.540911959376096            12.51827629418599             42                            434                           0.10938958760546783           
93562                         3                             59.540911959376096            11.746902585757091            38                            358                           0.10069587853390703           
97413                         3                             59.540911959376096            13.357859170653375            46                            457                           0.11998205232071833           
97680                         3                             59.54091195937607             14.233556346937755            48                            493                           0.1257034592998877            
98120                         3                             59.5409119593761              13.93643053501167             44                            415                           0.11752885944689913           
98535                         3                             59.540033513612876            15.274628720753416            49                            430                           0.1307582399356024            
98767                         3                             59.5409119593761              13.032979824530033            44                            431                           0.11480622182579338           
99012                         3                             59.540911959376096            16.464573471207068            54                            442                           0.14406269425256488           
99665                         3                             59.5409119593761              10.940488459211059            37                            439                           0.0988132076068139            
141                           4                             59.54091195937612             15.541015962535004            49                            428                           0.13111680143289628           
969                           4                             59.540911959376096            14.43898317970882             49                            461                           0.12823950976608428           
1610                          4                             48.16239914642255             9.944477998129825             34                            342                           0.08842715728295696           
2487                          4                             59.54091195937609             11.537723952214856            39                            395                           0.10150419947856763           
5869                          4                             59.54091195937609             15.062326584529172            48                            461                           0.12910268601564337           
6605                          4                             59.5409119593761              14.062435780265698            47                            459                           0.12498225344880601           
8353                          4                             59.54091195937609             15.954416544394933            53                            490                           0.138924509122374             
10956                         4                             59.5409119593761              14.003422263002365            48                            434                           0.12541202418359487           
11909                         4                             59.540911959376096            12.790382300890512            41                            426                           0.10931707840244842           
12876                         4                             26.34462842221187             6.292924585279093             21                            192                           0.05528926766556468           
14104                         4                             59.5409119593761              14.043900927100756            47                            415                           0.12521622657434825           
14375                         4                             26.344628422211876            4.44507890076816              14                            159                           0.03845751672541549           
14524                         4                             59.54091195937611             10.872948858316123            38                            440                           0.0974031834921634            
16861                         4                             59.540911959376096            11.711956828613612            40                            425                           0.10547278069190716           
17370                         4                             59.540911959376075            11.32581714030998             37                            407                           0.0979570702141005            
19651                         4                             59.5409119593761              11.87435192111559             40                            403                           0.10618456761511223           
19879                         4                             17.84281590066152             3.4693301345601113            11                            131                           0.029622794031408165          
20660                         4                             59.5409119593761              17.055510908838116            55                            451                           0.14604880783642427           
23041                         4                             59.54091195937609             15.595332201422988            50                            473                           0.13301889786816032           
26555                         4                             20.889096438703156            4.422079234008147             15                            153                           0.039989919945445505          
28213                         4                             59.54091195937609             13.695266459697612            45                            436                           0.11902285748111165           
28428                         4                             59.54091195937611             12.653438814579564            42                            466                           0.11124574440315989           
32197                         4                             59.54091195937609             16.97443645083918             55                            487                           0.1474428706373834            
33160                         4                             59.54091195937609             13.510275566875121            44                            454                           0.11684779376223059           
33204                         4                             59.540911959376075            15.77220494407904             51                            506                           0.1349404359212425            
35022                         4                             59.5409119593761              17.73434278502573             59                            486                           0.15609449038151574           
36070                         4                             21.1205053171123              4.396344836201378             15                            163                           0.03893162479837318           
36768                         4                             59.540911959376096            15.137221324185901            50                            458                           0.13189096860480892           
39111                         4                             59.54091195937608             12.867871841702017            43                            455                           0.11243818088362009           
41070                         4                             56.08738056972653             15.070953598622811            50                            443                           0.13216085335805763           
44237                         4                             59.54091195937609             15.230972433264975            51                            483                           0.1340940804095806            
49034                         4                             59.540911959376096            16.322770501246225            55                            465                           0.14428259043691039           
49622                         4                             59.5409119593761              14.053564365566642            46                            460                           0.12120522370897617           
51646                         4                             59.5409119593761              13.217845867554125            44                            440                           0.11532269271602262           
54234                         4                             59.54091195937609             11.653454254766249            39                            445                           0.10275981764781789           
54934                         4                             59.5409119593761              11.98406498751823             40                            435                           0.1058345813875657            
56288                         4                             59.5409119593761              12.660258824433676            42                            456                           0.1113345567437446            
56794                         4                             59.540911959376096            15.035858321433036            49                            464                           0.12980674786945207           
58216                         4                             59.5409119593761              17.229786078941732            56                            435                           0.15034627974280215           
58916                         4                             59.540911959376096            16.473831305077272            54                            496                           0.14396184270990697           
59347                         4                             59.54091195937609             15.882756925689169            54                            505                           0.14098276629083004           
60124                         4                             59.54091195937609             12.755977708527542            41                            440                           0.108750112630532             
62747                         4                             59.54091195937609             12.85583656980771             44                            443                           0.11490072000381489           
64478                         4                             59.5409119593761              13.672804951238541            46                            443                           0.12102450601213122           
66203                         4                             59.5409119593761              14.879890538783089            49                            452                           0.130186371671955             
69002                         4                             59.54091195937609             16.868458197656636            57                            456                           0.1500191520740782            
70612                         4                             59.540911959376096            14.6376037933517              47                            410                           0.12587057934661497           
71109                         4                             59.54091195937608             13.397345927679057            45                            453                           0.11770443280912513           
72646                         4                             59.540911959376096            15.199750604508983            51                            462                           0.13325562964115842           
73410                         4                             55.17772089032576             13.877381178929904            45                            434                           0.11978052672264558           
74423                         4                             59.5409119593761              11.771377163452188            40                            475                           0.10449994781819588           
77091                         4                             59.54091195937609             11.019455977542666            37                            398                           0.09767727472029646           
78754                         4                             59.54091195937609             14.81505827309108             49                            484                           0.13051494192265414           
80812                         4                             59.540911959376096            18.212151999396742            61                            446                           0.16326914576830684           
81307                         4                             59.54091195937609             17.291219157566623            57                            495                           0.1503018990224346            
82066                         4                             59.54091195937609             15.649930255742056            54                            453                           0.14095696738189556           
83019                         4                             45.250794547330784            9.154828626492712             30                            308                           0.07965714814257215           
83565                         4                             59.54091195937609             12.978766856997495            43                            443                           0.11314460030423686           
83582                         4                             59.54091195937609             13.693429039916419            44                            492                           0.11816247809627821           
83683                         4                             59.540911959376096            17.105665373348618            55                            445                           0.14621124327454013           
85692                         4                             1006.3231048790784            255.72431614467465            856                           8279                          2.2597630112533906            
87153                         4                             59.54091195937609             13.657808233825019            47                            432                           0.12320648560185395           
87350                         4                             59.540911959376096            13.05068403652007             42                            429                           0.1126501427584979            
87506                         4                             59.54091195937609             12.7771308335482              42                            450                           0.11177827720629743           
88215                         4                             59.540911959376096            12.906239861221147            43                            470                           0.11342769995724707           
88572                         4                             59.54091195937609             13.589534664427326            47                            459                           0.12198406197544064           
89293                         4                             59.5409119593761              11.760048959001617            40                            410                           0.10487782967070097           
91280                         4                             59.54091195937609             13.140255326481782            43                            496                           0.1151790463159829            
95575                         4                             59.5409119593761              14.725315797941493            50                            451                           0.13032632960471457           
96303                         4                             54.578359325821225            17.470884078422944            57                            432                           0.15111932283891552           
96567                         4                             59.54091195937609             12.365243459376652            43                            453                           0.11067958418046614           
97354                         4                             59.54091195937609             15.03284637162276             48                            480                           0.1289325803563027            
97942                         4                             59.54091195937609             12.02237051834303             41                            431                           0.10678567443327741           
98253                         4                             25.438004927614184            5.28500173967405              18                            182                           0.04692852392801167           
98784                         4                             59.54091195937612             10.640738308213894            34                            419                           0.09099652156851532           
98856                         4                             10.045562170675481            1.635160374453828             6                             60                            0.015071519725954448          
98882                         4                             59.5409119593761              12.936239545997283            45                            434                           0.11577888400319075           
99927                         4                             59.54091195937609             14.066708692015839            45                            420                           0.12077373834548295           
632                           5                             26.344628422211873            4.196622597420375             13                            177                           0.034779689847792845          
1515                          5                             59.54091195937611             15.05583187132946             50                            390                           0.13181870492782022           
2234                          5                             59.54091195937609             18.83917028996543             60                            476                           0.16325432534449158           
4576                          5                             59.5409119593761              15.152239947957753            51                            444                           0.1338157478457458            
5440                          5                             59.540911959376096            11.78444515507677             39                            388                           0.10277991688749444           
5863                          5                             59.5409119593761              9.660653872247606             31                            397                           0.08259663881346756           
7298                          5                             54.68348835563858             12.66889692228031             43                            384                           0.11230014969416496           
11483                         5                             59.54091195937609             14.787939278051137            49                            477                           0.13018817472918168           
12867                         5                             59.5409119593761              14.220042769531922            47                            398                           0.12454354292540135           
13885                         5                             59.5409119593761              12.77008410005756             43                            426                           0.11310922271134347           
15909                         5                             59.54091195937611             17.38612147620226             56                            456                           0.1498997504743198            
17831                         5                             59.54091195937609             13.099562063237926            43                            452                           0.11318637831699921           
18446                         5                             59.54091195937612             14.058394149103359            47                            413                           0.12467582735220703           
21168                         5                             59.54091195937609             14.764344012267694            50                            469                           0.13056308528245053           
23810                         5                             59.5409119593761              13.849510756816137            47                            414                           0.12200964111154727           
26528                         5                             59.54091195937606             17.761660470888522            59                            494                           0.15744181936370719           
28039                         5                             21.369201935142442            4.08101526103265              13                            160                           0.035454949006860005          
29620                         5                             59.540911959376096            12.736865057508707            40                            406                           0.10839540719463524           
31881                         5                             59.54091195937609             13.465182334054797            43                            447                           0.11559449791726271           
33080                         5                             59.5409119593761              11.259536318218975            38                            421                           0.09966434435894073           
33707                         5                             59.540911959376096            12.592887728599722            44                            430                           0.11562555868811264           
33731                         5                             20.889097699290087            4.118356968837152             13                            149                           0.034796234723210126          
34711                         5                             59.5409119593761              9.407222820503144             31                            423                           0.08187120873482802           
36659                         5                             26.344628422211876            5.4077860848651405            17                            193                           0.045717032078798084          
38011                         5                             59.540911959376096            15.666324729431832            53                            497                           0.1388655180865216            
40762                         5                             59.54091195937609             16.72688724766618             57                            463                           0.14809792133447514           
41395                         5                             59.540911959376096            17.027979314292228            58                            482                           0.15151663326147333           
42336                         5                             59.54091195937609             12.286405961550747            42                            449                           0.10917016270417129           
42373                         5                             59.54091195937609             15.528426164311988            50                            433                           0.13344426862658756           
43514                         5                             59.540911959376096            16.03448468566613             52                            474                           0.139931239974538             
45120                         5                             59.540911959376096            13.44249554808615             44                            416                           0.11629358232068168           
45267                         5                             59.54091195937609             16.353362913967498            53                            452                           0.14105949148761407           
46716                         5                             59.54091195937609             14.147428522360833            46                            481                           0.12319560698284121           
47709                         5                             59.540911959376096            14.146345284345266            47                            402                           0.12410478306991707           
49807                         5                             59.54091195937609             16.273668861108217            53                            451                           0.1400093583447198            
52162                         5                             56.11581665439332             11.001353337204366            39                            416                           0.10013287765574522           
54272                         5                             59.540911959376096            12.513140092662864            42                            482                           0.11208453017254069           
54760                         5                             59.54091195937609             14.77452847895991             49                            420                           0.13052454186198287           
55590                         5                             59.540911959376096            12.612495970424268            42                            445                           0.11037722195532935           
57000                         5                             59.54091195937609             14.772527860957727            52                            455                           0.13589436796291463           
57021                         5                             59.54091195937607             13.123602573334342            43                            503                           0.11362532428415918           
57952                         5                             59.54091195937608             11.97999401163467             44                            496                           0.11104558987777748           
58595                         5                             26.344628422211862            5.17519609671886              16                            203                           0.04345395624992873           
58635                         5                             59.540911959376096            13.968971632012371            44                            416                           0.11942810723973292           
61498                         5                             59.5409119593761              17.863668300002207            61                            448                           0.16011062916767954           
64687                         5                             59.540911959376096            15.146952399399723            50                            464                           0.13307437226129087           
66443                         5                             59.54091195937609             13.067637022615747            44                            487                           0.11495007469747481           
67367                         5                             59.54091195937609             14.51634755458057             48                            436                           0.12674424257281008           
68342                         5                             59.5409119593761              14.328946429159185            48                            428                           0.1278491412732741            
69798                         5                             59.540911959376096            14.585440560336039            46                            443                           0.12360944272482005           
70554                         5                             59.540911959376096            10.061855760664256            36                            434                           0.09272230172034673           
71054                         5                             59.5409119593761              17.648809944835612            58                            477                           0.15441298158189426           
73463                         5                             59.54091195937609             13.671437921472439            46                            453                           0.12008647826249584           
73724                         5                             59.54091195937612             14.522480479407028            47                            472                           0.12747977411951916           
77293                         5                             53.11569121719312             13.533291642768068            47                            420                           0.12189961255670365           
79578                         5                             59.540911959376075            13.059074435890388            43                            479                           0.1138610327071464            
79775                         5                             59.54091195937608             15.834596655127083            53                            459                           0.1391206119210461            
80849                         5                             26.344628422211876            8.391400816925614             27                            215                           0.07232873074309419           
81113                         5                             59.540911959376096            10.672864240191055            35                            429                           0.09212692044966922           
81150                         5                             49.08750145716703             10.370693471173986            33                            371                           0.0887197212691347            
84168                         5                             19.194096774953245            6.096105358663996             20                            144                           0.05277739271272352           
84842                         5                             59.5409119593761              15.29772303094331             51                            446                           0.1353356549815882            
85003                         5                             59.540911959376096            12.67250026083084             42                            406                           0.11177847820501587           
87577                         5                             59.540911959376096            17.705554528908827            57                            457                           0.15360317626035386           
89188                         5                             59.540911959376096            8.73167768680456              29                            346                           0.07660684602377042           
92496                         5                             59.54091195937609             12.769701370079705            45                            427                           0.11559421750027679           
94292                         5                             59.540911959376096            13.231517196679208            46                            437                           0.119205089168798             
96441                         5                             59.540911959376096            16.02907647934992             54                            407                           0.1410411122667465            
97407                         5                             59.5409119593761              13.834169726594649            45                            477                           0.1207581167597665            
99112                         5                             59.5409119593761              17.177811868077967            55                            493                           0.14797909968758027           
99227                         5                             21.120494904570478            4.143754520845238             14                            143                           0.03705323246498142           
99829                         5                             59.540911959376096            14.772646761860472            50                            451                           0.13045089243164293           
525                           6                             26.344628422211866            5.101592005179496             16                            175                           0.04315902148982598           
806                           6                             59.540911959376096            13.311243553813064            48                            454                           0.12168398854551074           
1579                          6                             59.54091195937611             12.484125511262404            43                            463                           0.11202308537846255           
4752                          6                             59.5409119593761              16.557761105921262            53                            470                           0.14241478292181628           
5975                          6                             59.54091195937609             13.538746963036274            45                            438                           0.11843963240662331           
6092                          6                             59.5409119593761              11.517291609943491            40                            414                           0.10351924237062286           
6106                          6                             59.540911959376096            16.701368073746462            53                            459                           0.14275278231800415           
6393                          6                             59.540911959376096            14.97735858627483             51                            474                           0.13264220268008203           
7668                          6                             59.54091195937611             14.404418517912728            49                            406                           0.12695074284957863           
10112                         6                             59.5409119593761              15.59918047094983             50                            448                           0.13474060681146885           
10248                         6                             59.54091195937608             16.30238127968763             53                            454                           0.141116954008516             
13999                         6                             59.5409119593761              10.472569803753231            34                            439                           0.09118749917846664           
14393                         6                             59.54091195937609             9.973112267117326             33                            407                           0.08634411450436162           
15942                         6                             59.54091195937608             10.230795093864822            35                            425                           0.09027023728303642           
16861                         6                             57.03307680737196             11.623591555888815            37                            428                           0.09897440767671806           
17838                         6                             59.5409119593761              9.555440804194756             30                            395                           0.0812756183617604            
18173                         6                             59.507167145329646            16.086074310985435            53                            424                           0.14029938392032648           
19545                         6                             59.54091195937609             16.79046737839667             56                            428                           0.14626260546253927           
21036                         6                             59.540911959376096            14.269866873346006            47                            416                           0.12408396334131358           
21482                         6                             59.54091195937609             13.262058432078877            44                            431                           0.1164102571871195            
23502                         6                             59.54091195937609             16.822843830039226            55                            481                           0.1454719905483436            
25005                         6                             59.54091195937609             16.415699059282368            54                            464                           0.1435823722434869            
29958                         6                             59.540911959376096            14.210029970869243            47                            454                           0.12449453817442988           
31783                         6                             59.54091195937611             17.355752252990385            59                            454                           0.15489032486244844           
32602                         6                             59.540911959376096            15.587048129595114            52                            468                           0.13742078037406186           
33418                         6                             59.540911959376096            8.461771542483643             29                            404                           0.07703932993287488           
33489                         6                             54.98012922482181             17.372094983455014            60                            428                           0.15551132753266017           
34129                         6                             59.54091195937611             11.36094177172586             39                            445                           0.101265659241771             
34368                         6                             59.54091195937608             19.092850000482926            63                            482                           0.1664953753230671            
35585                         6                             59.54091195937609             13.6459633054266              46                            472                           0.12049007966547184           
35826                         6                             59.54091195937609             12.880460130380602            43                            432                           0.11305816778600725           
36569                         6                             51.156139824437844            12.076011675539634            42                            408                           0.10950246410990958           
38475                         6                             59.5409119593761              14.671146809440497            48                            472                           0.12827022767936236           
39367                         6                             59.54091195937608             14.25253106624661             48                            432                           0.1253446989022301            
39462                         6                             59.540911959376096            16.96512592014394             54                            453                           0.14545575594801333           
40473                         6                             59.54091195937609             11.798255247544754            40                            485                           0.10335871720003771           
41035                         6                             50.48906447612929             10.689524405867045            35                            354                           0.0928907305149479            
46059                         6                             48.68058335690998             11.160731579241201            37                            388                           0.09806401135912704           
46275                         6                             59.5409119593761              12.123993957089274            41                            393                           0.10789679596882859           
47145                         6                             59.5409119593761              13.95688475862668             45                            459                           0.12014036605365352           
48326                         6                             59.5409119593761              14.452973623543558            47                            433                           0.125084306556518             
50467                         6                             58.781907304340386            13.631814546395592            46                            448                           0.1213063228549563            
50896                         6                             59.540911959376096            16.253013062194714            54                            446                           0.14244789365313137           
56084                         6                             59.540911959376096            14.437430150842857            47                            443                           0.12397642886446764           
56528                         6                             59.540911959376096            16.023767966506032            55                            480                           0.14253313352867              
57119                         6                             59.5409119593761              14.643101332907007            47                            447                           0.12533229275507984           
57445                         6                             59.5409119593761              13.410058868572474            44                            451                           0.11582461398861436           
57954                         6                             59.5409119593761              7.41138678125366              27                            391                           0.06896434948129541           
59250                         6                             59.54091195937609             15.79936655922032             51                            417                           0.13682244091238682           
60280                         6                             26.344628422211876            4.426112825455864             15                            164                           0.03926744357568502           
60982                         6                             59.54091195937611             17.02310246166819             56                            477                           0.15025900500648307           
61761                         6                             59.54091195937609             16.079045223190263            52                            471                           0.13880051955843076           
62018                         6                             59.5409119593761              12.736672735409975            41                            432                           0.10984812907110784           
62547                         6                             59.54091195937609             11.621444758438175            42                            454                           0.10666788024812554           
64864                         6                             59.540911959376096            9.533503515050668             30                            436                           0.08093556424092867           
66668                         6                             59.54091195937611             11.878634565461676            39                            411                           0.10361986149708748           
66923                         6                             59.54091195937609             18.372208606091153            61                            457                           0.1613762782528531            
67461                         6                             59.54091195937609             16.96778945291247             55                            469                           0.14662478852933916           
67650                         6                             59.5409119593761              13.081436676598411            45                            485                           0.11588443813487305           
68212                         6                             59.5409119593761              15.369961953175105            50                            482                           0.13334037808963736           
68760                         6                             59.54091195937609             18.05686583610343             60                            499                           0.15766594543320886           
69612                         6                             59.5409119593761              12.456237301396866            43                            439                           0.11216247904011005           
72790                         6                             59.54091195937608             14.65517517839357             48                            519                           0.1273961592120889            
72907                         6                             59.54091195937609             13.170747327144833            42                            419                           0.11255859387167491           
73815                         6                             26.34462842221187             5.566788434010448             19                            175                           0.049281669339812734          
74735                         6                             59.5409119593761              15.212081842427308            50                            433                           0.13251567039405945           
76237                         6                             59.5409119593761              16.473726824926892            53                            460                           0.14123564436353336           
77385                         6                             50.686025296199105            7.5408249686000035            25                            328                           0.06517470845565997           
78854                         6                             59.540911959376096            15.816202952684138            51                            451                           0.13696619922317227           
82283                         6                             59.54091195937612             11.976763362423265            41                            426                           0.107856852944566             
83756                         6                             59.5409119593761              14.667735190867138            48                            465                           0.12787052645971186           
84292                         6                             59.540911959376096            15.984408621906978            50                            453                           0.13420146529882085           
86703                         6                             59.54091195937609             12.528246690682346            42                            405                           0.11011515448250503           
94154                         6                             59.54091195937609             15.701353681307731            54                            430                           0.14010855910797887           
96186                         6                             59.540911959376096            13.353324550148171            45                            434                           0.11701418337355485           
96561                         6                             59.540911959376075            15.112203969138886            49                            438                           0.13155002918384298           
96714                         6                             59.540911959376096            12.494671740296365            41                            450                           0.1086955374594845            
98640                         6                             59.540911959376096            14.791729219455911            46                            427                           0.12489821915331228           
99431                         6                             42.65238592380783             10.732521731081839            36                            314                           0.09419368814198434           
438                           7                             59.5409119593761              9.234172088572333             30                            442                           0.08029285382242138           
1844                          7                             59.540911959376096            12.690419837941121            42                            420                           0.11139004673554133           
3114                          7                             59.540911959376096            12.00047817085647             39                            445                           0.10368299684608524           
5512                          7                             59.5409119593761              12.930097077308881            43                            446                           0.11302222321621716           
5627                          7                             59.5409119593761              12.09118453873331             41                            436                           0.10696185196537539           
6127                          7                             59.54091195937609             12.392191575425052            43                            423                           0.11113507575659266           
6846                          7                             59.540911959376096            12.450287415119286            42                            482                           0.10982825753162846           
11174                         7                             59.54091195937608             15.6846960082857              50                            432                           0.13532655667506255           
11827                         7                             26.34462842221187             6.189232421831333             21                            197                           0.0557423615128761            
11834                         7                             59.5409119593761              13.636182359117619            45                            446                           0.11858369473522055           
11899                         7                             59.5409119593761              15.002807406133533            52                            442                           0.13512301138931812           
13682                         7                             59.540911959376096            15.541451213401817            51                            443                           0.13586914678603626           
14814                         7                             59.54091195937608             14.165744058020561            47                            461                           0.12354356605544368           
15790                         7                             56.77179632648429             11.96833630936885             40                            413                           0.10437131738141064           
17884                         7                             55.36083596007146             11.668065746925928            38                            418                           0.10053327554682157           
18788                         7                             59.54091195937609             14.342135161914289            48                            454                           0.1269616262850577            
19032                         7                             59.54091195937609             14.325211910448193            49                            447                           0.1277814345840333            
20493                         7                             59.54091195937609             13.106435121282558            42                            456                           0.11270400594157653           
21648                         7                             59.540911959376096            11.405243754602735            38                            434                           0.09992724421578342           
21673                         7                             59.54091195937609             17.479635035285526            54                            480                           0.14716744976959617           
23553                         7                             59.5409119593761              11.501416601932808            37                            459                           0.09920117681654039           
23748                         7                             59.54091195937609             12.894186612150792            42                            426                           0.11123524929497246           
28846                         7                             50.36121466373169             9.678596161206995             33                            354                           0.08548437243825732           
29941                         7                             44.289438230417346            9.525190568015134             33                            322                           0.0851182952879887            
30295                         7                             59.5409119593761              13.631396180435384            47                            439                           0.12133844871467882           
30717                         7                             59.54091195937611             16.693279378270937            57                            458                           0.14916514275110287           
31175                         7                             59.5409119593761              12.50417833091093             42                            412                           0.11000818156199123           
32012                         7                             59.5409119593761              14.077859379734932            47                            462                           0.12447344818614213           
32057                         7                             59.54091195937608             13.550991706547636            44                            444                           0.11704485264355485           
35420                         7                             59.540911959376096            12.202933906588015            40                            466                           0.10580087412203731           
36572                         7                             59.5409119593761              11.252117986033934            37                            408                           0.10037173227445771           
37203                         7                             59.54091195937612             13.089111936490205            43                            437                           0.11554735651301411           
38397                         7                             59.54091195937609             13.176044763723157            45                            415                           0.11739353694008067           
41424                         7                             59.54091195937609             12.119972033660344            39                            434                           0.10347360667224648           
42552                         7                             59.540911959376096            14.274866664732436            47                            461                           0.12501116322226208           
42959                         7                             59.540911959376096            15.372759227107938            50                            432                           0.13402297545703093           
44056                         7                             59.540911959376096            13.595072520127117            47                            459                           0.12170846066149947           
45397                         7                             59.5409119593761              12.357069853026026            40                            457                           0.1067990093022732            
45514                         7                             59.54091195937609             14.792660846568877            49                            453                           0.13031672398603258           
46538                         7                             59.54091195937608             13.787863201005354            46                            439                           0.12119984056260662           
46775                         7                             59.5409119593761              12.800503554854567            44                            391                           0.11438518081521039           
48180                         7                             59.5409119593761              16.580439609896132            54                            479                           0.14392498894795955           
48624                         7                             59.54091195937609             9.922915961429895             33                            342                           0.088437675011262             
49301                         7                             59.54091195937609             11.468626252216952            37                            453                           0.09789057005057052           
49519                         7                             59.5409119593761              8.96869049854141              29                            360                           0.07719864345716476           
50893                         7                             59.540911959376096            10.065014823578148            35                            416                           0.09014563733700971           
51933                         7                             59.540911959376096            12.535437674116142            42                            412                           0.110950052007639             
52186                         7                             59.54091195937609             12.95006795318515             44                            473                           0.115306137157979             
52270                         7                             59.54091195937609             13.667671948963642            46                            459                           0.12076487536995462           
55475                         7                             59.54091195937609             13.198567598171758            43                            452                           0.11450189751167261           
58994                         7                             59.540911959376075            15.030208042574628            49                            431                           0.1313792356102871            
61581                         7                             59.5409119593761              14.963258539754644            49                            413                           0.1295247751228309            
70035                         7                             59.540911959376096            14.444300055806751            47                            440                           0.1269594699424176            
73022                         7                             59.540911959376096            10.262742398532694            34                            414                           0.08991640458196061           
73077                         7                             59.54091195937609             17.96713345938495             55                            453                           0.15026105032070278           
73220                         7                             59.5409119593761              12.561847846491453            41                            429                           0.10882606049575445           
74475                         7                             59.540911959376096            12.866079827497291            42                            453                           0.11248897775113581           
76102                         7                             26.344628422211876            3.6309892098689214            12                            195                           0.03179646222944146           
76544                         7                             53.44955073169487             14.838158782744241            47                            414                           0.12677143678316455           
77779                         7                             59.54091195937609             14.556078941161429            48                            432                           0.12601893668525416           
78061                         7                             48.654600905143795            10.889458865236683            34                            330                           0.09345007973716              
79286                         7                             59.5409119593761              14.224328616750975            46                            451                           0.12261441499311143           
80098                         7                             59.54091195937609             17.84644507272239             59                            470                           0.1563504017077206            
80676                         7                             59.54091195937609             12.553712339055895            42                            431                           0.111399530151159             
85758                         7                             58.26266826775841             16.70815364306894             56                            430                           0.14641949584802622           
86087                         7                             59.540911959376096            14.295804933887513            47                            467                           0.12498990527519767           
88781                         7                             59.540911959376096            12.397373969333266            39                            382                           0.1061945406970331            
92767                         7                             59.54091195937608             14.926912692699178            49                            442                           0.1306037693841337            
94011                         7                             59.5409119593761              11.469723096805968            38                            390                           0.1015594786394017            
97011                         7                             59.5409119593761              15.257381366666843            50                            457                           0.1342910144701754            
97297                         7                             59.540911959376096            17.730583242175662            57                            489                           0.1529184568928877            
98842                         7                             59.540911959376096            16.203425371583613            52                            473                           0.14099616274178386           
477                           8                             59.5409119593761              11.428680715739644            36                            324                           0.09633101157653778           
1894                          8                             59.540911959376096            14.40532376709012             46                            472                           0.12414606458407325           
5427                          8                             59.540911959376096            17.155686851146772            55                            447                           0.1467402987419949            
5689                          8                             59.54091195937611             14.528101010176165            49                            468                           0.12826350997988378           
5722                          8                             59.540911959376096            15.068621891038138            51                            461                           0.13526148839230373           
12450                         8                             59.540911959376096            16.279435710739584            53                            456                           0.13993871539396316           
12461                         8                             59.54091195937608             14.555692341023194            50                            451                           0.12967711258417508           
14165                         8                             59.540911959376075            20.72451645387215             67                            453                           0.17849602689756275           
17262                         8                             59.540911959376096            15.58983880187737             49                            487                           0.13152681298550814           
21092                         8                             59.54091195937611             14.712439213870338            46                            441                           0.12364685237963358           
21687                         8                             59.54091195937609             9.33985000488379              33                            451                           0.08497563735201626           
21809                         8                             26.344628422211873            3.479184551628073             14                            146                           0.03428121513414937           
22129                         8                             59.54091195937609             8.215961734409957             26                            372                           0.07140844115210948           
23230                         8                             59.5409119593761              10.67168730492942             36                            442                           0.09657213894899676           
23921                         8                             47.95835084153896             14.434160207049308            46                            386                           0.12260124778578324           
25714                         8                             59.54091195937608             12.945603121387888            42                            428                           0.11161728168661968           
26604                         8                             59.5409119593761              16.542129438455227            56                            421                           0.14681974165839456           
26997                         8                             59.54091195937609             17.033888486779322            56                            454                           0.14764757923610705           
27404                         8                             59.5409119593761              12.077467913042218            40                            424                           0.10622728677408533           
27816                         8                             59.54091195937609             14.663943938148947            51                            480                           0.1322449360579125            
30788                         8                             58.260126876274896            11.567959137331139            39                            469                           0.10206809512768436           
30899                         8                             59.54091195937609             13.61157437042132             46                            387                           0.1209006879812695            
32609                         8                             59.5409119593761              14.264226134167288            45                            441                           0.12139492396956977           
32789                         8                             59.540911959376096            11.263648561509696            39                            473                           0.10139388561378643           
33675                         8                             26.344628422211876            3.4378815316488507            11                            179                           0.02985313265668739           
33827                         8                             59.54091195937609             16.51336866136188             54                            447                           0.14351914826115894           
34135                         8                             59.5409119593761              13.495365727755717            44                            442                           0.11716521304434441           
39278                         8                             59.5409119593761              10.425857449472732            35                            431                           0.09102723141496735           
40698                         8                             59.54091195937612             11.807036734829893            38                            449                           0.10158948883884163           
42748                         8                             59.5409119593761              18.442663316540134            63                            468                           0.16429042651498613           
46887                         8                             59.540911959376096            14.215997857686991            46                            423                           0.12229363157060702           
49497                         8                             59.54091195937609             16.250392695874034            53                            451                           0.14148708096357018           
49638                         8                             59.540911959376096            12.82659576271913             44                            439                           0.11368360820636499           
50335                         8                             59.5409119593761              11.313160944739774            38                            372                           0.09964559048844226           
51276                         8                             59.54091195937609             12.774769448969252            40                            470                           0.11026293051998709           
52963                         8                             59.54091195937609             9.239415572399913             32                            458                           0.08253588346796299           
53617                         8                             59.54091195937609             14.363059899855335            48                            443                           0.12550979578563978           
59117                         8                             59.54091195937609             13.41766528439536             42                            356                           0.11315291760507867           
59236                         8                             57.37327480198338             14.490573011626342            51                            457                           0.13181478371461436           
61935                         8                             59.5409119593761              14.29779069586585             45                            447                           0.12192650305278076           
63144                         8                             59.54091195937611             10.787659256430723            36                            417                           0.09449060477316593           
64120                         8                             59.5409119593761              14.539271960404545            48                            428                           0.12744810591368966           
66289                         8                             59.54091195937609             16.7260722043242              57                            450                           0.14922377299802353           
66823                         8                             59.540911959376096            13.57609744301005             45                            451                           0.11893047840793108           
68893                         8                             48.77901981388876             13.360120612037377            44                            383                           0.11715031867501792           
69346                         8                             57.65612522236706             11.105622703925588            37                            418                           0.09820637090246244           
69856                         8                             59.54091195937609             12.154857806193613            38                            395                           0.10392288157906776           
70334                         8                             59.54091195937609             12.602245429992012            42                            436                           0.1110374803636124            
71224                         8                             59.54091195937609             13.408123299844831            43                            444                           0.11462319617210957           
72581                         8                             59.540911959376096            10.541545531950048            35                            333                           0.09285929579279845           
73155                         8                             59.54091195937612             13.90330416141266             45                            489                           0.12028085748611503           
73484                         8                             59.540911959376096            15.209571118428535            52                            439                           0.13562858549856607           
75127                         8                             59.540911959376096            14.380825902336541            50                            486                           0.1288548172504313            
77273                         8                             59.540911959376096            11.565968146625195            38                            451                           0.10152761820195531           
77905                         8                             59.5409119593761              14.423429660978927            48                            441                           0.1269376487958469            
80245                         8                             26.34462842221187             5.620176186252857             19                            164                           0.050696667420741644          
82222                         8                             26.34462842221187             5.219109983230706             18                            211                           0.04658149206973083           
82240                         8                             59.54091195937609             14.74355603480539             49                            441                           0.12864995638896706           
83501                         8                             59.5409119593761              14.417277872194468            49                            394                           0.12729189803923624           
83535                         8                             59.54091195937609             12.56323061118657             45                            432                           0.11407069571901106           
83588                         8                             59.5409119593761              10.75841109414995             37                            441                           0.0969724244877611            
84247                         8                             59.5409119593761              11.956705724068712            40                            481                           0.10486231618216432           
86091                         8                             59.54091195937608             11.415017345276961            39                            475                           0.1030927618414048            
86486                         8                             59.5409119593761              14.491481268116264            50                            473                           0.1308963508174938            
86971                         8                             59.5409119593761              13.617974248009709            45                            432                           0.11894364109423507           
89944                         8                             59.540911959376096            11.475579327900917            39                            409                           0.10172060096878496           
89971                         8                             59.54091195937609             12.436142898261204            41                            476                           0.11001575903228504           
93878                         8                             59.540911959376096            17.395340290203507            56                            442                           0.14905507078748975           
94105                         8                             59.540911959376096            12.11025790479648             40                            469                           0.10484025035391925           
97929                         8                             59.540911959376075            14.616805064782223            47                            435                           0.12548292346050227           
2399                          9                             59.540911959376096            13.997461673904002            46                            477                           0.12163368827213655           
3176                          9                             59.5409119593761              11.810565855605347            37                            410                           0.09973825673460737           
5921                          9                             59.5409119593761              14.907639623168674            51                            490                           0.1331834924307899            
6556                          9                             59.5409119593761              11.488984120346416            41                            441                           0.10567921377164882           
7353                          9                             59.540911959376096            18.57860128482987             61                            512                           0.16125271897508633           
7444                          9                             59.540911959376096            16.666850539000972            55                            473                           0.14583368822842702           
7910                          9                             59.54091195937609             12.667659317091994            41                            415                           0.10963350715778734           
11016                         9                             20.880783567670505            5.750369598831975             19                            136                           0.05043210546859543           
11997                         9                             59.54091195937609             11.994092151156691            39                            402                           0.10362687689383421           
12063                         9                             17.842809872162505            4.269715276059485             15                            121                           0.038807892181911836          
12881                         9                             59.5409119593761              13.049198507736468            42                            481                           0.1121583159435752            
13476                         9                             59.540911959376096            16.084651898691313            56                            470                           0.14593457374641655           
13492                         9                             59.5409119593761              12.878922738623281            44                            431                           0.11451002180799136           
14410                         9                             59.540911959376096            13.3347941655334              45                            483                           0.1176632029021074            
14684                         9                             59.540911959376096            15.148125376531887            48                            457                           0.12912183013620568           
15493                         9                             59.54091195937612             11.05923137199037             35                            460                           0.09355103756892089           
16391                         9                             59.5409119593761              14.66188001288379             51                            468                           0.1326294485872231            
17934                         9                             59.5409119593761              11.41035139043607             37                            462                           0.09830541111115784           
19543                         9                             59.540911959376096            15.876483764581343            52                            472                           0.13734136585976797           
20622                         9                             59.5409119593761              15.381762736222724            49                            405                           0.1311138703205112            
22456                         9                             59.54091195937609             11.034022788086661            38                            430                           0.09898190568176192           
23848                         9                             59.54091195937609             13.214917911768284            45                            441                           0.11662288441334709           
24183                         9                             59.54091195937609             12.531325777708878            41                            440                           0.1092466553550679            
24222                         9                             59.54091195937609             16.129469032937266            54                            442                           0.14355742248457665           
25290                         9                             59.5409119593761              11.461220217358585            37                            438                           0.09901668035708523           
25878                         9                             59.540911959376096            13.801417432277328            44                            465                           0.11726205463771348           
27475                         9                             59.540911959376096            13.069354294825832            45                            478                           0.1187093643526821            
27810                         9                             59.54091195937609             12.926057500090861            43                            416                           0.11296411758380498           
27982                         9                             59.540911959376096            19.362645219864824            65                            485                           0.17001041758588417           
29895                         9                             59.540911959376096            12.32226495330165             39                            412                           0.10424103880508716           
33929                         9                             59.54091195937609             14.894818464634271            49                            426                           0.1299807185475669            
35969                         9                             59.54091195937609             15.049099747568892            49                            485                           0.13090807893134923           
36628                         9                             59.5409119593761              15.317621290035337            51                            421                           0.1350567464327343            
36723                         9                             59.540911959376096            11.291181969948225            38                            442                           0.1004940039994269            
39108                         9                             59.54091195937612             10.037203625709179            34                            435                           0.08934041203789485           
39735                         9                             59.540911959376146            14.31668091095362             48                            462                           0.12517027749435417           
39974                         9                             59.5409119593761              16.287236554798472            53                            429                           0.14051734006644598           
40367                         9                             59.540911959376096            16.471634537652168            55                            507                           0.14556151352893734           
41110                         9                             59.5409119593761              15.353419775963596            50                            439                           0.13361021318170266           
44960                         9                             59.5409119593761              10.277465083626764            35                            439                           0.09065759326748409           
45931                         9                             59.5409119593761              16.28733479102184             53                            414                           0.14102160561417254           
47858                         9                             59.5409119593761              16.971951216340813            58                            491                           0.15137431241532256           
53140                         9                             26.344628422211866            6.492045084734225             22                            174                           0.05755006033549429           
54129                         9                             59.5409119593761              17.060924072089886            56                            510                           0.1482914375854696            
54477                         9                             59.5409119593761              11.77803769626947             40                            419                           0.10450395281454847           
55847                         9                             59.54091195937609             13.048203378402178            45                            431                           0.11801985760018854           
58213                         9                             59.54091195937609             13.468291795226438            44                            474                           0.11723334868955551           
59338                         9                             26.34462842221187             6.711132203424477             22                            192                           0.058374362356516524          
59453                         9                             26.344628422211873            5.131267158428043             17                            144                           0.04503092044459444           
61159                         9                             59.54091195937612             12.848849543469818            43                            446                           0.11489625194513609           
63236                         9                             59.540911959376075            16.531817770536886            53                            440                           0.14302646972430108           
64324                         9                             59.5409119593761              12.845889780967244            42                            373                           0.11175752473184809           
67934                         9                             59.54091195937609             15.574409750294269            50                            437                           0.13289627502011409           
71243                         9                             59.5409119593761              17.63823802495988             57                            466                           0.15114686411570086           
72615                         9                             59.540911959376075            13.884401060792323            44                            441                           0.11818513634799974           
82549                         9                             59.54091195937611             16.24359781996609             55                            455                           0.14569518354706293           
85133                         9                             59.54091195937609             16.885194202543016            58                            463                           0.1500741305943856            
89560                         9                             59.540911959376096            14.012218530603732            47                            394                           0.12290039975449629           
90197                         9                             59.540911959376096            16.98216931568681             57                            480                           0.14951210595431735           
91124                         9                             59.5409119593761              12.052243478272791            39                            439                           0.10447633612917262           
91599                         9                             59.5409119593761              14.101963456231392            45                            464                           0.12083937680602133           
93498                         9                             59.54091195937606             14.995864329609633            50                            475                           0.13069602353172133           
94340                         9                             59.54091195937609             13.023741498413594            43                            500                           0.1155588444486123            
94489                         9                             59.54091195937609             18.20521561323837             58                            483                           0.1564958311891686            
94948                         9                             26.344628422211876            4.913209388851794             16                            172                           0.04281916462455336           
95893                         9                             59.54091195937609             12.77490165203866             40                            454                           0.1074379816294905            
97174                         9                             59.54091195937609             16.259967632395448            53                            490                           0.14091108332546606           
97556                         9                             59.5409119593761              16.30192974963493             54                            482                           0.14233047109649147           
99438                         9                             59.540911959376096            15.671650603062371            52                            436                           0.13725451557967888           
3088                          10                            59.540911959376096            12.796098742460796            42                            458                           0.11196761153233072           
7637                          10                            59.5409119593761              13.205584864743969            45                            460                           0.11761942854722247           
12782                         10                            59.54091195937609             10.752684936442487            36                            465                           0.0945157186016127            
13326                         10                            59.5409119593761              13.350170289924632            44                            430                           0.1172145053970543            
13341                         10                            55.822410837820335            11.598207413010813            39                            400                           0.1024693334604539            
14033                         10                            59.540911959376096            8.491618580343689             28                            453                           0.07397434483470157           
14236                         10                            59.54091195937609             11.80812855180062             39                            455                           0.10241062987354402           
14937                         10                            59.54091195937609             13.511065429213701            44                            466                           0.11689756562157605           
19187                         10                            59.540911959376096            15.15905043916929             48                            442                           0.1307196257084598            
19270                         10                            59.54091195937609             17.658725245088053            54                            466                           0.14726742260508344           
19879                         10                            59.540911959376096            12.187912857638516            42                            436                           0.10856255448866023           
19931                         10                            51.44592472353427             11.978003727481733            39                            374                           0.1031928838751957            
20031                         10                            59.5409119593761              13.557626911853035            43                            447                           0.11518684751387649           
23285                         10                            59.54091195937606             16.88320569408486             56                            486                           0.14760354344406973           
23605                         10                            59.54091195937609             13.183357144312533            41                            451                           0.11116986874987198           
25368                         10                            59.540911959376096            13.120516152858684            43                            461                           0.11318007367348581           
26792                         10                            59.540911959376096            14.448017207870885            48                            425                           0.12616774515339957           
30464                         10                            59.5409119593761              14.024038308238836            46                            493                           0.12362657674836207           
32440                         10                            59.540911959376096            15.181981354993857            50                            465                           0.13325108057184204           
32715                         10                            59.54091195937609             12.259552630550019            41                            483                           0.10683891953449459           
33381                         10                            59.540911959376096            15.0429090265674              48                            466                           0.1287217494683776            
33756                         10                            59.54091195937609             13.979275818201094            45                            415                           0.1196378247694991            
35021                         10                            59.540911959376075            15.222616372973786            49                            464                           0.13083463173002388           
36216                         10                            48.663120119754595            14.205077942406572            45                            349                           0.1220538073119385            
37495                         10                            59.5409119593761              16.005872979505586            51                            460                           0.1368469190232068            
38292                         10                            59.5409119593761              12.080964455740453            38                            467                           0.10268575703913789           
39211                         10                            59.54091195937609             11.946877637795398            38                            424                           0.1052318300888896            
42405                         10                            59.540911959376096            14.162249633546189            44                            425                           0.11971657417617092           
42851                         10                            59.5409119593761              11.449163972136017            39                            472                           0.10195182825497835           
44025                         10                            59.5409119593761              11.44020505281333             38                            435                           0.09945446062324201           
46692                         10                            58.95171592311934             13.23125793876393             44                            430                           0.11647402715861234           
46953                         10                            59.54091195937608             14.488521018596565            48                            452                           0.12595118990400014           
47249                         10                            59.5409119593761              13.447683817136024            44                            444                           0.11706425149905372           
47852                         10                            57.38580928166211             10.590062470145812            37                            435                           0.09509438637876087           
49843                         10                            59.5409119593761              13.230847582995056            43                            442                           0.11692179941587046           
53267                         10                            59.54091195937609             10.289101089495583            31                            437                           0.08475880131094322           
53733                         10                            59.5409119593761              13.230484528870598            43                            464                           0.1152879369998079            
56328                         10                            59.5409119593761              8.447439750440184             29                            397                           0.07548744966146084           
56386                         10                            59.5409119593761              10.361032701179047            36                            402                           0.09382769552567924           
59136                         10                            59.54091195937608             13.524073298131672            44                            488                           0.11633743372875051           
60289                         10                            26.34462842221187             4.8975059613517455            15                            153                           0.04130201565506688           
61734                         10                            48.87672670898333             9.89415882673681              32                            368                           0.084986163892601             
62101                         10                            59.540911959376096            16.137430446180932            52                            475                           0.1399292076318705            
62333                         10                            55.74521740078287             15.911755624754644            53                            439                           0.13909333440395075           
64842                         10                            23.61266898468477             5.726692764588277             19                            193                           0.05025374292936756           
66186                         10                            4.172022819524543             0.5590159413032785            2                             25                            0.005060867128230256          
67413                         10                            59.5409119593761              10.240666549665093            32                            422                           0.08622919110075099           
68449                         10                            59.21299538485882             9.984501075934554             35                            378                           0.08997161315050725           
68602                         10                            59.540911959376075            11.712421171801218            39                            448                           0.10263784704458877           
72068                         10                            58.38660469734971             13.704012740259746            46                            428                           0.12058983008394544           
72998                         10                            26.344628422211876            3.3687833694920837            12                            164                           0.03097270528535746           
73967                         10                            59.54091195937609             17.373264618484754            57                            479                           0.15086979769377631           
76747                         10                            59.54091195937612             12.861493707555491            46                            397                           0.11798242766439992           
77911                         10                            59.54091195937609             12.128489833108775            42                            479                           0.11063909633355974           
78021                         10                            59.5409119593761              12.449255298323752            43                            439                           0.1120416589563693            
78263                         10                            59.54091195937609             12.088669194817628            40                            462                           0.10599545067525237           
80314                         10                            59.540911959376096            13.049560160917501            43                            494                           0.11400277736815184           
80992                         10                            59.54091195937609             16.37431820554929             55                            447                           0.1450656891829646            
84257                         10                            59.54091195937609             18.082251391726462            61                            457                           0.1606791677711779            
85637                         10                            59.5409119593761              13.596330972712595            45                            429                           0.11855281072554023           
89482                         10                            59.54091195937608             11.023628749294643            38                            424                           0.09822426142057203           
90365                         10                            59.54091195937611             11.770794203131587            40                            438                           0.10395371413323157           
90401                         10                            59.540911959376096            15.184522830020262            50                            436                           0.13123463526936377           
92620                         10                            59.5409119593761              18.283954799185295            57                            458                           0.1561612393570398            
92663                         10                            56.20575472774148             16.57276177918673             56                            446                           0.147029151064273             
96817                         10                            59.5409119593761              11.992856020546148            39                            438                           0.10510476474016117           
98618                         10                            59.54091195937609             10.25289503669805             37                            424                           0.09532367547101091           
99075                         10                            59.540911959376075            12.119909509470999            38                            378                           0.10285819396740857           
3375                          11                            59.5409119593761              13.564705449190832            44                            471                           0.11620165936591216           
8881                          11                            59.54091195937611             10.57660047005901             38                            435                           0.09693320704673629           
9544                          11                            59.54091195937609             11.331167370938847            37                            440                           0.09880251400642458           
9829                          11                            59.5409119593761              9.098180891493522             29                            448                           0.0780446895097068            
10019                         11                            59.5409119593761              11.244020391368691            38                            356                           0.09975722054843555           
10913                         11                            59.540911959376096            15.818543452665992            51                            454                           0.13794082840822677           
11709                         11                            59.540911959376096            12.780740138911403            44                            512                           0.11433641776945992           
13974                         11                            17.074504886970285            4.1031411089435395            13                            118                           0.034578935235926894          
16698                         11                            59.2451604997745              15.817622262295767            53                            454                           0.1407110180752231            
17474                         11                            59.5409119593761              13.569914532126859            45                            459                           0.11797588599828397           
19474                         11                            125.20669476206459            25.877201458643626            83                            932                           0.22162431512076375           
19692                         11                            59.5409119593761              10.415027251332592            36                            438                           0.09443378141085115           
20065                         11                            59.540911959376096            11.432647897087127            38                            393                           0.10004132318299033           
20969                         11                            59.540911959376096            15.405073413563327            50                            463                           0.13176886992374914           
21490                         11                            59.5409119593761              12.195685865750585            43                            412                           0.1099388611004389            
29131                         11                            59.5409119593761              14.741002352992414            49                            479                           0.12872348856640634           
30687                         11                            59.5409119593761              13.332105584104013            42                            466                           0.11315166257268976           
31048                         11                            59.540911959376096            14.604174331508132            49                            437                           0.1293640822802495            
31549                         11                            59.540911959376125            13.95484271666695             49                            449                           0.12624595040351663           
31697                         11                            33.1962874986377              8.029050638109062             28                            258                           0.07264790207270166           
32804                         11                            59.5409119593761              13.432891106887213            44                            439                           0.11755285458844515           
34568                         11                            59.5409119593761              12.476197552098453            41                            411                           0.11010782639525242           
35589                         11                            59.54091195937609             15.177297161174039            49                            437                           0.1303483376465899            
35942                         11                            59.54091195937609             14.252905218981956            46                            446                           0.1224781055644433            
36395                         11                            59.54091195937609             14.4548177496726              46                            438                           0.1243622116924581            
38288                         11                            59.540911959376096            14.286729759278739            47                            416                           0.12384943197979072           
39426                         11                            59.54091195937609             10.946157861666318            37                            474                           0.09842484524977282           
40415                         11                            59.54091195937608             15.504945164548138            49                            448                           0.132247691871475             
42074                         11                            59.54091195937609             15.463349529186553            55                            431                           0.14100591155986422           
42741                         11                            59.54091195937609             11.387192501683082            38                            445                           0.10213952334195907           
44281                         11                            59.5409119593761              13.1409946254376              45                            472                           0.11725782558371152           
44772                         11                            48.22531049744604             13.425786993847213            45                            370                           0.11807309552541333           
45120                         11                            59.5409119593761              10.054990992814513            33                            372                           0.08777057573156705           
45489                         11                            59.54091195937611             11.27074552916752             40                            424                           0.10332613703008942           
47168                         11                            59.540911959376096            13.448740552515046            43                            436                           0.11522864442699146           
47920                         11                            54.508855842962646            16.206644478361937            52                            424                           0.1389620326934828            
49237                         11                            59.54091195937609             16.501217004611917            56                            468                           0.14650007894458367           
51444                         11                            59.5409119593761              12.211276557701634            43                            462                           0.11061601338956861           
51972                         11                            55.118762564220894            9.907588640137197             33                            382                           0.08703589315809299           
52638                         11                            59.5409119593761              12.415789561197773            44                            436                           0.11249575525936509           
54598                         11                            59.540911959376096            12.391468401463724            41                            441                           0.10850963034377667           
56733                         11                            59.54091195937608             11.476620265983614            39                            431                           0.10228680075869039           
57738                         11                            59.54091195937609             13.157236759936017            46                            415                           0.11958056557226424           
58208                         11                            59.540911959376096            15.424352109031107            52                            462                           0.1362727984004206            
58816                         11                            59.54091195937609             16.533957637521727            59                            462                           0.1504361318678259            
59539                         11                            59.540911959376096            9.573280421268121             33                            418                           0.0868096558519054            
59693                         11                            59.540911959376096            15.66113246224736             54                            457                           0.1394812265561773            
61170                         11                            59.54091195937609             13.933808237666494            44                            445                           0.11862015287323718           
61826                         11                            59.54091195937611             10.695106790433732            36                            448                           0.09440758891962651           
63703                         11                            59.540911959376096            16.770985146650176            56                            517                           0.14704669126480968           
63846                         11                            59.54091195937609             14.527213744420326            47                            443                           0.12480824442309014           
63862                         11                            59.5409119593761              11.529279734004042            40                            417                           0.1036703288419878            
68450                         11                            56.5380243205647              13.465554409246803            42                            372                           0.11355826370132523           
68812                         11                            57.02940493804828             9.696444026269289             32                            410                           0.08441551577375977           
69848                         11                            59.54091195937609             14.5066416279125              47                            453                           0.12705337570262265           
72557                         11                            59.54091195937609             10.174042851987952            36                            415                           0.09279720036775514           
73104                         11                            59.5409119593761              11.259635928107544            38                            414                           0.09879816242541813           
73695                         11                            59.540911959376096            8.736283132171016             31                            445                           0.07953269142633623           
75367                         11                            59.54091195937609             12.34309423385376             40                            433                           0.10738180132497313           
75640                         11                            59.54091195937612             19.365964797713307            61                            482                           0.1648003399347605            
76950                         11                            59.54091195937612             14.139642427945178            48                            485                           0.1265296194953755            
77152                         11                            59.54091195937609             15.1494510728003              51                            451                           0.1327428675447125            
78036                         11                            59.5409119593761              12.916382545409931            44                            419                           0.1151937214379757            
78315                         11                            59.54091195937608             15.59801313495108             47                            483                           0.12969842187219102           
78782                         11                            59.5409119593761              14.185622492535932            47                            458                           0.12513504544445855           
79192                         11                            59.54091195937609             10.640521263070745            35                            400                           0.0932795035864371            
80028                         11                            10.510729685113661            1.8058511101907333            5                             73                            0.014325182905140168          
80591                         11                            59.540911959376096            9.951711649675769             35                            415                           0.09076781686147807           
81155                         11                            59.540911959376096            12.9480968133257              44                            452                           0.11474497624651404           
82232                         11                            59.5409119593761              12.628473824355952            43                            471                           0.11172555973386715           
84312                         11                            59.540911959376096            8.81056866941848              31                            419                           0.08002580240470535           
88250                         11                            59.54091195937612             13.725239536043253            46                            442                           0.12254333327038765           
88502                         11                            59.5409119593761              14.855857505475807            50                            443                           0.13110130082250326           
89769                         11                            59.54091195937609             12.981753854860253            43                            443                           0.11392208237524393           
91601                         11                            59.5409119593761              12.75921878394536             45                            425                           0.11627291243959857           
93918                         11                            10.416645134560474            1.6118079116149704            5                             84                            0.013585846605328637          
98879                         11                            59.00480159800895             11.900512741971209            40                            484                           0.10411887915000687           
1725                          12                            59.540911959376096            15.525392175634147            52                            489                           0.1377326494812457            
5946                          12                            20.892664945555047            5.672393400275304             17                            152                           0.046966732348073414          
8137                          12                            59.5409119593761              15.652195441560936            52                            448                           0.1370108460391151            
8210                          12                            59.54091195937612             16.53971565281359             53                            426                           0.14310466450576684           
11002                         12                            59.540911959376096            15.229215297432042            50                            419                           0.13223013646318155           
11518                         12                            7.051702426784144             2.6100183149393428            8                             47                            0.021483818503223197          
12135                         12                            17.854950520342822            4.269521661482011             14                            130                           0.0368801148182189            
12567                         12                            59.540911959376096            14.869529652223235            48                            444                           0.1285236051018357            
13847                         12                            59.540911959376096            15.05991859322112             48                            464                           0.12766590390772575           
14849                         12                            44.422515618901               6.580169585448661             22                            299                           0.057742913986956745          
17325                         12                            59.540911959376096            13.705695692196782            44                            504                           0.11985166176744767           
17916                         12                            59.540911959376075            16.38017853914967             54                            509                           0.14278709101193784           
18850                         12                            59.5409119593761              11.270934643551966            37                            428                           0.09779904579383046           
19145                         12                            59.54091195937609             10.91861648396436             36                            442                           0.09521425461260077           
19161                         12                            59.5409119593761              13.769852294592665            45                            457                           0.11930596801698054           
20363                         12                            59.54091195937609             16.018482761192573            52                            448                           0.13769173743759133           
20648                         12                            59.54091195937609             15.571460312990654            55                            453                           0.1419768955828678            
22667                         12                            59.5409119593761              14.38497962868197             48                            473                           0.12655578244418042           
22833                         12                            59.540911959376096            15.094423212272828            50                            467                           0.13338734220511148           
22850                         12                            59.54091195937609             12.685458020546626            42                            465                           0.11051460811714518           
23218                         12                            59.54091195937609             14.016336640046612            46                            468                           0.1227468254128731            
23583                         12                            59.54091195937609             12.34246831219956             42                            414                           0.11049858894651592           
25399                         12                            54.08964408494063             16.647392035279335            52                            422                           0.1408132618747681            
26567                         12                            26.34462842221187             9.469169843005208             31                            192                           0.08132489593238018           
26792                         12                            59.540911959376096            15.48931497786327             51                            439                           0.13416937639146917           
27078                         12                            26.34462842221187             6.2246580385597134            20                            164                           0.05356094087290996           
28893                         12                            59.5409119593761              14.710652546888427            48                            412                           0.12757838762370405           
29531                         12                            59.54091195937609             13.758561242481822            45                            405                           0.11882807653533103           
31272                         12                            46.81234957619304             12.475327902597963            40                            377                           0.10628676773673744           
31620                         12                            59.540911959376096            12.824767932455606            43                            442                           0.1130798667332629            
31668                         12                            59.54091195937609             15.14717497503965             51                            472                           0.1325233957899975            
33610                         12                            59.54091195937608             14.092900489488722            45                            454                           0.1214375472033093            
34534                         12                            54.129677819053               15.726770326184802            49                            419                           0.13285630982847713           
34873                         12                            59.54091195937609             15.795753327717597            52                            441                           0.13854171420716016           
35473                         12                            59.540911959376096            14.434448246911211            47                            467                           0.12566000097062457           
36845                         12                            59.54091195937609             17.651666227127613            56                            452                           0.15149286488087413           
37355                         12                            59.5409119593761              10.176337959240586            32                            445                           0.08693027937040995           
38772                         12                            59.54091195937609             16.298192527607558            53                            446                           0.14211544666340556           
40783                         12                            59.540911959376096            16.11103418225055             52                            453                           0.13882898345155906           
45149                         12                            59.54091195937609             13.475122893962164            44                            464                           0.11677489817015146           
46190                         12                            59.5409119593761              13.050881274548846            42                            429                           0.11303409327714779           
47167                         12                            59.540911959376075            14.000358658629871            48                            412                           0.12512656939637062           
52722                         12                            59.54091195937609             10.33216040084483             37                            435                           0.09467681211572153           
54476                         12                            26.24692826553061             7.932204507423661             25                            187                           0.06750586103794061           
54732                         12                            59.54091195937609             13.893686137273898            46                            463                           0.12152864044091241           
57006                         12                            48.376889668182784            9.89646251360632              34                            363                           0.08893143060235555           
57387                         12                            59.54091195937609             18.391876733852705            59                            462                           0.1579520826574874            
57960                         12                            59.5409119593761              11.111773699383932            35                            450                           0.09619688354119613           
58313                         12                            59.540911959376096            14.576645902805675            47                            441                           0.12512039877116404           
60589                         12                            59.540911959376096            12.750070589872516            39                            374                           0.1067380785321123            
63894                         12                            59.54091195937608             17.86809811378318             62                            474                           0.16169792340822828           
66278                         12                            59.54091195937609             13.860870321864907            46                            414                           0.12296875754782101           
69032                         12                            59.54091195937609             16.17952976634304             55                            468                           0.14404129073000366           
69677                         12                            59.5409119593761              15.453037671856146            50                            473                           0.1328830227317713            
70375                         12                            59.540911959376096            18.223968940956794            58                            448                           0.15452624367675108           
71767                         12                            59.5409119593761              16.77202205997692             54                            444                           0.14388553235188759           
73528                         12                            59.5409119593761              18.465413343494905            60                            445                           0.16020590265391035           
74324                         12                            59.540911959376096            13.156138492842901            42                            461                           0.11256804076947319           
75170                         12                            59.54091195937609             22.916153086358218            74                            498                           0.19880635264655339           
76578                         12                            46.79574648522342             11.11553956590969             37                            346                           0.09741485982223587           
77442                         12                            59.54091195937609             13.269606405775683            44                            441                           0.11622451574327385           
77833                         12                            26.344628422211866            5.929789914159107             20                            189                           0.05381566590425908           
78003                         12                            59.54091195937611             12.557343473350512            41                            413                           0.10925029846598423           
79369                         12                            59.540911959376096            15.038216678072155            48                            435                           0.13016748960274022           
81016                         12                            59.54091195937609             15.787260009346246            51                            421                           0.13504079329767288           
81037                         12                            59.5409119593761              12.632236661185283            42                            445                           0.11036695647475417           
81975                         12                            59.54091195937609             16.18799480338348             52                            431                           0.1401745857214202            
82283                         12                            56.90851217642224             9.142938017220871             31                            370                           0.08136107163970464           
83327                         12                            59.54091195937612             16.837560274694383            57                            472                           0.15052601416847133           
83375                         12                            59.54091195937609             14.570555412273631            49                            442                           0.127838920266022             
83911                         12                            59.54091195937609             15.401463293852764            52                            491                           0.1386717643293805            
84896                         12                            59.540911959376096            15.861883938973516            54                            491                           0.14130306425985265           
88767                         12                            59.540911959376075            13.246001685976909            45                            450                           0.11719162696552028           
92272                         12                            59.540911959376096            17.04924509268351             54                            476                           0.14405261002371136           
92413                         12                            59.540911959376096            18.16380464670013             58                            476                           0.1556402217172231            
94941                         12                            59.540911959376096            14.400648338728534            48                            447                           0.12560026815092537           
95442                         12                            57.73808704513435             17.158124981273925            55                            431                           0.14864599342226914           
96729                         12                            17.850781531256228            5.002030020564674             15                            130                           0.042207160641807524          
98512                         12                            59.5409119593761              15.797958803024988            53                            450                           0.14022825684098766           
99010                         12                            59.5409119593761              13.59907009773665             44                            430                           0.11968114425525865           
99793                         12                            58.36493675611644             15.700832005082201            51                            427                           0.13528013479100445           
