### BoGEMMS simulation ### 
# EventID Edep_scint[keV] Nabs_SiPM_PDE Nabs_SiPM N_opt Edep_SiPM[keV]
189                           55.84247595306921             19.479724560646773            65                            455                           0.1719564441612662            
198                           58.15327536349436             11.736281819719679            39                            435                           0.10359947194508162           
445                           59.540911959376096            13.712737464004203            44                            418                           0.1187341651804595            
469                           59.540911959376096            14.905219362781247            49                            435                           0.12868796104593222           
693                           59.5409119593761              14.172531773334129            47                            446                           0.12366759256246813           
776                           59.54091195937609             15.044626037938666            49                            426                           0.1300152841705627            
1037                          59.54091195937609             12.961979022525552            44                            409                           0.11443276875618535           
1385                          54.754296792860444            10.295185684882473            34                            394                           0.09042536054803484           
1518                          59.540911959376096            15.724564955029145            54                            448                           0.14075390231594914           
1567                          59.54091195937609             11.904085491117428            41                            459                           0.10683337388455964           
1604                          59.54091195937609             14.429167277050855            49                            438                           0.12885331760418428           
1620                          26.34462842221187             4.891793002822954             17                            199                           0.04475293016620361           
1794                          59.5409119593761              16.250516824361075            53                            466                           0.14180523234239148           
2093                          59.54091195937609             10.590060365980591            36                            362                           0.09404640510264742           
2254                          59.540911959376075            17.599127120902438            59                            470                           0.15560507024636122           
2343                          59.5409119593761              13.733900044051252            46                            434                           0.12195654513836503           
2367                          59.54091195937609             16.85693336302674             54                            457                           0.14440825987800912           
2487                          54.76452134144368             12.381083854240401            43                            437                           0.11150664994177081           
2549                          59.540911959376096            13.815902854976839            48                            449                           0.12445728594353081           
2550                          52.211133690325475            14.061135881272916            47                            357                           0.12307448810108813           
2653                          59.540911959376096            15.803400977481983            53                            494                           0.1391915743797818            
2801                          59.5409119593761              14.274371286997606            47                            420                           0.12413781947302258           
2838                          59.540911959376096            16.725598597892308            56                            459                           0.1485867795621832            
3018                          59.54091195937609             14.855631154921946            50                            445                           0.13119525605200896           
3019                          59.54091195937609             11.461570365001307            36                            458                           0.09738123770642335           
3477                          59.5409119593761              15.875016672792126            52                            434                           0.13810283201792245           
3723                          46.470911959376096            8.061413066495598             27                            327                           0.070891831099044             
3798                          59.540911959376096            16.37456340166172             53                            427                           0.1407667500745599            
3804                          59.540911959376096            19.256053403356283            59                            458                           0.16351464908857632           
3867                          59.54091195937608             13.161821021198822            46                            467                           0.11969596102167149           
4066                          59.540911959376096            13.731728798315473            48                            457                           0.12518052596444065           
4784                          26.344628422211876            5.339773422644799             18                            180                           0.04819054949314722           
5047                          59.5409119593761              15.695780940571153            50                            475                           0.13416867788103023           
5127                          59.540911959376096            12.548068446696428            41                            442                           0.10918344907199871           
5178                          59.540911959376096            11.482185737589926            39                            427                           0.1024279727517979            
5271                          59.540911959376096            13.544551094962829            44                            441                           0.11789161388054066           
5301                          59.54091195937607             11.499809114385037            38                            443                           0.10000423729091164           
5791                          59.54091195937611             13.566410515978973            45                            426                           0.11796208453080324           
6315                          59.54091195937608             11.866597749381658            38                            438                           0.10234364487351448           
6687                          59.540911959376075            15.517901741132706            52                            479                           0.13621685006690704           
6694                          59.54091195937612             16.491519798887488            54                            434                           0.14240104335079168           
6784                          59.5409119593761              14.547993485642634            46                            444                           0.12404090226870669           
6852                          59.54091195937609             18.467143711481313            62                            437                           0.16349074097792898           
6889                          59.54091195937609             18.008965147727675            59                            431                           0.15792264690881266           
6922                          56.11140409623672             13.152910363692957            40                            399                           0.10919810887653224           
6995                          59.540911959376096            14.818637452297361            49                            463                           0.129563195071146             
7319                          59.54091195937609             13.06206189623878             44                            456                           0.1168834768356128            
7794                          59.54091195937609             17.506570728205418            55                            475                           0.14892727391600347           
8252                          59.5409119593761              9.51825659738379              34                            439                           0.0881136536290994            
8993                          53.860730562799745            12.734118972748428            41                            395                           0.11113309805155092           
9048                          59.54091195937609             17.949014966161833            57                            451                           0.1530818316901082            
9129                          59.540911959376096            15.334943552085035            50                            438                           0.13278354224843755           
9136                          59.540911959376096            11.966233155722271            41                            461                           0.10584856102376437           
9410                          59.54091195937609             15.768501316636065            50                            458                           0.13572600286774203           
9529                          59.54091195937609             16.923594426740436            57                            435                           0.1503304945791244            
9797                          21.583505149403017            5.514135379696886             17                            170                           0.04608669198478924           
9995                          59.5409119593761              13.672468997592933            43                            433                           0.11565506786746362           
10213                         59.54091195937609             13.483648180986375            44                            459                           0.11712840886585521           
10269                         59.540911959376096            11.923640666995206            39                            439                           0.1034231572246346            
10607                         59.5409119593761              14.271055270020948            46                            420                           0.12326155272975169           
10698                         59.54091195937609             16.163283194292784            53                            444                           0.1409269303857625            
10753                         59.54091195937609             13.971475687733491            48                            449                           0.12551660914080898           
10754                         59.540911959376096            14.557416958155862            50                            443                           0.1295774136426858            
10855                         59.5409119593761              12.057980216956933            41                            411                           0.10775078189769659           
11246                         59.54091195937607             13.200257800311334            47                            456                           0.11910069772197024           
11304                         59.54091195937609             15.674920644544622            53                            456                           0.13846551774786126           
11937                         59.5409119593761              12.29873000189399             39                            435                           0.10431943425555643           
12019                         59.540911959376096            14.112415838407882            46                            469                           0.12293460604417986           
12199                         59.540911959376096            14.425659120745525            47                            441                           0.12498621140045446           
12251                         59.540911959376096            13.32178561385489             46                            395                           0.1189589657794871            
12350                         55.468211473467655            11.116101101877112            38                            410                           0.09837412723511088           
12506                         59.54091195937609             11.849678167026562            40                            454                           0.10445301590784019           
12617                         59.540911959376096            11.326175783114385            37                            459                           0.09838536809529608           
12651                         57.90071641468129             17.943599985604003            60                            468                           0.1565553255951299            
13298                         49.277933934876344            9.23893604199985              31                            372                           0.08135609437406532           
14103                         59.5409119593761              12.276442037380185            42                            443                           0.10924997841518662           
14389                         54.04786955658996             10.390796328218478            34                            427                           0.09055025526477245           
14504                         20.253345781219032            4.92581866404197              15                            152                           0.04100039486643053           
14782                         59.540911959376096            16.70203155180256             54                            455                           0.14308362343989156           
15031                         59.540911959376075            10.305728266195771            34                            458                           0.08984523362945211           
15137                         59.540911959376096            14.486573338604865            49                            437                           0.1282539979032356            
15545                         59.540911959376096            11.345048060537902            37                            447                           0.09838223648280423           
15567                         59.5409119593761              17.450786176063495            56                            468                           0.14918272162261897           
15726                         59.5409119593761              11.845909282147437            38                            411                           0.10060834171758719           
16168                         46.5809119593761              9.90341657328319              33                            339                           0.0881792411920069            
16290                         59.540911959376096            14.789170412679622            49                            434                           0.12983719130970756           
16495                         59.54091195937609             15.05007094166561             51                            433                           0.13287826323075863           
16740                         59.54091195937612             13.779720615604209            47                            464                           0.12224987627255032           
16855                         56.46351566788786             11.571643835420211            39                            390                           0.10251624422963052           
17087                         59.5409119593761              12.576170773923687            42                            420                           0.1105843170940039            
17312                         59.5409119593761              10.99608239935824             36                            409                           0.09565113857321672           
17326                         50.13414229881319             13.959466698369948            47                            376                           0.12395976545565153           
17463                         58.9353758112795              9.858172167003097             33                            418                           0.08794185613083504           
17825                         59.54091195937611             10.187855014447022            34                            408                           0.08884465598656537           
17974                         17.25755950531924             3.673102506856586             13                            114                           0.033158891858302245          
18164                         59.5409119593761              14.93979847441279             46                            457                           0.12473209243506558           
18169                         59.54091195937608             14.383266272365994            50                            478                           0.12855237747822723           
18182                         59.540911959376096            12.957895406565926            44                            444                           0.11475020952134819           
18358                         59.54091195937609             14.184278749135213            50                            483                           0.1282163834434529            
18699                         59.5409119593761              15.77896324133396             51                            457                           0.13526442038954503           
18930                         59.54091195937609             12.55732451579283             45                            436                           0.11567953257775698           
18961                         59.54091195937609             13.059716091084429            45                            435                           0.11621024411556342           
18993                         59.5409119593761              14.077698984053889            46                            425                           0.12170371906244846           
19170                         59.5409119593761              12.787032483152217            43                            435                           0.11330064798691702           
19287                         51.640217258391985            16.31255687065242             52                            439                           0.14068520455165484           
19373                         59.54091195937609             14.632050789619367            49                            485                           0.1294546660401572            
19899                         59.5409119593761              13.951824831230292            44                            456                           0.11976161356211965           
20119                         59.5409119593761              11.551005206210371            39                            399                           0.10287224151160833           
20362                         59.5409119593761              16.53937868960765             56                            426                           0.1458085146765847            
20416                         59.5409119593761              13.276624891969544            45                            470                           0.11745182710871592           
20489                         59.5409119593761              13.091247983252103            43                            436                           0.11385124663058434           
20534                         59.5409119593761              15.933764866030916            52                            474                           0.13827942805690618           
20811                         59.54091195937608             12.00320035009292             41                            460                           0.10657185837047645           
21248                         59.5409119593761              12.531377558658148            42                            465                           0.11034752881220662           
21483                         59.540911959376096            14.195916422671798            47                            442                           0.12482496781832028           
21607                         59.54091195937609             13.809829223287343            45                            427                           0.120643916752478             
21767                         59.5409119593761              12.012404365476613            41                            455                           0.10749037668104985           
21973                         59.54091195937609             10.679046044400726            35                            428                           0.09300580477282089           
22072                         59.540911959376096            14.724652586959191            49                            466                           0.130354316074707             
22212                         59.54091195937609             14.147297342308933            47                            447                           0.12306745341923853           
22329                         57.99856003229696             12.371763480247056            42                            397                           0.10992342788764818           
22466                         59.54091195937609             15.825192168875994            53                            455                           0.1395643273770191            
22953                         20.88909171640036             4.832171853960804             17                            133                           0.04387240483680243           
23271                         59.5409119593761              14.753634352265387            48                            476                           0.1277581608763787            
23523                         59.5409119593761              12.170966939043492            40                            458                           0.10591081998972268           
23764                         59.54091195937612             9.986763223954705             33                            470                           0.08906652976041121           
24203                         59.54091195937609             11.751203045497274            38                            433                           0.102211807152401             
24641                         59.54091195937608             17.00619964045543             54                            462                           0.14539485907560587           
25020                         59.54091195937609             16.42603520099385             52                            442                           0.14035526239793533           
25191                         59.54091195937608             11.315992390226219            35                            386                           0.09538476440344765           
25442                         59.54091195937612             15.488981202726652            51                            478                           0.13459296454723085           
25458                         59.54091195937609             15.364870056341488            48                            479                           0.12912034105770917           
25606                         59.5409119593761              15.547305708982828            49                            446                           0.13215669614799191           
25658                         59.54091195937609             11.423644624032933            39                            431                           0.10215912181965921           
25723                         59.54091195937609             12.683982969965253            42                            431                           0.10999013139598866           
26106                         59.540911959376096            13.861167421148291            44                            444                           0.11876492610226629           
26275                         59.540911959376096            13.523958878134657            43                            471                           0.11603740474402328           
26293                         59.54091195937611             14.092117909493883            46                            447                           0.12271635471089441           
26370                         58.0402258320177              12.732581171123313            42                            429                           0.11086967172586017           
26699                         57.934672072977676            13.447854911164338            43                            423                           0.11470607953545693           
26759                         59.54091195937608             11.550005083451593            39                            429                           0.1024651652844781            
27062                         59.540911959376096            12.410804173933215            42                            439                           0.11011954680467698           
27280                         59.540911959376096            14.561458041624526            50                            434                           0.1306609786333886            
27285                         59.5409119593761              19.367501598855043            65                            471                           0.1716481258431105            
27556                         59.540911959376096            12.324650965185148            42                            434                           0.10983304504007725           
28230                         59.5409119593761              12.41702053275271             44                            434                           0.11307278194352527           
28255                         59.54091195937609             13.308846343273693            45                            462                           0.1178351711446001            
28363                         59.5409119593761              13.189680065334823            44                            464                           0.11726944626610739           
28579                         50.51672180405852             9.550209886619767             32                            364                           0.0832384071470925            
28658                         59.5409119593761              12.745707460423606            45                            439                           0.11516631998079019           
28797                         59.34024393590741             17.04946513578374             57                            480                           0.15026789681649416           
29710                         59.54091195937609             14.500556842433404            50                            454                           0.12966668212499996           
29842                         59.54091195937608             14.893015551903861            50                            441                           0.13359730083349844           
29875                         26.34462842221187             6.225802840169353             20                            193                           0.053346104425429634          
29984                         59.5409119593761              14.710021479162577            49                            413                           0.12824206098665775           
29995                         59.54091195937609             9.595655089751842             32                            409                           0.08506095876855133           
30436                         59.54091195937609             16.198888560247084            53                            425                           0.1416021611551552            
30563                         59.54091195937608             13.513009077174061            45                            445                           0.11996332640644708           
30571                         59.54091195937609             13.297650031142245            44                            398                           0.11584631546676499           
30689                         59.5409119593761              12.307624445512838            42                            427                           0.10846659775257254           
30755                         59.5409119593761              11.228906508735065            38                            412                           0.10019723758040035           
30821                         59.540911959376096            12.152803504778088            40                            458                           0.10536308065355839           
31185                         59.5409119593761              15.194416612720815            49                            428                           0.13153345291976112           
31361                         59.54091195937609             11.932641312999763            37                            420                           0.10143318564085448           
31465                         26.344628422211866            6.144750736284628             20                            199                           0.05327941612287321           
31580                         59.54091195937606             9.783703487683074             33                            459                           0.08614048922512409           
32063                         59.54091195937609             14.09735924271674             46                            428                           0.12230637246134551           
32197                         59.5409119593761              11.215519907323072            40                            463                           0.10221849531542126           
32216                         59.540911959376096            15.391180036464826            51                            434                           0.13482710501093872           
32367                         59.540911959376096            14.875698586493698            51                            411                           0.13278925272496664           
32496                         59.540911959376096            12.494838067376083            42                            456                           0.11103558358116151           
32586                         59.54091195937609             13.798488571654865            44                            426                           0.11765013839029388           
32755                         59.5409119593761              15.68715833096633             52                            455                           0.13763997830453956           
33083                         59.540911959376096            14.75114179509755             48                            472                           0.12804159113377286           
33243                         59.540911959376096            12.216183799184783            36                            393                           0.09999178489682138           
33256                         59.54091195937611             16.260309761695158            51                            408                           0.13912825942328785           
33470                         59.540911959376075            13.474101718394493            44                            447                           0.11671809878621087           
34185                         59.5409119593761              12.816057126719203            42                            445                           0.11251568102416636           
34275                         26.344628422211883            5.650533518026586             20                            175                           0.051009114336842167          
34348                         59.54091195937609             12.892842817153493            43                            456                           0.1131110811579466            
34467                         59.5409119593761              16.140205014601122            53                            434                           0.14013215771968315           
35039                         59.54091195937609             19.801193647870864            64                            467                           0.17200180708645013           
35478                         53.55179333136959             11.236962121241014            37                            404                           0.09707255496065786           
35863                         59.54091195937609             12.57702170162818             40                            466                           0.10694758280019734           
35907                         59.5409119593761              14.367018741659209            49                            452                           0.1285972025389314            
35917                         59.5409119593761              9.485918925612147             30                            400                           0.08181869694005253           
36312                         59.54091195937612             16.224743347013337            52                            491                           0.1404152282167391            
36352                         59.54091195937609             12.205921704804812            42                            463                           0.10948269434906394           
36405                         59.54091195937612             17.5306099440413              57                            447                           0.151876335541531             
36680                         59.5409119593761              12.471104545112151            42                            437                           0.10956072201161965           
37248                         59.5409119593761              13.963972799657904            48                            438                           0.12581952989572515           
37282                         59.5409119593761              17.951297119486394            62                            438                           0.1629546716666384            
37662                         59.54091195937611             17.69885274964588             58                            497                           0.15418713834935552           
37739                         59.54091195937609             11.53413944485773             37                            440                           0.10045419436944748           
37867                         59.5409119593761              17.017497741447837            57                            481                           0.1491448890142634            
38148                         59.540911959376096            17.989507995807372            60                            449                           0.15870184977301446           
38337                         59.540911959376075            14.26064792662955             47                            383                           0.12418232841872875           
38398                         59.5409119593761              14.587649801933232            48                            449                           0.12936345106646358           
38967                         59.54091195937609             14.136091225173116            48                            457                           0.1265923044720107            
39065                         59.540911959376096            14.185535186363362            49                            481                           0.1263904965558224            
39076                         59.5409119593761              14.324667628533795            46                            475                           0.12212482044381716           
39159                         59.54091195937609             12.402400193033483            41                            446                           0.1078992286411503            
39253                         59.5409119593761              13.942865939469687            44                            470                           0.11956130398275697           
39307                         59.54091195937609             14.797662126444925            51                            478                           0.13239428501687153           
39466                         59.540911959376096            17.570094964656363            56                            480                           0.1516453758487195            
39641                         59.5409119593761              17.721153190797363            56                            475                           0.1527531610778496            
40056                         59.54091195937609             11.595186046504576            37                            418                           0.0992018967906008            
40166                         59.54091195937609             15.429844392992448            51                            444                           0.1347434088353353            
40239                         59.54091195937608             12.584010090052118            42                            411                           0.11060773318099631           
40263                         59.5409119593761              14.757814845880699            50                            454                           0.13060451743492305           
40315                         59.540911959376096            12.156523395225669            40                            438                           0.10754630629860072           
40821                         59.5409119593761              16.38831247077752             57                            493                           0.1477227723762731            
40844                         59.54091195937608             14.78962180322274             51                            459                           0.13246195218867338           
40967                         59.5409119593761              17.501349626109658            56                            478                           0.15209394517956853           
41022                         59.54091195937608             14.488865381083373            47                            444                           0.12679166823853086           
41273                         59.5409119593761              15.027626739048207            48                            469                           0.12841463718590151           
41343                         58.761855144252905            10.728238684439816            36                            428                           0.09482809688341166           
41625                         101.57411620248627            26.28310025277747             85                            739                           0.22735548388650947           
41818                         58.04638411670449             10.05164380677021             33                            435                           0.08792971886018788           
41826                         59.54091195937609             11.804010231773683            39                            427                           0.10381766136646181           
41843                         59.5409119593761              13.545828657063279            44                            430                           0.11748398735820359           
42304                         54.653527459672674            12.936180122512303            41                            430                           0.11057088094850219           
42755                         59.5409119593761              16.07176746617868             53                            456                           0.1399054128787087            
42876                         59.54091195937609             10.666378823515558            33                            363                           0.08814947889134896           
42938                         59.5409119593761              11.692344676031999            37                            436                           0.0993698018267416            
42991                         59.54091195937609             15.326369764373982            52                            433                           0.13513046290128614           
43214                         59.5409119593761              16.85235061529395             55                            449                           0.1460458060520282            
43847                         59.540911959376096            16.43411958820081             57                            438                           0.14848543310887755           
43977                         59.540911959376096            13.912926994908977            47                            446                           0.12346214770636763           
44135                         59.54091195937607             14.52494485081392             48                            482                           0.12666687748619923           
44510                         59.540911959376096            12.800226086698675            41                            445                           0.10972178251696693           
44520                         59.54091195937609             9.559568546580348             30                            451                           0.08213239477470825           
44642                         59.540911959376096            10.616739290219158            36                            453                           0.09601045974619461           
44655                         59.5409119593761              12.279715520674849            42                            452                           0.10961656600243753           
44733                         59.5409119593761              13.656907967506063            46                            469                           0.12297755843644063           
45724                         59.54091195937609             13.222411528204736            49                            452                           0.1240599050045185            
45751                         59.540911959376096            14.29258135309079             48                            448                           0.1257301337822428            
46398                         59.5409119593761              16.04167158458052             52                            437                           0.13898500228907465           
46614                         59.540911959376096            14.006601782361436            45                            478                           0.11972989647128482           
46655                         59.54091195937609             13.267919517120822            44                            425                           0.11630752065288905           
46774                         59.540911959376096            7.196516711380551             26                            370                           0.06670609254589586           
46818                         59.540911959376075            15.550924870970244            51                            432                           0.13514962242521925           
46858                         59.54091195937608             16.807250553069103            53                            490                           0.14415030212399316           
47306                         59.54091195937609             12.007637574646573            38                            437                           0.10487475076957326           
47310                         59.5409119593761              16.147365791769012            52                            467                           0.13929744403722732           
47468                         58.547597391765564            8.283674526772042             28                            396                           0.07330818832547087           
47923                         59.540911959376096            16.483109385987323            58                            455                           0.1485492329806988            
48374                         59.540911959376096            13.144475687101625            42                            457                           0.11285614131239022           
48641                         59.540911959376096            16.74602113753223             55                            413                           0.14587038682023898           
48905                         59.540911959376125            13.788824318396637            44                            486                           0.11812906469123627           
49130                         58.610144997648824            14.557081429878535            48                            429                           0.12758417364338465           
49453                         59.540911959376096            12.79644844127389             41                            354                           0.11004655787381155           
49456                         59.54091195937609             13.819507646497982            46                            461                           0.1207289696887252            
49541                         59.54091195937609             15.066832437657583            51                            495                           0.13351578487261734           
49591                         59.54091195937608             13.715391542081763            46                            472                           0.1206908435585954            
49861                         59.540911959376096            13.567464760136522            44                            469                           0.11788465238788606           
50093                         59.54091195937609             13.27718601654552             44                            476                           0.1156315604197965            
50648                         59.5409119593761              16.58234659745054             51                            458                           0.13875110536932497           
50704                         59.54091195937609             14.763729255601               50                            412                           0.13145277095142924           
50739                         59.5409119593761              14.51551683914787             49                            462                           0.1287160531481281            
50779                         59.54091195937609             17.04659774466951             56                            471                           0.14931281791710488           
50915                         59.5409119593761              11.404711890189692            39                            441                           0.10184290320899542           
50997                         57.69606697933436             13.497684672566               46                            463                           0.12071322417976335           
51211                         59.5409119593761              12.151188562351868            39                            421                           0.10472223886481503           
51340                         59.5409119593761              11.224653635886675            38                            466                           0.09886565376433344           
51358                         59.5409119593761              11.508472564475333            37                            431                           0.09989985438807153           
51383                         54.450462234756216            8.996589224158935             30                            361                           0.07894068232232328           
51514                         59.54091195937611             10.598209782806654            35                            365                           0.09146567232307173           
51661                         59.5409119593761              14.026128544760681            45                            458                           0.12027136391008438           
51756                         59.540911959376096            12.394142166263958            40                            393                           0.10763272617610403           
51838                         59.540911959376096            11.883403716685674            40                            446                           0.10580324013535305           
51871                         59.540911959376096            14.038816609316088            45                            477                           0.12018386197740079           
52804                         59.540911959376096            15.242731218353361            50                            481                           0.13238277997702985           
52917                         59.54091195937609             15.72360750228881             53                            462                           0.13804649157645116           
53205                         59.540911959376096            15.050616083096074            50                            460                           0.13200704752951367           
53316                         59.5409119593761              12.933576741649146            42                            446                           0.11079626922191552           
53323                         52.34803084921223             13.464699156057176            44                            422                           0.1183147658372408            
53658                         59.540911959376096            13.247375463220287            44                            460                           0.11599268340338117           
54159                         59.540911959376096            12.604320514468313            44                            452                           0.11388898779632542           
54342                         59.540911959376075            16.098403926569805            55                            474                           0.1433522835619231            
54760                         59.540911959376096            16.43723747743724             54                            454                           0.14423152738344364           
55276                         56.77839340562749             9.430590328807757             32                            408                           0.08315986023481772           
55669                         59.54091195937609             10.0600154047319              35                            455                           0.09075025342542398           
55746                         59.540911959376096            13.365266736718063            44                            472                           0.11836139404782803           
56368                         59.5409119593761              13.24945821468339             44                            448                           0.11606340648628617           
56868                         59.54091195937611             12.433228489138495            41                            424                           0.10752270936840633           
56956                         59.54091195937609             11.529784733503343            38                            482                           0.10027418863015349           
57004                         59.540911959376096            15.531840876905955            53                            460                           0.1384335109810333            
57233                         59.540911959376096            14.884504338371908            48                            394                           0.1279973227226996            
57342                         59.409135568486754            14.014556712143788            47                            456                           0.1230026468053461            
57352                         59.54091195937609             16.732201907325006            53                            481                           0.14212503669287246           
58157                         59.54091195937611             12.0563054729098              42                            422                           0.10828180831255531           
58645                         59.54091195937609             14.734523447616883            49                            429                           0.12984093988523385           
58814                         59.5409119593761              15.500827520612072            52                            454                           0.13604436304016038           
59292                         54.953293595799096            11.600641278537404            37                            353                           0.0997879471933727            
59412                         59.540911959376075            10.30258768614889             35                            447                           0.0922152925450972            
60469                         59.54091195937609             16.097203383294257            54                            435                           0.1406149426171192            
60840                         56.41805456197838             13.119021792644414            43                            380                           0.11528614880051954           
60858                         59.540911959376096            18.24539625084448             58                            437                           0.155647485198935             
60905                         59.54091195937611             14.068724531070691            47                            478                           0.1240466033441974            
61115                         59.540911959376096            16.234445373463384            54                            439                           0.14122008399597671           
61191                         59.54091195937611             11.02231495375831             35                            457                           0.09445752385749495           
61246                         59.540911959376096            10.267279053646682            34                            438                           0.08976681058677236           
61261                         59.540911959376096            14.78725993149396             49                            413                           0.12993563432563757           
61339                         53.28047156378065             11.435248239737684            40                            391                           0.10420883940270809           
61493                         59.5409119593761              12.05272806072614             39                            404                           0.10475031186973405           
61884                         59.540911959376096            11.212838457766054            39                            425                           0.10126135034359036           
61933                         59.5409119593761              11.186515305393474            35                            427                           0.09418004797211926           
62123                         59.54091195937609             16.42689723878067             52                            433                           0.13903077630591765           
62235                         59.54091195937608             12.091650747890158            39                            446                           0.10418465278467592           
62262                         77.407                        16.452468102427996            54                            575                           0.14489726641659262           
62312                         59.54091195937609             12.9844473553236              43                            446                           0.1139836978678808            
62376                         59.54091195937609             15.34367633747884             51                            472                           0.13465422744558633           
62384                         59.5409119593761              13.657195967838362            47                            426                           0.12223184277102722           
62635                         59.54091195937611             13.142703118083517            45                            433                           0.11859206776804437           
63015                         43.023794540554384            9.859316310793814             34                            290                           0.08983800003128496           
63254                         59.540911959376096            12.269368472134339            43                            390                           0.11235354279076312           
63367                         59.54091195937609             13.216890742445296            43                            496                           0.11522703157996693           
63445                         52.79317160960452             12.13361381625468             41                            401                           0.10690192331171018           
64345                         59.540911959376096            15.220979796344343            51                            468                           0.13371054900189272           
64819                         59.54091195937609             16.005034896134642            54                            448                           0.14086845280429885           
65477                         15.946929639531014            3.081296460718787             11                            121                           0.028040447396941014          
65587                         59.540911959376096            16.959177954088343            57                            490                           0.1500957708437833            
65970                         59.540911959376096            14.253691735850335            49                            440                           0.12795712909036527           
65972                         51.87332771490874             11.882706378089976            40                            345                           0.10403494036072758           
66020                         59.5409119593761              13.621592804710854            46                            492                           0.12175887058758475           
66068                         59.54091195937609             11.837960062758446            41                            453                           0.10657736505617446           
66104                         37.10958548323592             8.25494815423448              27                            255                           0.07193367947210146           
66534                         59.540911959376096            13.565890621149427            45                            465                           0.12058082810321948           
66693                         59.5409119593761              14.785258756019857            49                            478                           0.12884726920285614           
66694                         59.5409119593761              7.1141161938122215            24                            396                           0.062447742079884176          
66727                         59.5409119593761              15.783403373725925            53                            451                           0.1405244998286322            
66859                         59.54091195937608             14.13613475245588             47                            421                           0.1250833328183432            
67268                         59.540911959376096            11.58695435361824             40                            433                           0.10374539841097716           
67679                         59.5409119593761              15.493551475299038            51                            462                           0.13594084193241246           
68002                         59.5409119593761              14.194247805645196            48                            461                           0.1260470263351521            
68043                         54.81445538810252             15.215408246553718            50                            449                           0.1332782543096541            
68561                         59.540911959376096            11.250376439792072            39                            462                           0.10103903529564376           
68598                         59.5409119593761              16.5881023522334              54                            450                           0.14337061509204174           
68782                         59.540911959376096            16.071575810458214            53                            446                           0.1401382749609872            
69127                         59.5409119593761              10.088611906303724            33                            414                           0.08871798225745382           
69158                         59.54091195937609             15.092693093692432            48                            469                           0.12940486754934472           
69251                         59.5409119593761              13.9319581207426              45                            449                           0.11918942882328185           
69267                         59.540911959376096            13.005945066054254            42                            419                           0.11315524248403794           
69394                         59.540911959376096            13.641385166778408            44                            462                           0.11757920138836715           
69443                         54.17644634705148             17.569932644093797            56                            411                           0.1496328284809123            
69856                         59.54091195937609             11.194272226507465            39                            444                           0.10299517090056719           
70066                         59.54091195937609             14.801152188384252            48                            460                           0.12681086360836605           
70177                         59.54091195937609             14.785212539989494            50                            448                           0.13100626054491543           
70236                         59.540911959376096            17.51396264888213             57                            460                           0.15213347085963308           
70382                         59.5409119593761              13.687411098985539            43                            454                           0.1160766864290435            
70389                         59.540911959376096            13.806655701932856            46                            448                           0.1212407256614794            
70399                         59.54091195937609             17.91457161935779             60                            456                           0.1591735411170132            
70566                         59.540911959376096            13.263701457058206            43                            424                           0.11385966021688433           
71128                         59.540911959376075            13.048909037877754            47                            502                           0.12082679667767474           
71341                         59.540911959376096            12.963339435576387            42                            437                           0.1122521866185119            
71362                         59.54091195937611             11.40266139686302             38                            450                           0.1017200844010539            
71469                         59.54091195937611             14.982926731187064            50                            471                           0.13165252947595507           
71653                         59.54091195937611             11.877070747122433            38                            435                           0.1015621583697413            
71781                         59.54091195937608             12.368303057831659            39                            457                           0.10602809910234859           
72043                         59.54091195937609             14.487905091080648            47                            415                           0.12791259322975093           
72288                         59.540911959376096            9.402290130718853             32                            472                           0.08374668933769785           
72420                         59.540911959376096            16.026531121924577            55                            466                           0.14228030202060982           
72513                         59.540911959376096            15.682823750776114            53                            452                           0.1373190967574899            
72912                         59.54091195937608             12.014618748358007            39                            409                           0.1032453401962685            
73183                         59.54091195937609             13.016764075567831            45                            370                           0.11780731626668224           
73354                         59.540911959376096            14.70343556564474             47                            449                           0.12573132003754456           
73478                         56.19968995392721             15.768618588407668            52                            419                           0.13697204495620394           
73483                         59.540911959376096            17.98355524576965             58                            474                           0.15450202533469545           
74139                         59.540911959376096            17.903287733945966            60                            436                           0.15809371028407357           
74382                         59.20833309015829             10.918490737924206            39                            423                           0.09928544024624916           
74610                         59.5409119593761              13.387365012044535            45                            477                           0.11888370088458892           
74666                         59.54091195937609             10.831303805613125            36                            454                           0.09513852362082532           
74807                         59.54091195937608             11.483115695661317            39                            441                           0.10088852707483809           
75237                         59.540911959376096            14.711279199334477            49                            465                           0.12873358387741657           
75401                         59.540911959376096            14.113554533339254            48                            446                           0.126067203309602             
75651                         59.540911959376096            16.131626159019103            50                            437                           0.13736918884604052           
75883                         59.54091195937609             13.284019555256359            47                            441                           0.12172156107805579           
75909                         59.54091195937609             14.937566840880379            51                            427                           0.13220021301927384           
75942                         59.54091195937612             12.97561771940516             43                            448                           0.11375958372598392           
76539                         17.842791334086318            4.984719001776306             17                            125                           0.044191639159775684          
76651                         59.54091195937609             13.565949014556262            45                            441                           0.11939636652386083           
77093                         59.540911959376096            14.669146034209003            51                            478                           0.13196714490976758           
77136                         59.540911959376096            15.867973666830366            52                            491                           0.13892015614681166           
77214                         59.5409119593761              12.799073041803217            44                            355                           0.11410276662577629           
77225                         47.84377261019352             20.20803349502692             69                            393                           0.17944296414727035           
77588                         59.5409119593761              11.678730330117514            39                            411                           0.10307211740374485           
78023                         59.54091195937609             15.254103991083529            52                            432                           0.1375754077963897            
78050                         59.5409119593761              12.280767800455164            42                            441                           0.10843286672630799           
78061                         59.5409119593761              16.15682292742963             53                            449                           0.1403211828632545            
78187                         59.540911959376096            11.47984914603357             38                            448                           0.10118423285366376           
78381                         59.54091195937609             18.286187701072972            60                            460                           0.16054106417714037           
78425                         59.540911959376096            15.62627158193066             52                            470                           0.1369982530549311            
78433                         58.322959870228715            15.491007552802532            49                            467                           0.1328249574943141            
78446                         55.772124267651186            13.651789319416451            46                            441                           0.12180090247287274           
78462                         59.54091195937609             15.112760672950904            50                            459                           0.13180885241213022           
78558                         59.5409119593761              14.385500706363931            48                            438                           0.1260810059068197            
78866                         59.54091195937608             16.411681883754177            52                            431                           0.13945864418425766           
78874                         49.98616498063703             11.944604498486417            41                            395                           0.10736927861692087           
78936                         59.54091195937611             12.923333324846213            43                            436                           0.11343655781124247           
79158                         59.5409119593761              11.514459172136915            39                            446                           0.10284631559317736           
79456                         59.54091195937609             11.775440385603325            38                            432                           0.1013959060473621            
79600                         59.540911959376096            15.405974439242353            51                            464                           0.13518078155540722           
79736                         59.540911959376096            10.209248070500944            34                            481                           0.08995884012084131           
79740                         59.54091195937609             12.88802928855181             43                            463                           0.11311736542286736           
79840                         56.11341950130313             18.249144890314675            61                            480                           0.16191068404702783           
79929                         59.5409119593761              15.02206789364419             50                            483                           0.1321561557871491            
80054                         59.54091195937609             16.326846845253087            55                            469                           0.14608740586294242           
80080                         59.5409119593761              14.277156556330363            47                            458                           0.12418554072145742           
80108                         59.540911959376096            12.555017064116887            40                            423                           0.10756209015140561           
80172                         59.54091195937609             12.447925791799422            40                            411                           0.10632841425544631           
80208                         59.5409119593761              15.579321247434786            53                            448                           0.13932717603902972           
80478                         59.54091195937609             15.599394747834948            50                            441                           0.13403510380320305           
80554                         59.54091195937608             15.346434683409951            53                            453                           0.13803020529618945           
80846                         59.540911959376096            12.909362855227174            42                            437                           0.11229702189293189           
80928                         59.540911959376096            14.015470307027766            46                            474                           0.12252089245439668           
81434                         59.540911959376096            12.487565509277944            42                            442                           0.110491934944339             
81558                         59.5409119593761              15.827657041600114            53                            421                           0.13867600688633805           
81804                         59.540911959376096            15.215106027622415            53                            426                           0.13747560963997657           
81840                         59.5409119593761              16.69222960037992             58                            465                           0.1511596710837007            
82058                         59.540911959376096            13.186643918067222            43                            454                           0.11436672365320563           
82205                         59.54091195937609             18.089608683963526            61                            458                           0.15989226428240544           
82371                         55.12933299270496             15.360631755712356            50                            425                           0.133743072617926             
82515                         59.5409119593761              12.517846168898238            44                            468                           0.11436610211655468           
82568                         59.540911959376096            12.577807391210795            41                            395                           0.10860884937001093           
82771                         59.54091195937609             14.399937997839833            48                            467                           0.12659130842201277           
82846                         59.54091195937609             14.54042794897723             50                            455                           0.13051196724145556           
82923                         59.54091195937609             10.100416610479577            33                            455                           0.08807357584461584           
83222                         59.540911959376096            14.27309398208416             49                            448                           0.1278818561330501            
83249                         59.54091195937609             18.227131033341315            64                            452                           0.16606482270162676           
83586                         59.540911959376096            15.21660653558637             51                            475                           0.13406192228983835           
83603                         59.5409119593761              14.69250193924345             49                            464                           0.1296889791954706            
83851                         59.540911959376096            14.838466055667844            49                            464                           0.1313638345372319            
83960                         59.54091195937609             12.340294839301684            42                            422                           0.10999395594040333           
84040                         59.54091195937609             12.443926423452185            40                            417                           0.10787950302155808           
84280                         58.25745448590186             11.760974491992625            41                            446                           0.10647668120071052           
84301                         59.54091195937609             11.008950445856541            36                            457                           0.09544192439225065           
84419                         59.54091195937613             13.918669949247265            44                            424                           0.11885032465358934           
84840                         59.54091195937611             13.78305017323844             45                            421                           0.11930567822134297           
85366                         59.54091195937609             14.237968761791695            49                            437                           0.12859879214929237           
85455                         56.98330553461993             17.27564427814833             56                            421                           0.1487044919895748            
85647                         59.54091195937612             12.065390095006894            38                            428                           0.1036126076260526            
85895                         59.5409119593761              14.092426571795498            45                            455                           0.12060576080762021           
85904                         59.5409119593761              17.06407340157359             55                            498                           0.1463655852491576            
86019                         59.540911959376096            11.194968373454936            40                            431                           0.10253412504609703           
86053                         59.54091195937609             16.055700210843362            52                            474                           0.13792358779185382           
86223                         59.54091195937609             14.302597951935551            47                            456                           0.12391075458646714           
86744                         59.5409119593761              13.59224756341345             46                            439                           0.12003524030918876           
86951                         59.54091195937609             15.746198587645956            52                            464                           0.13930112416738072           
87039                         59.540911959376096            15.436112564874632            52                            448                           0.13783287367458347           
87352                         58.61514543764595             11.545199593156388            39                            392                           0.10159820209117149           
87567                         58.41872503430841             10.160209524429588            35                            455                           0.09049626892457634           
87582                         59.5409119593761              10.555206850613212            35                            467                           0.09282942023438563           
87978                         71.11916671064682             20.539117636837155            67                            572                           0.17877215427993084           
88069                         59.5409119593761              15.127938332334962            53                            451                           0.13778743344701333           
88266                         59.540911959376096            11.827592587503165            41                            408                           0.10644317397608144           
88389                         59.5409119593761              12.84655932559365             42                            430                           0.11131400626639407           
88566                         59.540911959376096            15.603588419188446            53                            445                           0.13827026088136193           
89156                         59.540911959376096            18.082034857905594            60                            483                           0.15944881934930105           
89288                         59.540911959376096            9.038836824547708             30                            381                           0.0800914304732503            
89587                         59.540911959376096            12.332109066200422            44                            460                           0.11308496611371877           
89952                         50.665898114281845            8.82849168541675              29                            300                           0.07686538999068547           
89966                         59.5409119593761              16.107335982568603            54                            448                           0.1431875108950808            
90091                         59.5409119593761              10.987452534048456            36                            459                           0.0961092341714838            
90517                         59.540911959376096            15.54772426108254             51                            460                           0.13524723660933535           
90872                         59.5409119593761              12.465202747786707            41                            465                           0.10746066466509391           
91144                         59.5409119593761              12.460883549333376            43                            434                           0.1124243006526811            
91540                         49.16773273672248             10.287790424503568            35                            419                           0.09154150851836429           
91576                         59.5409119593761              14.659003764998424            49                            471                           0.12923488625358354           
91666                         59.5409119593761              9.975121460191382             32                            437                           0.08557727778125876           
92611                         51.973296747454995            13.74494101919762             46                            387                           0.12090144564529899           
92680                         59.54091195937609             15.298765533049817            50                            457                           0.13205832512873464           
92707                         59.54091195937611             13.866396686549384            44                            448                           0.1181357253600396            
92864                         59.540911959376096            20.162072726859314            67                            442                           0.17650745702470658           
93164                         59.54091195937609             12.628661106400783            40                            455                           0.1076978042220458            
93170                         59.5409119593761              12.667904320645034            41                            466                           0.10889930262427347           
93247                         54.93968584123253             10.477550563610615            35                            420                           0.09209653112543675           
93454                         59.540911959376096            11.607855457339358            39                            422                           0.10334694639491843           
93619                         59.54091195937609             13.159945268417557            42                            472                           0.1144952506234979            
93887                         59.5409119593761              15.561837805035909            53                            483                           0.13869100219882013           
94072                         53.08139856498781             11.673801205364455            37                            381                           0.09970546782201593           
94319                         56.86872872122376             12.80124048217334             47                            414                           0.1191939932435514            
94387                         59.5409119593761              18.552814756086406            58                            434                           0.158248339943334             
94450                         58.517156806755935            11.689168832851392            40                            450                           0.10496568204829432           
94472                         59.5409119593761              12.507614880041574            41                            457                           0.10796196936967865           
95277                         59.54091195937609             12.962008151705932            43                            442                           0.11356739480000728           
95473                         55.89257063272274             13.374266827982046            43                            434                           0.11582797228089808           
95530                         59.54091195937609             11.115343657922677            37                            399                           0.0978218874810818            
95561                         59.540911959376096            17.543464613587442            57                            466                           0.15126230450501776           
95876                         59.540911959376096            12.307786068690815            40                            423                           0.10631025339632313           
96014                         59.54091195937609             11.73318666042156             39                            475                           0.10289814276313661           
96526                         59.54091195937609             12.161238175174708            38                            445                           0.10242253488750115           
96632                         59.540911959376096            12.398224557904857            41                            416                           0.10837492349957141           
96768                         59.5409119593761              11.704279600262755            38                            450                           0.10102475618305927           
96778                         59.54091195937607             12.878779397388055            43                            440                           0.11264368867477442           
97052                         59.540911959376096            13.4433906100177              45                            454                           0.11777085112437428           
97121                         59.540911959376096            14.240325416562486            47                            403                           0.12621976068730104           
97261                         59.54091195937609             13.057071323366307            43                            456                           0.11538408710977124           
97348                         59.54091195937609             14.637200499449273            46                            463                           0.12398195501442515           
97639                         59.5409119593761              14.285522828130917            47                            447                           0.12367581978533955           
97790                         59.54091195937608             17.403472635372367            59                            463                           0.15400945777186595           
97809                         53.84366652068842             11.510174466662223            36                            363                           0.09683947964504204           
98169                         59.54091195937609             10.848643961081294            37                            417                           0.09626476567177555           
98508                         59.5409119593761              15.620403219656126            51                            465                           0.13528897467225773           
98766                         59.5409119593761              13.882784257409167            45                            383                           0.11883208851747429           
99353                         59.54091195937609             10.243400005488738            36                            416                           0.0927353719750473            
99477                         59.54091195937608             15.70304607126913             52                            462                           0.13616785097650982           
100095                        56.854320311613336            15.491676957140529            51                            414                           0.1365597151153107            
100445                        59.540911959376096            15.628872111185128            51                            414                           0.13608188823617176           
100568                        59.54091195937611             11.440865562375626            39                            450                           0.10202660560815895           
100617                        59.54091195937609             15.099805704017784            48                            451                           0.12875078359617248           
101036                        59.540911959376096            13.468157314570444            46                            510                           0.11906049314539832           
101427                        59.54091195937608             14.250778157837514            48                            461                           0.12629167359515614           
101442                        59.5409119593761              15.27175476368511             52                            439                           0.13456831225504715           
101691                        59.54091195937609             9.992815788953974             35                            426                           0.09111020369613525           
102073                        53.034289426998235            12.026989796237224            41                            376                           0.10693807846885552           
102099                        59.540911959376096            13.069210818541679            43                            439                           0.11471425080801706           
102347                        59.5409119593761              14.23960058523114             50                            440                           0.12868727508783717           
102382                        59.540911959376096            12.08011442180543             39                            436                           0.10431305104574828           
102913                        59.54091195937609             12.266156263500445            40                            465                           0.10568681031037383           
102918                        59.54091195937609             10.117808629205927            36                            442                           0.09245783185863904           
103069                        57.209599202547636            12.7634120562189              41                            408                           0.10898353356221072           
103165                        59.540911959376096            11.783289763994345            38                            427                           0.10038328252731553           
103237                        59.54091195937609             14.167345447665516            48                            429                           0.12757459844869654           
103270                        26.344628422211876            7.01536701324976              24                            173                           0.06228479884357897           
103272                        59.54091195937609             13.14234512974826             43                            465                           0.11326122484730133           
103670                        59.54091195937611             13.245279410269495            46                            429                           0.11901990703010344           
103687                        59.5409119593761              13.253613617568716            41                            458                           0.11220609935131699           
103891                        59.540911959376096            14.53799276820145             46                            437                           0.12467775397467745           
104025                        22.957664680471716            7.330257396393065             25                            194                           0.06541938951195342           
104813                        59.540911959376096            8.244889248092761             28                            345                           0.07380417545791691           
105151                        59.540911959376096            18.88150361657037             61                            515                           0.16258417280655899           
105568                        59.54091195937609             14.994389862584104            48                            398                           0.12918559816294203           
105957                        93.64847084468687             22.902277098040607            79                            666                           0.20409180275278238           
106094                        59.540911959376096            15.840073358151091            50                            440                           0.1355203670491018            
106255                        55.444921487086134            14.841029388079768            47                            403                           0.12680539049657363           
106305                        59.54091195937609             10.78013618735467             35                            388                           0.09368371814218428           
106979                        59.5409119593761              16.689146866727217            55                            468                           0.14502389615978947           
107044                        59.5409119593761              13.922433397983099            44                            473                           0.11838879049123906           
107532                        59.54091195937608             13.589436053521212            44                            423                           0.11766610439737975           
107581                        59.54091195937609             12.764869749848033            44                            438                           0.11385501460517013           
107981                        59.540911959376096            12.146819664543404            39                            475                           0.10461681565069449           
108520                        4.248466277157532             0.5661150139427179            2                             27                            0.0051037998041982            
108553                        59.5409119593761              9.683163517586468             34                            456                           0.08821216518167181           
108586                        59.14520914028631             14.146252490100043            46                            455                           0.12307286281635213           
108713                        59.5409119593761              14.474214506914128            46                            434                           0.12305274719205668           
109013                        55.313866578435146            12.12925368748912             42                            388                           0.10866033742793375           
109114                        59.540911959376096            10.342805316721845            32                            344                           0.08760568315106752           
109690                        59.5409119593761              12.833272910628425            43                            412                           0.11268533763711996           
109763                        59.540911959376096            14.855130046787012            49                            437                           0.12906191365288414           
110118                        59.54091195937608             16.07679775005252             52                            451                           0.13796372308208282           
110119                        59.5409119593761              16.036462275396048            53                            442                           0.14177592878500062           
110241                        59.540911959376096            15.673365760459047            54                            462                           0.14022267019330717           
110445                        59.54091195937609             13.28129216361995             47                            443                           0.12231090564616896           
110477                        59.54091195937609             13.150125772881331            43                            398                           0.11480434980923175           
110741                        59.54091195937611             17.375340969685432            54                            471                           0.14763541464005084           
111023                        59.5409119593761              15.188187720394355            51                            453                           0.13420108069050893           
111481                        59.54091195937611             14.593574795902171            48                            430                           0.12737913783052024           
111835                        59.5409119593761              12.412511400481582            42                            471                           0.1094877899204181            
111843                        59.5409119593761              12.923318349587621            45                            453                           0.11695623770370707           
111880                        59.5409119593761              13.130497255962577            43                            440                           0.11530430556310638           
111900                        59.540911959376096            15.327552368979742            48                            460                           0.1311035469860465            
111908                        52.68898738407229             12.953137243249726            43                            389                           0.11487343335666615           
112004                        59.54091195937612             13.504773884788067            46                            423                           0.11997361909271478           
112024                        59.5409119593761              14.542170148080082            50                            460                           0.1300710304190564            
112344                        59.540911959376096            10.40543873808359             35                            439                           0.09265361991400818           
113347                        59.540911959376096            14.310153836379282            46                            467                           0.1224067384415752            
113524                        59.540911959376096            11.579325906822286            38                            450                           0.1000091543221512            
113607                        59.5409119593761              15.402117011852015            53                            489                           0.13735407943951125           
113766                        46.470911959376096            15.221906353884677            51                            420                           0.1330659827611935            
113862                        59.540911959376096            11.969928823290989            40                            474                           0.10558974978316063           
114132                        47.948264591621495            13.803359713931817            45                            362                           0.11925569781493213           
114413                        59.54091195937609             16.343320122791923            53                            505                           0.14172102742759676           
114469                        17.848901062337777            4.07733760601324              13                            157                           0.035016404946463325          
114508                        59.54091195937609             13.118911896094376            42                            419                           0.11306610885600672           
115127                        59.54091195937609             13.042550108902311            45                            485                           0.116309431003589             
115193                        59.5409119593761              15.445416378750044            52                            440                           0.1363600588414773            
115425                        57.68559836943323             17.324777138653978            57                            493                           0.14920542962520728           
116121                        59.54091195937609             13.729149956859056            45                            433                           0.1196775086651702            
116163                        59.540911959376096            16.17400394280389             54                            455                           0.14188698665345614           
116399                        59.5409119593761              12.977779317649798            44                            435                           0.11510547730958628           
116422                        59.540911959376096            14.093297432818478            46                            459                           0.1224080208530669            
116522                        59.5409119593761              16.152807051171035            52                            446                           0.13935129419104386           
117262                        59.54091195937611             15.324860160166534            51                            432                           0.13470764801953486           
117686                        59.5409119593761              14.01536223841312             48                            403                           0.12569169444614925           
117758                        59.54091195937609             13.845714250084173            44                            446                           0.11805222421877293           
117900                        55.828667296718166            15.116949027424164            51                            438                           0.13336928990446137           
117920                        59.54091195937609             16.79481936915627             56                            470                           0.14742414906854578           
117929                        59.54091195937609             14.80109166889804             48                            453                           0.12780494459617836           
118051                        59.54091195937609             15.8618394668815              51                            449                           0.13615831500715242           
118085                        59.54091195937609             15.144756121863953            48                            428                           0.13000586645455664           
118356                        59.5409119593761              13.57846299528928             44                            441                           0.11910923387016178           
118388                        76.57159919638936             18.425436323589093            65                            618                           0.1670093377100147            
118487                        59.5409119593761              19.552571268648084            65                            487                           0.17317086092869668           
118893                        59.5409119593761              10.414053028710178            34                            489                           0.09129874830811512           
119059                        59.5409119593761              16.887917463838363            57                            498                           0.14857786585144128           
119120                        59.54091195937609             16.21963798935173             55                            449                           0.1447495338359148            
119641                        59.540911959376096            12.961131719130858            42                            455                           0.11262708563071089           
119779                        59.5409119593761              16.82825389070844             54                            491                           0.1440879736592893            
119849                        59.54091195937609             12.86053710440522             44                            451                           0.11512292070942018           
120189                        59.540911959376096            17.61076781409338             58                            459                           0.1556922539003025            
120672                        59.54091195937609             13.657883619400812            45                            443                           0.11971785000865227           
120865                        59.5409119593761              18.016635272432747            57                            447                           0.15474251253350185           
121245                        59.5409119593761              16.896847038404022            56                            450                           0.1477793275031158            
121410                        59.54091195937609             19.361441936696554            64                            461                           0.1682535173711628            
121579                        59.54091195937609             13.2768357503417              45                            444                           0.11741062149601816           
121761                        59.540911959376096            13.279019454133444            47                            400                           0.12128961964233732           
121785                        59.5409119593761              12.35341063402113             39                            429                           0.10530131126733905           
122013                        59.5409119593761              14.063611698896546            46                            434                           0.12255261199738621           
122116                        59.5409119593761              15.540451218311164            53                            461                           0.13813851890573395           
122199                        59.5409119593761              14.993338397078286            50                            446                           0.13164273503121224           
122465                        59.540911959376096            14.809990901023891            50                            439                           0.13323238239367174           
123053                        59.5409119593761              14.582057941864976            49                            484                           0.12882334024077366           
123340                        59.54091195937609             19.060297799152593            61                            499                           0.16326158763436846           
124894                        59.540911959376096            16.22003393927471             58                            467                           0.15005541231439767           
124927                        59.54091195937609             16.259911953632184            51                            460                           0.1382657745589818            
125177                        59.54091195937608             16.08574637229054             52                            468                           0.1420459897067171            
125286                        59.5409119593761              17.320113167813712            57                            480                           0.1504919997710286            
125324                        55.42071078551766             11.19201982779641             36                            399                           0.09596925330697811           
125523                        59.54091195937609             11.24563853894256             37                            400                           0.09841310537619845           
125656                        58.920261731136236            14.204741476952199            45                            440                           0.12168453495696029           
125662                        59.540911959376096            17.036548759224345            56                            473                           0.1483467212378095            
126531                        59.54091195937609             15.325911288137956            53                            448                           0.13758571930734398           
126863                        59.540911959376096            14.49171843372093             49                            440                           0.12900514157941975           
126923                        59.54091195937609             11.745487235366976            39                            424                           0.1036180566314446            
126958                        59.5409119593761              17.230031921821645            55                            448                           0.14707345305201797           
126962                        59.540911959376096            17.280411545495205            57                            455                           0.1512606454464695            
127148                        59.54091195937609             17.115148745928572            54                            470                           0.14590093262075984           
127506                        59.540911959376125            15.358827395608891            53                            431                           0.13789895721601675           
127524                        59.5409119593761              11.274171177297545            37                            397                           0.0983051699089785            
127530                        59.54091195937611             10.179826787724615            34                            353                           0.09007355345087562           
127608                        59.54091195937609             17.064168524587433            56                            450                           0.14748708509039102           
127642                        59.540911959376096            14.696625283102172            50                            425                           0.12975767623304948           
127949                        59.5409119593761              14.062849301665016            48                            433                           0.12485870571892348           
128007                        59.540911959376096            19.037463840827964            61                            428                           0.16519554647805856           
128076                        57.99112897554356             13.353131384353818            46                            462                           0.11888145752864833           
128086                        59.54091195937609             13.151478117794932            45                            474                           0.11897917077762901           
128140                        59.540911959376096            13.832416900737032            45                            461                           0.11973796776876705           
128249                        59.540911959376096            16.837413844575973            54                            442                           0.14331633064437813           
129261                        59.540911959376096            10.546865496168925            35                            442                           0.0923969575044211            
129429                        9.484477696926904             3.097890429643305             10                            77                            0.027260709207543782          
129507                        59.5409119593761              14.681892966388356            48                            398                           0.12792520825302423           
129767                        59.54091195937609             13.63013344466622             46                            445                           0.12023066083231362           
129838                        59.540911959376096            13.890777905754367            47                            479                           0.12417692099365624           
130056                        59.5409119593761              15.004814079899175            50                            420                           0.13162717663112491           
130132                        59.5409119593761              16.355173122741043            53                            440                           0.14165794354851508           
130326                        59.54091195937609             14.633108829363513            49                            429                           0.12803417758095184           
130744                        59.54091195937609             15.56028519553828             54                            488                           0.13947074445518315           
130878                        59.54091195937609             15.157775005987416            48                            437                           0.1294505438971874            
130896                        59.5409119593761              15.574129918469461            51                            436                           0.13458856220465185           
131007                        59.54091195937608             12.64100580898481             43                            423                           0.1130682658773021            
131104                        59.54091195937609             13.98874748671554             47                            429                           0.12361634159883515           
131204                        59.54091195937609             10.945639358716985            36                            392                           0.09545052647580492           
131296                        59.5409119593761              12.433106968137738            43                            448                           0.11217239832130683           
131391                        59.341224125818535            11.381256403224915            38                            475                           0.10078706932176731           
131443                        59.54091195937608             13.721472401436198            47                            445                           0.12316319167615568           
131823                        59.54091195937609             12.342530830746146            43                            452                           0.11164876926562586           
132153                        59.5409119593761              15.468692362903845            50                            445                           0.13390160437273252           
132346                        58.3818147565473              9.65378554793252              33                            434                           0.08510846760207214           
132646                        59.54091195937609             15.188115241144038            49                            465                           0.13016427382824197           
132908                        59.54091195937608             14.806290998287826            50                            471                           0.13165233748121574           
133135                        59.5409119593761              12.56204007638174             41                            445                           0.10909378553383181           
133811                        59.54091195937608             15.626400492694422            49                            459                           0.13290605930422347           
133947                        59.540911959376096            12.388954624823775            42                            423                           0.10987014172860068           
133987                        59.5409119593761              13.754326694209325            46                            445                           0.1209094248268599            
134170                        59.540911959376075            12.345661969452218            41                            433                           0.10749621565875712           
134206                        59.54091195937609             14.960460842075303            48                            450                           0.1287714020256749            
134678                        57.178642864796025            14.648140890773718            51                            408                           0.13175853969135615           
134752                        59.54091195937608             16.443684838624193            57                            473                           0.14840757290739864           
134888                        44.467334672410786            7.571876504359097             23                            325                           0.0627217467125219            
134998                        59.540911959376096            13.338213263590818            45                            411                           0.11759627164069376           
135338                        59.5409119593761              16.28611330266122             51                            389                           0.13939316415488126           
135713                        59.5409119593761              12.96442076577786             44                            464                           0.1150428723386173            
135831                        59.5409119593761              14.787201660836935            48                            475                           0.12751857037602954           
136178                        59.54091195937609             13.5521815960233              47                            447                           0.12161128831426829           
136419                        59.540911959376096            10.823995537666669            36                            367                           0.0945088678768597            
136450                        59.54091195937609             13.821200374341325            46                            450                           0.12176410765437029           
136477                        50.81712091708477             14.92712445083843             48                            396                           0.1284943295895325            
136495                        59.540911959376096            15.508668094211762            52                            443                           0.13683554287327754           
136524                        59.540911959376096            14.28750028614554             46                            481                           0.12358537901746888           
136952                        59.540911959376096            14.558214380542255            48                            485                           0.1261963349460486            
136968                        59.54091195937609             10.453305810462151            34                            438                           0.09050299208290201           
137225                        59.54091195937612             15.10391229771201             47                            464                           0.12901314363549912           
137247                        53.92264816610236             14.717389833937135            49                            429                           0.12884006045291155           
137279                        59.5409119593761              15.481300338785724            52                            463                           0.13675576180390103           
137370                        56.107434691228576            12.714424067046835            40                            411                           0.10780720060333804           
137516                        59.5409119593761              17.530849405289306            57                            496                           0.1530640010923918            
138342                        59.5409119593761              10.771968612581787            36                            463                           0.09411386619612516           
138357                        50.16813573741597             10.814434646196366            35                            334                           0.09321343009593817           
138781                        59.54091195937609             15.322439421540288            53                            451                           0.13898859092423507           
138857                        58.412345383324485            11.922045598111538            41                            423                           0.10678627049478936           
138968                        57.307113545388134            12.7983895140001              44                            415                           0.11489670631217903           
139242                        59.5409119593761              10.17359948294816             35                            456                           0.09181546592865804           
139729                        59.54091195937609             12.921670152801584            43                            438                           0.11408263334823385           
140367                        59.5409119593761              14.464570978350139            48                            436                           0.12605091761190138           
140556                        59.54091195937609             15.75735397843477             52                            432                           0.13730201176032966           
140938                        59.540911959376096            13.9163620208452              44                            464                           0.11905082679574829           
140959                        59.54091195937609             14.351677479764728            48                            454                           0.12474088948697826           
141153                        59.54091195937609             13.445307800919124            47                            451                           0.12233321186550661           
141246                        48.39962551098556             9.032165177473207             32                            343                           0.08391141600344207           
141413                        59.54091195937609             19.542486181620948            65                            436                           0.17199403446484918           
141524                        58.176867061694544            10.228012072107445            34                            456                           0.0902530736208316            
141673                        59.54091195937609             12.913391855228493            45                            440                           0.11636435318408755           
141755                        59.540911959376096            15.59515776532819             50                            457                           0.13411304716508757           
141863                        59.540911959376096            17.484625100870613            57                            448                           0.15164709132616874           
142407                        59.54091195937609             14.626282379474642            47                            431                           0.12672469011622065           
142620                        59.54091195937609             15.612368106874952            51                            445                           0.13581526717404543           
143150                        59.540911959376096            15.816187507404695            51                            446                           0.13585608486987807           
143479                        59.5409119593761              14.158376699769063            48                            410                           0.12534795756035838           
143558                        59.54091195937609             12.719990360340278            44                            449                           0.11446634359762288           
143577                        59.54091195937609             12.243053502653318            40                            449                           0.10624778281176395           
143589                        59.5409119593761              12.457405866878554            39                            477                           0.10520771876509157           
143881                        59.54091195937612             11.926969823430731            38                            427                           0.10117888950168102           
143900                        57.198983957092985            13.536984124790685            47                            439                           0.12187054111806918           
143962                        58.8786996357617              8.774313181249191             29                            413                           0.07593789882739005           
144033                        49.696711959376096            13.483587058919168            45                            393                           0.11812272017453265           
144249                        59.54091195937609             11.909370446024058            41                            455                           0.10673540872698267           
144327                        59.54091195937609             13.082796114955713            44                            441                           0.11529968395188979           
144502                        59.54091195937609             13.637308855949925            46                            435                           0.12166626089530613           
145260                        5.964214754347343             1.1109292803981372            4                             48                            0.010159650496046543          
145358                        59.54091195937609             14.913084171497587            52                            454                           0.13669995502138066           
145647                        58.11632464863277             15.660406124430484            52                            425                           0.13672068048876396           
145841                        59.54091195937608             15.182624717186009            49                            440                           0.13166808752356565           
146078                        59.540911959376096            16.887915004914802            55                            471                           0.14566147088513007           
146485                        43.38758626745914             9.110198929115743             33                            309                           0.08371499794354514           
146751                        59.540911959376096            11.660853332369632            39                            491                           0.10368406238592441           
146858                        59.5409119593761              12.897998731583403            45                            433                           0.11680621317461537           
146881                        59.54091195937609             10.587612480691245            36                            397                           0.09404820022360584           
147102                        59.5409119593761              15.050742548772636            49                            479                           0.131028020911013             
147230                        57.664647065664525            13.39993251367579             45                            447                           0.11948718044259686           
147372                        59.540911959376096            14.565008644551382            49                            436                           0.12989654971285              
147454                        59.54091195937609             11.638325572519516            39                            443                           0.10230805340000718           
147576                        59.54091195937609             16.35671929639181             53                            444                           0.1432718668971259            
148583                        59.5409119593761              10.532792650846872            37                            380                           0.09528700618645863           
148671                        59.54091195937609             13.326994926818088            43                            448                           0.11559480451241542           
148687                        59.5409119593761              15.078268476860838            48                            437                           0.12843237620268627           
148941                        59.54091195937611             13.967543583640191            48                            433                           0.1261769812431971            
148988                        59.5409119593761              13.985362794515332            46                            423                           0.12125935834864916           
149120                        59.5409119593761              11.27553584849976             38                            449                           0.09942425966264931           
149382                        57.28445598728663             14.905029611154152            48                            462                           0.12750349873676797           
150067                        54.96338119056742             10.770497553513367            37                            416                           0.09569271546403664           
150092                        59.54091195937609             16.851473948954283            52                            450                           0.14291639638926024           
150352                        59.5409119593761              14.740356631998242            50                            451                           0.13043686599808638           
150371                        59.54091195937609             18.257351492364407            62                            486                           0.16166530810565358           
150472                        51.75793945826679             11.522096388483789            37                            379                           0.09884656420503783           
150557                        59.540911959376096            15.157185306416677            49                            457                           0.13118500322910187           
150560                        59.343367505100886            14.997731921287476            50                            442                           0.13360806300668973           
150692                        53.33511965835245             13.368731091569469            45                            394                           0.11832263576732266           
150944                        59.54091195937608             17.12728116173731             56                            452                           0.14869384489066542           
151169                        59.540911959376096            13.366112260404652            46                            465                           0.11950785208651996           
151358                        59.54091195937611             15.263278775196754            49                            420                           0.13315800623729598           
152089                        59.540911959376096            11.911098213183413            40                            418                           0.10548361559343278           
152158                        59.54091195937608             17.271724139558287            57                            469                           0.15011309279969592           
152448                        58.39578237594255             10.82108175091386             36                            441                           0.09452090248215914           
152525                        59.54091195937609             16.43127359670728             53                            481                           0.14387361473242866           
152620                        59.54091195937609             16.72634272401803             52                            450                           0.14243049279577485           
152702                        59.54091195937609             11.701062680718033            39                            493                           0.10316966343807867           
152946                        46.207717886366396            10.188189266383953            34                            342                           0.08976020285509691           
152991                        59.54091195937609             14.623602286071593            48                            427                           0.12751867628735247           
153098                        59.54091195937609             12.814906280993863            42                            439                           0.1112644512377815            
153158                        59.540911959376096            17.245481713460453            59                            510                           0.15344279616960946           
153380                        59.54091195937611             14.436562787903485            46                            413                           0.12334840538331855           
153408                        59.54091195937611             14.651532944467515            47                            465                           0.12632427137673255           
153443                        59.5409119593761              8.023834384424426             28                            431                           0.07287839416261319           
153860                        59.54091195937609             13.732674839783796            45                            421                           0.11839899497203421           
153884                        59.5409119593761              13.732159866603954            46                            445                           0.1211686343382154            
153891                        59.54091195937612             14.024283128003585            47                            436                           0.12371139562816319           
153938                        59.54091195937609             12.670580876937604            43                            451                           0.11278349966082703           
154014                        59.540911959376096            16.544800350678823            55                            503                           0.14635151981897995           
154135                        59.540911959376096            16.694988117918513            53                            493                           0.14167506887000028           
154236                        59.54091195937609             10.941439664652918            39                            435                           0.10096345251769917           
154351                        59.5409119593761              13.829579295066186            46                            447                           0.12085402837860063           
154417                        59.540911959376096            18.82193977117494             62                            442                           0.16380891590323607           
154749                        59.54091195937609             16.866707060676287            59                            449                           0.15185023684380217           
154778                        59.5409119593761              11.922443792684845            40                            490                           0.10613215153779629           
155012                        59.5409119593761              12.946865113963687            44                            428                           0.11475787735384996           
155390                        59.5409119593761              12.901370844515228            43                            453                           0.11361386892149257           
155474                        59.54091195937609             14.476333649989144            49                            481                           0.12866200244286052           
155491                        59.5409119593761              15.294061634817622            51                            473                           0.13410740423133594           
155583                        59.540911959376096            16.233645709732855            54                            432                           0.14229177320188302           
155625                        59.54091195937609             13.025241040431517            44                            458                           0.11497281151360363           
155788                        59.5409119593761              10.267533264447787            36                            453                           0.09364527394642669           
156085                        55.11607636818938             17.450910254682864            56                            418                           0.15161880837888647           
156373                        59.540911959376096            13.050121933567379            43                            473                           0.1141521435685683            
156834                        59.540911959376096            12.327138994505093            41                            441                           0.10860378004955164           
156841                        57.79032238448818             13.478812455375184            47                            466                           0.1211417729318718            
156991                        59.54091195937612             16.87770810736922             55                            461                           0.146764093021194             
157583                        58.3395313099301              12.385457547376868            42                            448                           0.10947208807314027           
157685                        59.540911959376096            14.269559314974329            47                            420                           0.12410784470790734           
157730                        59.54091195937609             12.291395203114279            41                            476                           0.10777124011632762           
157833                        59.5409119593761              13.158823482239661            44                            437                           0.11668485147749535           
158050                        59.5409119593761              13.154185160470782            44                            475                           0.11617601700452054           
158234                        59.5409119593761              11.951052713808062            38                            405                           0.10252894758944374           
158240                        59.5409119593761              15.458822981266653            52                            409                           0.13788574255533995           
158285                        59.540911959376096            15.402544470660779            52                            459                           0.1349628484248355            
158704                        59.540911959376096            16.86991001054585             56                            450                           0.14744031472934646           
158850                        59.54091195937609             14.724888725570775            50                            475                           0.13080356344587707           
159205                        59.540911959376075            12.465771368024598            41                            420                           0.10971326903325836           
159425                        59.54091195937608             16.67931747736182             58                            449                           0.14967523855544193           
159486                        59.54091195937609             14.867600194286481            52                            453                           0.1346437405025298            
159519                        58.358221771825484            11.415926627426055            37                            427                           0.09757717650264973           
159540                        59.54091195937609             17.83747462729723             59                            506                           0.1560044697760054            
159753                        59.540911959376096            11.50896098519628             40                            468                           0.10289486547078228           
159900                        54.991247436975584            13.277561652467819            46                            412                           0.11834466254508094           
159959                        59.540911959376096            13.769247926424594            45                            452                           0.11962922998720882           
160280                        59.54091195937608             11.792570352063018            41                            445                           0.1062200354697103            
160336                        59.54091195937609             16.451620004136462            55                            438                           0.14550058056637608           
160354                        59.540911959376096            17.209433747096764            56                            448                           0.14947547960105084           
160703                        46.16152971349019             11.0597534942262              37                            336                           0.09650541166005909           
161178                        59.54091195937608             11.362510491910891            39                            460                           0.1006360740509908            
161849                        49.28553960583123             10.834625431870773            39                            369                           0.10029261361045336           
162076                        59.54091195937611             15.923696765509861            52                            465                           0.13741203527534526           
162261                        59.54091195937609             12.276389944292678            40                            477                           0.10798926268990992           
163131                        59.5409119593761              15.971587485495082            52                            483                           0.13770773455555535           
163142                        59.540911959376096            12.636222234619764            43                            400                           0.11411325214689261           
163196                        59.540911959376096            14.25057314109928             47                            440                           0.12427952340301178           
163438                        59.540911959376096            13.473455338255672            46                            413                           0.12036052122198458           
163440                        8.597006269168821             1.7617719158255714            5                             63                            0.014117468152578295          
163627                        56.3607810804642              16.709087564693824            56                            393                           0.14734889937686393           
163816                        59.5409119593761              9.828491803991064             31                            437                           0.08372715218223513           
164183                        59.525772136140155            9.541719538942585             32                            456                           0.08294974866248817           
164238                        59.540911959376096            12.099111180095331            41                            458                           0.10836969332248612           
164517                        59.54091195937611             15.145063706381679            47                            457                           0.12711651044620687           
165082                        59.540911959376096            18.84313786918415             61                            476                           0.1636169151528301            
165181                        59.5409119593761              15.430784496401847            49                            462                           0.13232779658124566           
165907                        59.540911959376096            17.70051933642925             58                            460                           0.1536447194386928            
166091                        59.540911959376096            10.455950973924308            37                            435                           0.09642314604335611           
166211                        59.540911959376096            17.07643675053203             54                            469                           0.14598400851973778           
166284                        50.57392101345661             6.200534200382763             21                            251                           0.05472428608713745           
166346                        59.5409119593761              21.09285719647434             68                            495                           0.1828881255533694            
166550                        49.06414902620173             12.13593758996205             42                            349                           0.10933099879725956           
166692                        20.889094650582813            3.2446165192967413            12                            155                           0.030428165380464185          
166827                        59.540911959376096            16.902757597612037            56                            444                           0.14746221325792558           
166966                        54.95437337491229             11.730296864889535            38                            414                           0.10214369043138502           
167579                        59.54091195937609             13.423014680691404            43                            433                           0.11504237635923989           
167587                        59.540911959376096            16.090016153377544            54                            430                           0.14163722358089936           
167964                        59.54091195937612             12.392990658741248            42                            425                           0.1098464175925011            
168087                        59.540911959376075            12.830774668982627            40                            437                           0.10973464971185698           
168123                        59.54091195937608             16.885826699436308            54                            476                           0.1443758595964908            
168125                        59.54091195937611             16.644830667843426            56                            460                           0.14663103239513092           
168360                        59.54091195937609             15.578997458230502            53                            446                           0.13775689887470347           
168413                        59.5409119593761              13.194231489367805            46                            439                           0.12037056681773282           
168601                        59.540911959376096            14.637330995725588            49                            465                           0.12949179071861833           
168848                        59.540911959376096            13.192821746562387            48                            465                           0.12166412722904296           
168859                        59.540911959376096            13.909326358863211            47                            452                           0.12227612510020004           
168905                        59.54091195937609             12.715902198048761            41                            460                           0.11004104581980641           
169452                        59.54091195937609             17.135985843499068            55                            455                           0.14806739444383904           
170032                        55.14956159019545             11.19153962115202             37                            413                           0.09705295419792492           
170074                        59.540911959376096            13.107415258916358            45                            476                           0.11762432630223442           
170507                        59.54091195937612             15.292392816953432            50                            469                           0.13477636137116422           
170712                        59.5409119593761              15.741076726027615            51                            420                           0.13554766959505343           
170963                        59.540911959376096            9.459661144212927             34                            427                           0.08825032617761029           
171032                        54.471132187630516            14.741618266095566            51                            428                           0.13271593867291087           
171123                        59.54091195937609             11.045151477063948            37                            414                           0.09742088644076065           
171125                        59.54091195937609             13.280249474290624            44                            456                           0.11713115586887149           
171192                        59.54091195937609             12.739666109652752            44                            456                           0.11492100367504174           
171353                        59.540911959376096            13.027006047329786            41                            404                           0.11087205906905633           
171491                        59.54091195937609             13.581356566781706            46                            378                           0.11939477994196707           
171625                        59.54091195937609             14.835617609502155            51                            419                           0.13214037451925137           
171702                        59.54091195937609             11.171553540875026            38                            416                           0.09909587875057216           
171770                        59.54091195937611             12.740967134246649            40                            449                           0.10780284720604753           
171863                        59.540911959376096            15.903268731721775            54                            456                           0.1420689175005989            
171914                        59.540911959376096            12.641257498047338            41                            361                           0.10779994716659165           
172032                        59.5409119593761              13.98074884771535             44                            438                           0.11939141701911588           
172179                        59.54091195937608             18.37434989190695             60                            446                           0.1592637200772034            
172297                        59.540911959376096            11.963808825654398            39                            429                           0.1040704994795989            
172415                        59.5409119593761              13.220989277103445            44                            449                           0.11488193194314726           
172617                        56.63837869903007             9.379032102113595             34                            433                           0.08611014136147925           
172690                        59.54091195937611             9.378954463692086             31                            488                           0.0828542640897064            
172844                        59.540911959376096            13.750874547019299            46                            431                           0.12128777089625953           
172870                        59.54091195937609             12.230196212885673            41                            467                           0.1077836321305563            
172881                        59.5409119593761              10.46738803056782             35                            476                           0.09291726097620182           
172916                        59.540911959376096            15.707502660321824            54                            466                           0.14071392701905833           
172997                        54.86180110493196             15.29489919425187             51                            423                           0.1343447606935068            
173211                        59.54091195937611             13.415377864133664            46                            444                           0.11909848455293841           
173271                        58.61265551021118             14.796591646862435            50                            425                           0.13076166041147555           
173480                        59.54091195937612             15.494095688706638            50                            405                           0.1337923754139764            
173551                        58.36699543519241             13.031936829862442            44                            497                           0.11519272000217178           
173590                        59.54091195937609             15.620891420112345            51                            437                           0.13639349417759994           
173647                        59.540911959376096            12.806342122409607            41                            449                           0.10886454449622089           
173689                        59.54091195937609             12.561988327867589            43                            428                           0.11194351584422332           
173804                        59.54091195937609             13.406200399073677            45                            465                           0.11811014943171584           
173847                        59.54091195937609             13.422335214311621            45                            396                           0.11854545891768145           
174074                        59.5409119593761              12.88932947978939             42                            408                           0.11117545265244859           
174117                        59.5409119593761              14.946326917167749            49                            505                           0.13056411610507557           
174300                        59.5409119593761              16.797881968630954            56                            468                           0.14845521560887176           
174529                        59.5409119593761              13.032295985427034            44                            449                           0.11533739988403698           
174782                        21.583517244368764            2.841736002954559             10                            142                           0.02564561639467852           
174862                        49.99198816195092             11.147614169825887            36                            384                           0.09543903169504964           
175004                        55.11960420737746             14.506836746050872            45                            418                           0.12158148300217672           
175438                        59.54091195937609             11.721577271807202            38                            440                           0.10295036359067025           
175573                        59.54091195937611             9.18357031665051              31                            459                           0.08085473930758731           
176126                        59.540911959376096            14.896151959072824            50                            442                           0.13025210104852547           
176212                        59.5409119593761              13.861788539994444            45                            483                           0.12098232843019606           
176306                        59.54091195937609             14.262174609794817            49                            431                           0.12784773912428354           
176391                        59.54091195937608             17.451298819002588            56                            443                           0.14861994956888258           
177689                        59.5409119593761              13.493703659243783            44                            448                           0.11658184160420715           
177715                        59.540911959376075            14.556473043121466            47                            446                           0.12502514580001184           
177846                        59.5409119593761              17.539647340217403            55                            444                           0.14946787235689837           
177988                        59.54091195937609             14.050744426244254            47                            484                           0.12275991317062983           
178006                        59.5409119593761              13.793396657082893            48                            455                           0.12506335254380022           
178265                        46.556511959376095            9.436728609584122             32                            337                           0.08343941176333099           
178659                        59.54091195937609             14.446007469816147            46                            367                           0.12393264756230253           
178782                        59.5409119593761              14.507864507811428            49                            446                           0.12772578567905396           
178899                        59.5409119593761              15.22731377171936             50                            451                           0.13357011138089278           
179086                        59.5409119593761              15.110374851485103            52                            425                           0.13547199903430523           
179234                        59.540911959376096            14.069873000497344            47                            450                           0.12389266848615987           
179377                        59.5409119593761              13.625274046455848            45                            384                           0.11907346321350104           
179401                        59.54091195937609             14.305114630833025            48                            472                           0.12726776566766201           
179455                        59.540911959376096            14.91858882706786             51                            465                           0.1341219985193003            
179545                        57.95675126022785             10.600377410530005            34                            387                           0.09160380212743126           
179794                        59.5409119593761              11.302454775721387            38                            456                           0.10064339991706629           
180155                        59.540911959376096            11.286002980627098            38                            436                           0.09986249722314894           
180432                        59.5409119593761              14.711228486152244            51                            489                           0.13294099324118422           
180452                        59.54091195937609             14.543517525792964            46                            461                           0.12290668398679833           
180495                        59.540911959376075            14.774565685023465            52                            498                           0.13333857584779998           
180924                        59.540911959376096            15.153435247080553            53                            468                           0.13698918200331134           
180949                        59.5409119593761              13.251639486081533            42                            396                           0.11329476722020286           
181866                        59.540911959376096            15.150126554649642            49                            431                           0.1318558478027598            
182051                        58.55941620071451             10.517028755837016            36                            433                           0.09521915855780888           
182230                        59.54091195937609             11.414262494683236            38                            351                           0.10114587483427687           
182231                        59.54091195937612             12.727573346811528            43                            454                           0.11359032183398861           
182317                        59.540911959376096            14.424247333317401            47                            454                           0.12522525393064704           
182538                        59.5409119593761              17.385215553327857            55                            438                           0.14716107999733608           
182785                        59.540911959376096            14.221369984443553            47                            447                           0.12335613202375949           
182868                        59.5409119593761              14.013123323922951            45                            435                           0.12053663271929912           
182870                        59.540911959376096            8.500384192258672             30                            404                           0.07717232820141204           
183209                        59.5409119593761              14.150488528747205            47                            440                           0.1246163103729896            
183405                        59.540911959376096            16.15926571471737             54                            464                           0.14208509859945923           
184043                        59.54091195937608             12.86518775801787             43                            461                           0.11283035593441786           
184253                        59.54091195937609             11.054010979985856            38                            458                           0.09902334746986727           
184417                        59.540911959376096            11.727501495377787            38                            451                           0.10191605836766474           
185425                        59.5409119593761              13.59096048795488             44                            496                           0.11740171928598785           
185433                        101.57397222185409            26.392621210174244            87                            732                           0.23060817146795995           
185834                        59.540911959376096            13.396500412934694            44                            431                           0.1158057124403372            
185846                        59.5409119593761              15.814413187763499            52                            444                           0.136947787807113             
185854                        59.5409119593761              16.08184546825681             53                            453                           0.14275108298988978           
185906                        59.54091195937609             16.297038655467354            51                            424                           0.13770835615647922           
186165                        57.210709366840504            13.267387086695011            46                            424                           0.1191440151162227            
186214                        59.5409119593761              12.851722291764602            43                            433                           0.11357548121097918           
186245                        59.5409119593761              10.884350678627841            34                            439                           0.0916155035617185            
186262                        59.5409119593761              13.84165411324928             47                            459                           0.12428396880567522           
186911                        59.540911959376096            12.561066174373316            40                            376                           0.10751918440622282           
186998                        59.54091195937609             13.870884937450972            44                            450                           0.11855998568297774           
187074                        59.5409119593761              13.11979055283858             42                            439                           0.11288024019566605           
187132                        54.362661394271875            11.215045231921964            39                            424                           0.10049414760810554           
187308                        59.54091195937609             15.75921711541019             51                            440                           0.1354191266038731            
187384                        59.54091195937609             14.540838663934029            47                            449                           0.12607014830352378           
187621                        59.5409119593761              13.053522523854145            44                            461                           0.11689576268720496           
187695                        59.540911959376075            11.713734474267417            38                            440                           0.1005666394122272            
188127                        59.540911959376096            14.51744406340349             46                            422                           0.12363370572620044           
188191                        59.54091195937609             20.50972588593763             65                            471                           0.1740343906746589            
188384                        59.54091195937609             13.906620149518268            45                            457                           0.12079360910453363           
188591                        59.54091195937612             14.995467061842808            48                            444                           0.12796776332920398           
188652                        59.04670068166331             14.075279732429541            45                            440                           0.1199343547310867            
188798                        59.54091195937611             18.242803272643712            59                            481                           0.15660111646624347           
188957                        59.540911959376096            13.993778644552169            47                            466                           0.12454956424163742           
189919                        59.5409119593761              14.001360533736666            47                            482                           0.12470118838831017           
189932                        59.540911959376096            14.842664811588106            50                            423                           0.13168159742922436           
190027                        59.540911959376096            15.078348440952336            47                            414                           0.12689933182087268           
190146                        55.11249807769616             12.921310606526568            41                            439                           0.11065032145652041           
190285                        59.5409119593761              16.095204689883253            55                            443                           0.14448451579979762           
190330                        59.54091195937609             13.464280585961452            45                            460                           0.1189894930095784            
190576                        33.1962874986377              9.555388335320751             32                            249                           0.08348223788338519           
190610                        59.540911959376096            12.087569767209079            42                            419                           0.10785223723902027           
190959                        59.54091195937609             12.285169021351358            40                            444                           0.1055478902236144            
190960                        58.88404473892209             17.489373671376388            58                            514                           0.15364992264272198           
191436                        59.5409119593761              15.07317989578351             49                            488                           0.13132331617355056           
191480                        59.5409119593761              12.292297503364217            43                            456                           0.11114510991499005           
191497                        59.5409119593761              12.833207418449462            44                            397                           0.11533592212478452           
191564                        59.540911959376075            12.487091234135468            41                            482                           0.10827049277089262           
191613                        59.5409119593761              12.05038392061534             41                            461                           0.10967805557546137           
191910                        59.54091195937609             9.40062809446165              33                            433                           0.08510657456109917           
191933                        59.5409119593761              16.358430754056958            55                            455                           0.14500693213627114           
192320                        59.54091195937611             16.649276855569408            54                            447                           0.14365868644740637           
192619                        59.5409119593761              15.591888510330412            51                            503                           0.13534788581505341           
192912                        58.38253864826186             14.083888923603588            47                            458                           0.12317777324774476           
192993                        59.54091195937609             15.645909554807123            54                            475                           0.1411669802299102            
193043                        59.54091195937609             15.890111490652467            54                            462                           0.14009268856803986           
193045                        59.54091195937608             13.095433996026484            42                            487                           0.11273064678879205           
193164                        59.540911959376096            19.953849854636044            65                            460                           0.17308719792231733           
193706                        59.54091195937611             17.8607998359923              56                            437                           0.15157598580014142           
193741                        59.540911959376096            12.6061102873959              44                            444                           0.11442405991389573           
193764                        59.540911959376096            16.318458897068293            52                            485                           0.13864044298817038           
193873                        59.54091195937608             18.484517783833816            59                            486                           0.1598355181906758            
194195                        59.54091195937611             15.067631510159385            51                            444                           0.13352892869381233           
194495                        59.54091195937609             14.493692294591137            47                            422                           0.12609600178091646           
194750                        59.540911959376096            12.488037402404807            43                            461                           0.11163663642028283           
194969                        55.92031349934927             12.391175322709934            42                            441                           0.1091930542991037            
195421                        55.8373638187576              13.218160286844503            45                            468                           0.11667779905989137           
195435                        55.6415251146713              12.42117647696877             41                            421                           0.10934340967071034           
195553                        59.540911959376075            17.202029451639042            54                            473                           0.14798036217819013           
195714                        53.78716420388382             10.397416218257712            35                            401                           0.09222178227424412           
196032                        55.61182376850052             11.948039759711163            39                            405                           0.10368602967377068           
196251                        59.54091195937609             10.329521061079706            34                            413                           0.08997216847966098           
196449                        59.5409119593761              18.26019213424037             60                            468                           0.16012451787974635           
196578                        59.300117506035576            15.21252970752299             50                            445                           0.1313170122807445            
197347                        59.540911959376096            13.170340937801969            44                            452                           0.1169213846209093            
197457                        56.93821144823653             15.207817466475323            51                            457                           0.1329176910034086            
198055                        59.54091195937609             11.332327873387111            36                            413                           0.09785176121908283           
198231                        59.5409119593761              11.543462132326422            39                            429                           0.10171764304270507           
198714                        59.54091195937609             11.538452331522354            40                            417                           0.10362241797018441           
199157                        59.540911959376096            14.682360102737583            47                            440                           0.12545807692438476           
199340                        59.54091195937609             12.60581220054156             45                            450                           0.11511085282370052           
199958                        59.5409119593761              13.490999341654137            45                            427                           0.11990539544547564           
199960                        59.54091195937608             12.03911934180554             42                            409                           0.10925337572293928           
