### BoGEMMS simulation ### 
# EventID Pos Edep_scint[keV] Nabs_SiPM_PDE Nabs_SiPM N_opt Edep_SiPM[keV]
9068                          1                             58.565019633984896            13.587800217623936            46                            426                           0.12042610324569591           
9481                          1                             59.540911959376096            11.762527425541327            39                            463                           0.10434704581781235           
11188                         1                             59.54091195937612             15.104177872321648            51                            442                           0.13369234649353004           
13475                         1                             59.5409119593761              15.078607299854221            48                            430                           0.1291616946172301            
14007                         1                             49.64876751178616             13.23398444608874             42                            362                           0.11298459089132437           
14138                         1                             59.5409119593761              11.376235969065053            40                            459                           0.10314906229665297           
14382                         1                             59.5409119593761              13.105542562429122            44                            445                           0.11720263303146161           
15754                         1                             59.54091195937609             13.977769451895123            44                            478                           0.1186685107137245            
18249                         1                             59.5409119593761              12.798559189283905            42                            445                           0.11187206835246555           
20046                         1                             59.54091195937609             13.627311419354337            45                            457                           0.11838085698540729           
20405                         1                             59.540911959376096            13.918370641920685            46                            432                           0.1217833984955222            
22058                         1                             49.07170250458722             10.887869970750378            35                            367                           0.09466193874125664           
22494                         1                             59.54091195937609             13.116395224991901            41                            435                           0.11043753335423621           
27827                         1                             59.540911959376096            13.819177375242857            47                            433                           0.12282099313731301           
29497                         1                             59.54091195937609             14.240370912519737            46                            422                           0.1235169635945948            
31020                         1                             59.5409119593761              15.347828906234769            53                            450                           0.13904608514029404           
32343                         1                             59.54091195937609             14.106970649891585            46                            493                           0.12163376715433813           
33845                         1                             59.54091195937609             13.989973946349961            46                            466                           0.12112527572653455           
34168                         1                             59.54091195937609             9.063170951661062             31                            440                           0.08092835728407112           
35526                         1                             59.54091195937609             18.930589673040252            61                            435                           0.16388193137772766           
38100                         1                             59.540911959376096            11.924105781263798            40                            420                           0.10454674945318784           
39290                         1                             56.547376461344484            11.011432520457719            36                            426                           0.09543265768988769           
39409                         1                             59.540911959376096            11.157525701212961            36                            382                           0.09607026899055225           
40487                         1                             59.54091195937609             12.95159988846759             43                            414                           0.11361374347607656           
41463                         1                             59.5409119593761              10.483115872217043            35                            460                           0.09178273223915889           
42083                         1                             59.54091195937609             18.64629665120107             61                            474                           0.16161588713880926           
42160                         1                             59.5409119593761              12.338453540707512            42                            429                           0.1113037491591962            
42214                         1                             59.540911959376096            13.466395188031486            45                            458                           0.11932411954065976           
42408                         1                             59.540911959376096            11.27136162840647             39                            430                           0.10199651646524398           
43764                         1                             59.540911959376096            11.630384247162567            38                            456                           0.10201780619438244           
43944                         1                             59.5409119593761              11.123081799116463            36                            442                           0.09573973616609031           
47674                         1                             59.54091195937609             11.177811278591344            38                            432                           0.09846992166615783           
47698                         1                             59.54091195937609             12.185801823121533            42                            455                           0.10863052806962342           
48810                         1                             59.5409119593761              12.381978466068684            40                            416                           0.10719951107696074           
49956                         1                             59.54091195937608             13.647482819842397            48                            494                           0.12249493910886916           
51129                         1                             59.540911959376075            14.555737631410015            49                            392                           0.12840424512337395           
51294                         1                             59.5409119593761              20.701276271506337            67                            478                           0.1773072342677478            
56049                         1                             59.54091195937609             16.382484454514014            53                            509                           0.14236640300752              
58054                         1                             58.88289944938191             11.520814405172198            37                            422                           0.09823199239214474           
59594                         1                             59.540911959376096            12.216880668215481            39                            458                           0.10465745874038554           
62619                         1                             59.54091195937612             11.775650718435859            41                            444                           0.1056903298012162            
65237                         1                             59.540911959376096            10.705309444431286            35                            425                           0.0929276864155631            
66827                         1                             59.5409119593761              10.606051624014809            33                            408                           0.08915008114497534           
67417                         1                             59.5409119593761              14.700436541328893            51                            454                           0.1323090432941546            
68351                         1                             59.54091195937609             14.875646119054863            48                            439                           0.12734362842556943           
68443                         1                             59.54091195937612             14.557457046939914            49                            463                           0.12890483857792034           
69502                         1                             59.5409119593761              10.919522953041222            35                            417                           0.09427019922138671           
69731                         1                             59.5409119593761              12.9973913610669              44                            406                           0.11465609256410851           
71533                         1                             59.540911959376096            10.887277696738522            35                            432                           0.09413339413126728           
72565                         1                             59.540911959376096            15.829155671505164            55                            473                           0.14187305617555163           
72873                         1                             59.54091195937609             8.757923620289933             29                            396                           0.07591352495225125           
74710                         1                             59.5409119593761              11.570226162362436            37                            405                           0.09952267917258957           
78108                         1                             59.540911959376096            11.591943536450334            36                            401                           0.09694443528038181           
78286                         1                             59.5409119593761              13.302032485913015            44                            468                           0.11544368130205958           
78313                         1                             21.369204405556964            4.494783209283893             14                            131                           0.03763821478694183           
81540                         1                             59.54091195937609             15.27734338405631             48                            447                           0.12843231148887677           
86487                         1                             59.5409119593761              14.191723017337932            48                            434                           0.12523273635391707           
88413                         1                             59.540911959376096            15.576702336384622            51                            449                           0.13446244845183147           
90118                         1                             48.49341378860586             12.885252029536497            44                            364                           0.11568834141401062           
92407                         1                             59.540911959376096            14.00312207697134             45                            441                           0.12014635828672673           
94617                         1                             59.54091195937609             13.756219943335822            44                            417                           0.1181943986506281            
98264                         1                             59.540911959376075            13.112476691664563            41                            474                           0.1103234696807951            
1146                          2                             59.5409119593761              12.575894589838569            42                            435                           0.11013100756542449           
1251                          2                             59.540911959376054            14.739876160116616            47                            396                           0.12678444147850504           
2415                          2                             59.3775219751918              11.403737559904283            39                            442                           0.10160808591079633           
2918                          2                             59.540911959376096            16.9460030028911              56                            432                           0.14807618878873452           
4095                          2                             59.540911959376096            13.868844711117003            45                            451                           0.12024647861869663           
5349                          2                             59.5409119593761              16.15468821733348             58                            424                           0.14818508366104685           
6038                          2                             59.5409119593761              16.95293118207714             57                            476                           0.1500050880859978            
7452                          2                             54.86915702493636             14.398484418706268            46                            396                           0.12324381827481286           
7853                          2                             59.540911959376096            15.680894312401845            52                            439                           0.13601744835620305           
9676                          2                             59.540911959376096            11.99555157416939             39                            433                           0.10291665693555886           
10792                         2                             59.540911959376096            13.112806143141913            42                            455                           0.11222229425598897           
12447                         2                             59.5409119593761              16.81962980562016             55                            431                           0.14549909095586938           
15978                         2                             59.5409119593761              14.463657213278397            47                            463                           0.12622190013934048           
17778                         2                             59.5409119593761              16.123630499814315            54                            396                           0.14253707201359309           
17913                         2                             56.53863300343107             14.321270542599287            46                            424                           0.1238921945575076            
18658                         2                             59.54091195937612             15.288125060881205            49                            453                           0.1309880252508504            
20183                         2                             59.540911959376096            14.801254216232097            50                            432                           0.13077706647479576           
22022                         2                             59.54091195937609             15.570226120371672            53                            440                           0.13828373667175833           
22175                         2                             57.16744297477704             16.125485298690908            54                            417                           0.14138959117026695           
24260                         2                             59.540911959376096            15.71921402562772             52                            422                           0.136408244276592             
26674                         2                             59.540911959376096            14.148661292108512            46                            435                           0.12310987687202896           
27211                         2                             59.5409119593761              14.109555793063272            45                            468                           0.12064187467793278           
27926                         2                             59.5409119593761              16.840521630779456            55                            383                           0.14579192260285156           
27950                         2                             59.54091195937609             17.085586927849167            55                            441                           0.1468782622898768            
30582                         2                             59.54091195937609             19.404322742751646            62                            442                           0.1668967109689551            
35101                         2                             56.20826609054582             19.43197340633815             63                            418                           0.16800935152884522           
39299                         2                             59.54091195937612             16.41941363278367             54                            476                           0.14362180168459152           
40073                         2                             59.5409119593761              19.720932312975524            63                            459                           0.1691743542377489            
40724                         2                             59.54091195937609             16.225954560938785            53                            432                           0.14187046489785476           
40985                         2                             59.5409119593761              13.28130617096851             44                            435                           0.11694516228924538           
42822                         2                             59.54091195937612             22.188996479699796            74                            485                           0.1970092023823794            
44115                         2                             59.54091195937609             20.65327046307435             70                            422                           0.18294179399592003           
45392                         2                             59.54091195937611             9.859723770478134             33                            427                           0.08722139638876429           
49998                         2                             59.54091195937609             16.684709775320528            54                            438                           0.1442981345803908            
53364                         2                             59.5409119593761              14.751859951381054            47                            447                           0.12587827799695897           
53667                         2                             59.5409119593761              12.670830358930942            43                            459                           0.11188348130819036           
55611                         2                             59.54091195937609             16.529966358521268            55                            412                           0.14542427549610684           
56272                         2                             59.54091195937609             17.130173007061572            57                            473                           0.1495420334680716            
57921                         2                             59.54091195937608             18.360013675627023            58                            449                           0.1565922930073833            
59657                         2                             59.540911959376075            13.793224770056845            44                            407                           0.11847185560619769           
59929                         2                             59.54091195937609             18.199278380803904            62                            424                           0.1627021645060707            
62840                         2                             59.5409119593761              16.567563242191902            54                            488                           0.14405408248318255           
65376                         2                             59.5409119593761              19.680014407297573            66                            474                           0.17484260429477141           
69761                         2                             57.76725979812446             16.412209006696916            53                            418                           0.14017596572188182           
71309                         2                             59.54091195937608             13.914186064285527            46                            426                           0.122696365474674             
71933                         2                             59.54091195937611             11.328749415282578            36                            423                           0.09802119015698335           
73928                         2                             59.54091195937609             14.860653717660117            53                            461                           0.13751091551435077           
74667                         2                             59.5409119593761              11.944573158432107            41                            483                           0.1057524594253561            
75780                         2                             59.54091195937609             15.122801031360723            49                            448                           0.1303499415212847            
78237                         2                             59.5409119593761              12.203543962573061            40                            460                           0.10623360745434714           
78600                         2                             59.54091195937612             17.63664059747238             57                            463                           0.1512742758965815            
79904                         2                             59.54091195937609             16.03499256401285             54                            469                           0.14165355469619287           
83392                         2                             59.5409119593761              17.969851406494882            57                            430                           0.15366478689212612           
84602                         2                             59.540911959376096            17.299130667752646            58                            424                           0.1542132794185069            
85507                         2                             59.540911959376096            13.705111948418978            44                            427                           0.11704236393612555           
85517                         2                             59.54091195937609             17.48160089825342             57                            451                           0.1518651849913952            
85721                         2                             59.54091195937609             12.674712514172692            42                            368                           0.11074389788998071           
86833                         2                             59.54091195937609             11.986299313359591            39                            436                           0.10444105055561827           
87193                         2                             59.54091195937609             17.981894444842222            59                            429                           0.1555639509748494            
87564                         2                             59.5409119593761              19.172760941650484            62                            481                           0.16552593366812812           
90394                         2                             59.54091195937608             16.011509881914357            54                            462                           0.14229348289818594           
92513                         2                             59.54091195937609             12.178866616562468            39                            434                           0.10423238162901315           
92854                         2                             59.540911959376096            19.569932201998814            66                            466                           0.17209395125763266           
97022                         2                             59.54091195937609             17.849461718663527            56                            508                           0.15097031512304315           
1262                          3                             59.540911959376096            10.640430458388673            34                            401                           0.09079988769109798           
3212                          3                             59.5409119593761              9.99553365755868              33                            420                           0.08681554410239334           
3851                          3                             48.45403310039559             11.483012290071736            40                            370                           0.10383491231806699           
4295                          3                             59.54091195937608             13.148809912536437            45                            447                           0.11974176361829379           
4325                          3                             56.61805662150787             14.317770876656366            48                            460                           0.12592119519101835           
4696                          3                             58.662733279973914            12.737564532774647            44                            467                           0.11452055952800903           
6483                          3                             59.54091195937612             13.45380613327605             45                            460                           0.11909348938760131           
8295                          3                             43.42722923525213             7.596452564747373             28                            275                           0.0711091416383023            
9986                          3                             59.54091195937611             12.199264178428653            40                            445                           0.10625254038421228           
10015                         3                             59.54091195937609             11.620955162616129            43                            404                           0.10945247823468769           
10436                         3                             59.540911959376096            14.811447180820764            50                            474                           0.1300268205515183            
11777                         3                             59.54091195937609             15.09083945046403             46                            432                           0.12519207374049582           
15688                         3                             59.54091195937609             14.780429901192646            50                            445                           0.1316994758486372            
16485                         3                             58.18445137421518             13.20828980546851             43                            423                           0.11404272846741811           
17224                         3                             59.5409119593761              11.219066260931054            35                            458                           0.09489593657280004           
20829                         3                             59.54091195937609             16.665186141849386            57                            482                           0.15028431833972536           
23058                         3                             59.540911959376096            16.24869619797391             54                            472                           0.14324848295372358           
23093                         3                             59.540911959376096            15.874176528625123            54                            431                           0.1409498046462966            
24115                         3                             59.540911959376096            9.71447737549888              32                            447                           0.08514853111893653           
26463                         3                             59.540911959376075            12.701064043582758            40                            422                           0.10820361996106452           
28244                         3                             59.540911959376096            8.744325641668338             29                            461                           0.07667667923718488           
30000                         3                             59.54091195937609             14.840891694657545            50                            467                           0.13187955064693235           
30963                         3                             59.540911959376096            11.591933496232372            38                            473                           0.10154044333324037           
31383                         3                             59.5409119593761              14.946561728282486            50                            462                           0.1325777683762922            
32535                         3                             57.23608248821741             11.82130948409312             40                            420                           0.10443138078967229           
33909                         3                             44.02876206249641             7.503073727348718             26                            294                           0.06751623581859192           
37704                         3                             59.5409119593761              11.005315251174789            34                            449                           0.09195216863946469           
41191                         3                             59.540911959376096            13.401669627297709            45                            477                           0.11793740611829906           
41954                         3                             59.540911959376096            11.26884159899546             39                            448                           0.10244668586792326           
42539                         3                             59.540911959376096            11.75188230305052             40                            453                           0.10550333175968613           
46274                         3                             59.54091195937609             14.362836555116381            49                            434                           0.1282919435448817            
46298                         3                             59.540911959376096            14.365997458419304            48                            482                           0.1252736528610618            
48806                         3                             59.54091195937612             12.61821923326331             43                            395                           0.1121954435601654            
50689                         3                             59.540911959376096            10.559924130466023            35                            406                           0.09220974439883486           
52153                         3                             26.344628422211876            4.270744872485455             13                            183                           0.035509390387642156          
52376                         3                             59.5409119593761              12.099443136035468            39                            476                           0.10412792727524493           
57395                         3                             59.54091195937608             11.410732972596609            38                            442                           0.10010899270683378           
57819                         3                             48.665770852731285            11.475967597412604            37                            352                           0.09835606359472993           
62116                         3                             59.54091195937611             12.851956893109602            44                            484                           0.11491724225321684           
64844                         3                             59.5409119593761              10.71110248302929             35                            432                           0.09271008137983756           
65393                         3                             59.5409119593761              11.901114366692783            38                            462                           0.10317500337206773           
68121                         3                             59.54091195937609             15.24745684308594             52                            466                           0.1352658034525567            
69924                         3                             43.430367248624734            8.386654050231446             27                            311                           0.07304329071841924           
70531                         3                             58.2675299527909              15.362458150148726            52                            476                           0.13676846063927844           
74612                         3                             59.540911959376096            13.438530995083882            44                            456                           0.1172165829004835            
75270                         3                             57.13075100118641             10.476552800221985            33                            422                           0.08927783263868463           
77351                         3                             59.540911959376096            11.095044887521128            37                            412                           0.09784503319973119           
78159                         3                             59.5409119593761              9.907148636170115             34                            453                           0.08873793631899216           
78793                         3                             59.54091195937609             14.317374454995052            47                            489                           0.12425850883150964           
80787                         3                             59.540911959376096            15.541062911828048            51                            481                           0.13399458994948896           
81025                         3                             59.5409119593761              15.045384325940379            50                            442                           0.13189824202658013           
81368                         3                             59.54091195937608             10.841797359148272            36                            460                           0.0955849670432823            
82346                         3                             26.344628422211866            7.259952879336872             24                            196                           0.06458297630129334           
82896                         3                             17.842791386473646            2.268346269673903             8                             84                            0.02035102908148058           
82912                         3                             59.540911959376096            14.99327967211227             49                            426                           0.13116027541815922           
86678                         3                             59.5409119593761              14.357487933250956            47                            415                           0.12621019277984913           
90647                         3                             59.5409119593761              13.35320056087128             42                            463                           0.11280857732552366           
94242                         3                             59.54091195937609             10.125554366042788            33                            442                           0.08774782988490117           
94447                         3                             59.540911959376096            10.49531113471155             34                            408                           0.09082539669550015           
94794                         3                             58.37294664907973             14.741285857347329            49                            453                           0.12826315555556278           
98244                         3                             1724.1856110171302            431.1872911997549             1424                          13877                         3.771206586459427             
98651                         3                             59.5409119593761              10.611446049784373            35                            458                           0.0926592072247455            
98770                         3                             59.54091195937609             14.113950270976078            45                            422                           0.12138559159726832           
99853                         3                             59.54091195937609             10.808568501044034            36                            457                           0.09607562945594693           
2258                          4                             56.32682043016336             9.426465726985185             34                            435                           0.08668937373267895           
3119                          4                             57.22448104175521             11.747099543832523            39                            418                           0.10289608630636765           
4644                          4                             59.54091195937611             14.336716014159869            47                            435                           0.12438628925371029           
4868                          4                             59.54091195937609             12.319810781740273            43                            434                           0.11095698174960683           
5396                          4                             59.5409119593761              14.380234477697199            47                            430                           0.12584221053277625           
6276                          4                             59.540911959376096            15.805449059720695            53                            449                           0.13930066738023444           
8786                          4                             59.540911959376075            7.6634263475513436            26                            302                           0.06807716664595649           
8926                          4                             58.29849190773008             13.589390087601144            47                            427                           0.12242089835009466           
14031                         4                             53.75695729494059             12.084348543132236            39                            427                           0.1063887765465859            
16822                         4                             59.540911959376096            14.438150430960958            46                            464                           0.1232728975397058            
17049                         4                             59.540911959376096            11.100826068305944            36                            306                           0.09580946113419946           
17056                         4                             59.540911959376096            18.485972257248278            60                            479                           0.16064305926858383           
18006                         4                             59.54091195937609             13.02846078128144             43                            447                           0.1145014765493912            
18036                         4                             59.540911959376096            15.391776771965922            50                            411                           0.13480193248180816           
20827                         4                             59.54091195937609             11.72957963751415             38                            459                           0.10288259567235855           
21268                         4                             59.540911959376096            14.57783747486613             48                            472                           0.1276565916136293            
23184                         4                             59.5409119593761              19.227979252501928            64                            460                           0.1696085175815146            
23430                         4                             59.54091195937609             14.245192774168075            50                            426                           0.13030596431817118           
24065                         4                             59.540911959376096            14.080239327297859            46                            432                           0.12283490808125559           
26096                         4                             59.54091195937609             16.426148511050233            56                            448                           0.1464754037663144            
26806                         4                             59.54091195937609             13.526846246739813            46                            465                           0.11952003888874785           
27896                         4                             59.54091195937609             15.7881011154186              52                            468                           0.1381350743974422            
28087                         4                             59.54091195937609             17.054068728711467            57                            414                           0.14866476521230462           
29321                         4                             59.54091195937609             12.071165814373586            41                            454                           0.1078490729036512            
31229                         4                             58.2370439302343              12.395018942655504            41                            408                           0.1087399910192204            
32370                         4                             59.540911959376096            13.219860159852404            43                            451                           0.11479086194041573           
33036                         4                             59.540911959376096            11.44446541309656             38                            422                           0.09957948114815807           
33550                         4                             59.540911959376096            16.900021792235854            56                            458                           0.14865300064688844           
33659                         4                             59.5409119593761              13.280678240403805            44                            437                           0.11536212499750058           
33823                         4                             59.540911959376096            11.634885329611484            38                            462                           0.10120838130477722           
34423                         4                             17.842811177976078            3.976654661458524             14                            122                           0.03567129400104541           
35400                         4                             59.54091195937608             15.19137353636227             49                            382                           0.13101426448061035           
36105                         4                             59.5409119593761              15.019137828917442            48                            440                           0.12837577131730446           
36461                         4                             59.540911959376096            11.40712159017193             39                            414                           0.10158910981147587           
36654                         4                             59.54091195937608             15.24211831217385             51                            446                           0.13381333874972035           
37148                         4                             59.54091195937609             12.06811985198234             39                            417                           0.10401029345779336           
37521                         4                             59.540911959376096            12.805571655641861            42                            461                           0.11198643607084982           
37668                         4                             59.5409119593761              12.002013819748871            41                            416                           0.10679197122081022           
38368                         4                             59.54091195937609             11.750047074370558            38                            440                           0.10073236155717302           
38430                         4                             59.540911959376096            14.584416921818965            47                            465                           0.12583225134352638           
39257                         4                             59.54091195937609             14.080252686706201            51                            486                           0.13001045149275633           
39266                         4                             57.56031249399846             12.408128298914681            43                            453                           0.11191797892148996           
39436                         4                             59.5409119593761              15.37502916059494             51                            456                           0.13406156034201677           
39632                         4                             59.5409119593761              13.259885591360371            45                            433                           0.11730704798462019           
40552                         4                             59.54091195937609             11.8818569369289              38                            458                           0.10112471262712644           
43000                         4                             59.540911959376096            11.16302103552643             37                            409                           0.09872895052611493           
45318                         4                             26.344628422211873            6.289104318455735             19                            190                           0.051909847614072246          
45947                         4                             47.155389202075014            13.298955125318864            44                            361                           0.11772709510072088           
49856                         4                             56.67122049846651             12.124859007497099            40                            408                           0.10546963218536193           
50301                         4                             59.54091195937609             11.40106413980361             36                            430                           0.09689297960253213           
51936                         4                             59.54091195937609             17.46572529723862             57                            459                           0.15157040136376768           
55083                         4                             59.5409119593761              9.42365631398566              32                            447                           0.08307619560928726           
59018                         4                             59.540911959376096            11.521398629665997            41                            423                           0.10484077381975272           
59935                         4                             59.540911959376096            16.1189921927891              53                            486                           0.14156464014415335           
61709                         4                             59.54091195937609             13.284981743651132            43                            397                           0.11639515345532839           
62121                         4                             59.54091195937609             18.784573473143364            59                            458                           0.15893463179944814           
63552                         4                             59.540911959376096            16.334436983241435            54                            468                           0.14202672936475938           
64006                         4                             59.5409119593761              13.672706902816557            47                            429                           0.12264230627154757           
67712                         4                             59.5409119593761              16.647141912321793            55                            444                           0.14582489194715828           
67984                         4                             59.5409119593761              12.673613748348775            40                            435                           0.1085756439719911            
68511                         4                             59.5409119593761              14.866952578452892            49                            424                           0.13040892139580046           
69195                         4                             34.09643331536873             7.328106426364744             25                            197                           0.06478052074563759           
70569                         4                             59.5409119593761              12.237087894859906            42                            322                           0.1089812747826058            
73273                         4                             59.540911959376096            12.030509884710192            41                            440                           0.10641255036702726           
74760                         4                             59.54091195937609             12.833752042180802            42                            445                           0.11222444602957045           
74807                         4                             54.832066631057266            12.309703955482053            41                            427                           0.10827585466124563           
77529                         4                             59.5409119593761              13.819368732818058            46                            466                           0.12273408700659898           
78774                         4                             59.5409119593761              16.53224323563509             51                            491                           0.14003178941922573           
79194                         4                             59.540911959376075            11.683431014871333            41                            459                           0.10598459843902232           
81334                         4                             59.54091195937608             15.50040954679552             49                            460                           0.1322407580970625            
81780                         4                             59.54091195937611             13.178623664957257            45                            408                           0.11761253567204005           
82421                         4                             59.540911959376096            13.476006696304065            45                            391                           0.1191314658091979            
84761                         4                             59.54091195937609             17.98504940791746             62                            514                           0.16109905562616683           
85925                         4                             59.5409119593761              13.607828356983486            43                            444                           0.11552928905753412           
86724                         4                             59.54091195937611             12.164932888487746            40                            431                           0.10526151495316614           
87319                         4                             59.54091195937612             12.089184057878576            38                            441                           0.10347870589980572           
88270                         4                             59.54091195937609             12.46663945651378             41                            429                           0.10994609237199202           
91483                         4                             59.5409119593761              15.198061201143584            48                            443                           0.12939180067531478           
93700                         4                             59.540911959376096            17.685492446277625            59                            457                           0.15638079556995899           
93761                         4                             59.5409119593761              17.13279028382423             55                            455                           0.14838465185585967           
93931                         4                             44.681934729237355            10.940246287661676            37                            305                           0.09812160317713674           
97439                         4                             59.54091195937609             15.727600297161704            52                            427                           0.1385244363743642            
97547                         4                             59.54091195937609             11.985245450590481            39                            374                           0.10439430911979286           
490                           5                             59.54091195937609             12.42305717181327             44                            468                           0.1135351457505165            
1380                          5                             59.5409119593761              11.240040907320509            38                            451                           0.09987504974532307           
1795                          5                             59.54091195937611             11.861305726906657            38                            442                           0.10175060744360849           
1937                          5                             59.5409119593761              16.39985440616163             53                            467                           0.14150878998892838           
2753                          5                             59.5409119593761              14.353399987871931            48                            479                           0.12663791275299635           
3317                          5                             59.540911959376096            14.36974541456483             48                            424                           0.1266102053787066            
3862                          5                             59.54091195937609             15.751251561478824            52                            438                           0.13738691625058141           
4439                          5                             59.54091195937609             14.968619218859555            51                            448                           0.13307110293199478           
7430                          5                             59.54091195937608             14.946063633020795            50                            442                           0.1335111488749273            
8932                          5                             55.507533871814324            14.631655219510462            49                            459                           0.12792517774656553           
14456                         5                             59.54091195937609             11.899657368080197            40                            467                           0.10478102197896859           
16638                         5                             59.54091195937612             15.539952344557               53                            473                           0.13866961380335105           
17608                         5                             59.54091195937609             14.347358424819737            49                            471                           0.12830447395431788           
17878                         5                             59.540911959376096            15.485865322895323            52                            455                           0.136399303956417             
19349                         5                             59.5409119593761              11.961872972470298            41                            445                           0.10778527731250119           
19532                         5                             59.540911959376096            13.622801853395686            44                            454                           0.11691217908328058           
20091                         5                             59.54091195937608             12.72051175313297             43                            451                           0.11181315508130531           
20095                         5                             58.406193529124785            15.69541366215161             50                            456                           0.1330256353306407            
20325                         5                             59.54091195937609             15.114769815632956            50                            419                           0.13301312591555345           
21014                         5                             59.5409119593761              16.44050695701558             55                            456                           0.14394916051331616           
21798                         5                             59.54091195937608             14.627820612103978            49                            464                           0.1294281088502684            
24413                         5                             59.54091195937608             14.67725394330809             49                            431                           0.12834386546959362           
25703                         5                             59.54091195937609             15.842781127329404            51                            487                           0.13624010536162381           
27308                         5                             59.54091195937607             15.360314892055651            51                            422                           0.13401905605103176           
29180                         5                             59.540911959376096            18.782211132118924            61                            449                           0.16207929132937193           
30892                         5                             59.540911959376096            16.549452332688453            55                            447                           0.14598052868736477           
34075                         5                             59.5409119593761              13.210822634769563            46                            455                           0.11917165934924259           
34870                         5                             59.540911959376096            15.664871608886017            51                            437                           0.13539023096231528           
35803                         5                             59.540911959376096            9.947070414928959             36                            436                           0.0920625280711389            
36531                         5                             17.07450447821245             5.313513802442898             19                            123                           0.048293986875345425          
37222                         5                             59.54091195937609             12.628020307936035            42                            423                           0.11198501929467725           
37634                         5                             59.540911959376075            16.498602826412643            54                            505                           0.14295035173242915           
38252                         5                             59.540911959376096            15.53971312115042             48                            482                           0.13021401233468557           
42168                         5                             59.5409119593761              12.103689120298665            39                            444                           0.10294192157889148           
42237                         5                             59.540911959376096            14.338541194707796            49                            457                           0.12776854855691747           
44426                         5                             59.54091195937609             18.11136525690851             60                            444                           0.1585853962868622            
45466                         5                             59.5409119593761              16.401526592103018            56                            448                           0.1477002994135998            
47872                         5                             59.54091195937609             15.310178265291436            50                            440                           0.13443217247966335           
48953                         5                             59.54091195937609             14.60700459164634             48                            467                           0.12785607578642905           
50161                         5                             59.540911959376096            17.303060349748524            59                            478                           0.15542952114743397           
52742                         5                             59.540911959376096            12.594330042839132            41                            435                           0.10813360755292792           
52870                         5                             59.540911959376096            15.721523370036778            52                            457                           0.13669660553933005           
52957                         5                             26.344628422211876            6.923878377039736             23                            189                           0.06061752035961099           
52968                         5                             59.54091195937612             14.054957283819022            47                            482                           0.12344094361434822           
56962                         5                             59.5409119593761              12.073610204602938            42                            420                           0.10880852898130489           
57224                         5                             59.54091195937609             19.160629348921617            60                            461                           0.16313915415697078           
58393                         5                             59.54091195937609             14.902425628188809            48                            470                           0.1287024732449434            
60514                         5                             59.5409119593761              15.47698167183826             51                            461                           0.13529965472558092           
61616                         5                             59.540911959376096            17.09969615856515             58                            508                           0.15183196524031287           
62190                         5                             26.34462842221187             4.275391792213896             14                            206                           0.037796406676884844          
62641                         5                             59.54091195937608             12.681583385134358            42                            470                           0.11128829579973328           
63154                         5                             59.5409119593761              14.742658624823806            48                            458                           0.1303405238035109            
63164                         5                             59.54091195937609             13.604306655590117            49                            455                           0.1259253443590544            
64037                         5                             59.54091195937609             14.185331299354914            47                            448                           0.1246358165700959            
66353                         5                             59.54091195937608             11.260205083454343            37                            452                           0.09828788707994447           
67377                         5                             55.1581993011938              10.914454959848618            38                            388                           0.09844304958497523           
67671                         5                             59.540911959376096            8.982250592719835             30                            367                           0.07941747780832377           
67717                         5                             59.5409119593761              15.398141251315787            51                            429                           0.13495734630107378           
68228                         5                             59.54091195937609             15.711244761069345            52                            446                           0.13819948758997938           
69226                         5                             59.54091195937609             12.11963424078019             38                            422                           0.10282653712803143           
69480                         5                             59.5409119593761              14.833135840853416            50                            443                           0.13106056502101118           
70498                         5                             59.5409119593761              17.086636601463297            57                            433                           0.15135038018390157           
70559                         5                             59.54091195937611             14.919735311966189            49                            414                           0.12964998036468647           
73377                         5                             57.358850849118184            12.935401430008909            44                            435                           0.11492905757917507           
73912                         5                             59.5409119593761              12.880225316292254            43                            451                           0.11338049262811735           
74224                         5                             59.5409119593761              13.56708358641355             48                            409                           0.1231626546720503            
74828                         5                             59.54091195937609             17.06937398822658             58                            472                           0.15166632716394893           
75496                         5                             59.5409119593761              13.591185106205462            46                            448                           0.1201925569027561            
78051                         5                             59.540911959376096            15.351820821580313            51                            430                           0.13462993086772201           
80776                         5                             59.54091195937609             12.267212304553697            39                            464                           0.10512710885105782           
88720                         5                             53.41613047446643             13.215027690436337            41                            399                           0.1110911514512364            
89470                         5                             26.356953983320913            5.999604219463734             20                            192                           0.05394827371121402           
90013                         5                             59.540911959376096            17.00301149484873             54                            436                           0.14382738289718006           
98374                         5                             59.5409119593761              12.86176088596594             43                            427                           0.11440860142559159           
98499                         5                             55.72470175178577             12.023480929906551            42                            403                           0.10832446083964294           
98758                         5                             59.5409119593761              12.99197473302222             45                            399                           0.11709142520780623           
99564                         5                             59.540911959376096            15.581861487397797            52                            457                           0.13969020789352127           
533                           6                             59.54091195937609             9.656727911155222             33                            437                           0.0857716589447692            
1032                          6                             59.5409119593761              16.434503195952452            57                            462                           0.14786223513549973           
1531                          6                             59.540911959376096            12.838765269088576            41                            430                           0.10895406228395078           
4449                          6                             59.54091195937609             13.884623180778119            47                            461                           0.12259380059999266           
6147                          6                             58.20840748897647             13.826711431553642            49                            451                           0.12595146837721488           
6577                          6                             59.54091195937609             15.798704362379517            53                            452                           0.1382034424296933            
10347                         6                             59.54091195937612             15.538944375449349            51                            398                           0.13563735167718957           
11680                         6                             59.540911959376096            14.68488176356745             47                            480                           0.12670245133017596           
11723                         6                             59.5409119593761              15.44009190181233             50                            479                           0.13363907296372024           
13282                         6                             26.344628422211866            5.4734090337265995            18                            205                           0.04787360551477945           
15059                         6                             59.54091195937609             10.578765308937758            34                            379                           0.09019741144675165           
15355                         6                             43.44627777699694             10.744025945760077            38                            314                           0.09706878975382849           
15518                         6                             59.540911959376075            12.38278612477235             40                            421                           0.10654800563352754           
19004                         6                             59.54091195937611             15.401632098372811            49                            458                           0.13170831521260468           
19148                         6                             59.54091195937609             12.46662952993083             42                            472                           0.10965757860775102           
19548                         6                             59.54091195937609             13.367143823078388            44                            369                           0.11707966254630418           
19958                         6                             59.54091195937609             16.256530888395478            55                            453                           0.14424128817734524           
21793                         6                             59.54091195937608             13.879266832885367            46                            415                           0.121882378051779             
22659                         6                             26.34462842221187             4.737137854950678             15                            164                           0.040647938416296964          
22812                         6                             59.53526313461961             16.607605664761547            55                            479                           0.14560705972906246           
24121                         6                             59.5409119593761              11.689486677027693            39                            418                           0.10263234703222693           
24836                         6                             59.5409119593761              15.374534032244247            49                            498                           0.1305791751715856            
25884                         6                             59.5409119593761              12.347202755678468            40                            494                           0.10672629350540447           
26084                         6                             59.540911959376096            16.614602352499517            54                            427                           0.14470553070053307           
30568                         6                             59.540911959376096            17.971366827637418            58                            452                           0.15391321303369448           
31968                         6                             59.540911959376096            10.20817232391425             33                            448                           0.08830402596036246           
31972                         6                             59.54091195937609             15.277618658613072            51                            465                           0.13419493532605972           
32562                         6                             59.54091195937609             12.169115380792356            38                            462                           0.10305978408099034           
33954                         6                             59.540911959376096            12.028057276697417            39                            477                           0.10385716512469999           
34612                         6                             59.540911959376096            15.242465256226923            53                            465                           0.13621708453583045           
35006                         6                             59.54091195937608             15.21708846977058             48                            405                           0.12889734522324126           
35133                         6                             59.5409119593761              11.236465682616766            39                            452                           0.10073273111688356           
35361                         6                             59.5409119593761              11.921796551921972            41                            470                           0.105936160627366             
38403                         6                             59.5409119593761              13.179438452387275            44                            463                           0.1152729652189113            
39291                         6                             59.54091195937609             16.701390232845334            56                            434                           0.1467504751078683            
40642                         6                             59.54091195937611             11.876963289947373            38                            421                           0.1016711385882312            
41656                         6                             59.540911959376096            15.467163965187028            50                            474                           0.13300180706971304           
42078                         6                             17.84279819408492             3.5143005182024982            11                            131                           0.02967982671387618           
42907                         6                             59.5409119593761              15.564570763304388            50                            458                           0.13385381207612065           
44113                         6                             59.540911959376096            11.696425326677693            37                            451                           0.09987980919579764           
44281                         6                             59.5409119593761              9.451128731814801             31                            413                           0.0839016834003337            
46090                         6                             59.54091195937611             16.3881208354886              55                            449                           0.14391448316699348           
47545                         6                             59.540911959376096            11.33446831783836             38                            435                           0.10001476633457416           
47969                         6                             59.540911959376096            16.740761815494132            56                            445                           0.14703413685126973           
52052                         6                             57.619957053902105            13.056671808352172            44                            459                           0.11580781032023818           
52550                         6                             59.54091195937609             14.231332710829605            47                            418                           0.1249936697754056            
52748                         6                             59.54091195937609             10.376232539881155            34                            435                           0.09168859045363159           
53413                         6                             59.5409119593761              16.186563185704394            55                            388                           0.14433673442554015           
55536                         6                             59.540911959376096            15.131227127256068            51                            461                           0.13322401661405187           
57435                         6                             59.5409119593761              10.428055656509065            36                            372                           0.09405178619090358           
59343                         6                             59.5409119593761              15.856093082874125            55                            403                           0.14328724224198955           
60004                         6                             59.540911959376075            12.240102891946771            37                            412                           0.10331976046372758           
60569                         6                             59.5409119593761              14.738563569831324            48                            471                           0.12842801137822435           
61911                         6                             59.54091195937609             14.805342528643985            49                            466                           0.12893739799880827           
61935                         6                             59.540911959376096            14.092987575864415            48                            455                           0.12449758647452641           
63323                         6                             59.5409119593761              13.900820324656115            46                            458                           0.12309740116851471           
63911                         6                             57.5985410214206              14.77828038336177             47                            450                           0.12603147030331224           
64360                         6                             59.54091195937609             13.851211381497535            45                            470                           0.11861308486773925           
65831                         6                             54.200605157731985            14.960517978850437            48                            394                           0.1288301399802136            
67517                         6                             59.540911959376075            14.525562723143212            51                            484                           0.1329839292971236            
67577                         6                             59.54091195937609             10.39558290153154             36                            448                           0.09359222856701759           
68871                         6                             59.5409119593761              13.53974421936514             43                            470                           0.1163178151971686            
68873                         6                             59.5409119593761              13.447274594629231            44                            440                           0.11556210607744721           
69538                         6                             48.90642555272775             10.469791797449858            36                            358                           0.09410166360552479           
71110                         6                             59.5409119593761              11.687692962187255            39                            469                           0.10214685996167562           
72026                         6                             59.54091195937609             12.820218143923487            43                            438                           0.11335985625811557           
72226                         6                             59.540911959376096            16.219156644751568            54                            456                           0.14204618778140393           
74731                         6                             59.5409119593761              13.58522582871907             44                            436                           0.11632407986738796           
78382                         6                             45.88504831614448             11.999131095571547            40                            314                           0.10600501522684806           
79452                         6                             44.11941506898247             12.331295402121105            40                            375                           0.10737940214232872           
81299                         6                             59.54091195937611             11.780151712673044            39                            439                           0.10419648379285876           
88729                         6                             59.54091195937609             13.52402624788556             43                            446                           0.11602411667654877           
91571                         6                             59.54091195937609             14.94760317781794             50                            473                           0.13175024333961458           
94682                         6                             17.842808696114353            3.1701806552950056            11                            138                           0.028319474591620063          
97199                         6                             59.540911959376096            16.47995388298245             52                            459                           0.14037860202397415           
97439                         6                             59.5409119593761              12.399139454743684            41                            438                           0.1084612524870649            
97738                         6                             59.5409119593761              14.680991927496763            52                            460                           0.1329920158240207            
98977                         6                             21.10337294228424             5.7728273773203576            18                            156                           0.048199771023410845          
99828                         6                             59.54091195937608             11.048469703823933            39                            430                           0.10050364168673283           
407                           7                             59.540911959376096            17.45926479118463             56                            464                           0.14975463973500364           
832                           7                             59.540911959376096            11.381815398373194            37                            450                           0.09890521492769126           
1632                          7                             59.5409119593761              16.25010297625801             55                            460                           0.14560476547252843           
3527                          7                             59.54091195937611             13.549259475309713            47                            485                           0.12361845309677937           
3794                          7                             59.540911959376096            13.523408899484924            46                            432                           0.12081801667933655           
4072                          7                             48.86787285963189             13.580318210248619            46                            394                           0.12184766865887744           
5451                          7                             59.54091195937609             15.326674911122295            48                            464                           0.1292087975078577            
8047                          7                             59.540911959376096            13.077787889808132            43                            435                           0.11381058951127168           
9057                          7                             59.54091195937609             11.832306954652376            39                            346                           0.10363373913865968           
9183                          7                             59.5409119593761              14.479845431723492            46                            431                           0.12427628318836498           
10802                         7                             59.5409119593761              13.075878020319772            41                            437                           0.10994797794774307           
13020                         7                             59.54091195937612             14.4071107090625              46                            408                           0.12394417080446354           
13505                         7                             59.54091195937609             16.086065112279506            53                            448                           0.13914131427752652           
13691                         7                             59.54091195937611             14.202852529829446            47                            478                           0.12417436102025953           
16057                         7                             59.540911959376096            13.877586796175345            46                            436                           0.1225161350717981            
18837                         7                             59.54091195937609             14.02778876958215             46                            451                           0.12173740106073234           
18895                         7                             59.540911959376096            15.843354078388211            52                            452                           0.13969478969325747           
19396                         7                             59.5409119593761              15.342743594055305            50                            490                           0.1323436827091382            
19958                         7                             26.34462842221187             2.11736701551983              8                             135                           0.02074850039796177           
23048                         7                             59.5409119593761              15.360162540805584            50                            441                           0.13303821994810133           
23284                         7                             59.54091195937609             14.74725291999035             50                            456                           0.13053802533189948           
24059                         7                             59.5409119593761              15.68779536765572             52                            479                           0.13771404746372098           
24093                         7                             59.54091195937609             13.332241485202983            46                            447                           0.11984855639169345           
25155                         7                             26.34462842221187             6.184908421907178             20                            183                           0.053383390014474764          
25736                         7                             59.5409119593761              9.819384892790533             32                            331                           0.08534093545668951           
26705                         7                             59.5409119593761              14.607641228987575            48                            433                           0.12736308031885998           
27190                         7                             59.5409119593761              15.076492959438292            54                            463                           0.13797942231941895           
32908                         7                             59.540911959376096            15.316024990333059            50                            389                           0.13267085958258026           
37903                         7                             59.5409119593761              14.425916934868987            46                            425                           0.1232641669172766            
40146                         7                             59.540911959376096            12.48342392222698             44                            458                           0.11327713559446867           
41938                         7                             59.54091195937611             13.638200705490574            47                            447                           0.12177862681291113           
42322                         7                             59.54091195937608             15.92493854481032             55                            464                           0.1437264076857874            
42931                         7                             20.88909370303766             4.819629203695367             16                            163                           0.042096679424220754          
44638                         7                             59.54091195937609             13.255172811522566            44                            420                           0.11600940486362676           
45798                         7                             43.401886915034254            12.57696687204217             45                            334                           0.1155313288462005            
48159                         7                             59.54091195937608             13.399793150849574            44                            437                           0.1156280851064686            
48526                         7                             59.5409119593761              10.61623933743575             34                            452                           0.09116611582556837           
50181                         7                             59.54091195937609             13.52830908805814             43                            509                           0.11515257227579379           
51076                         7                             59.540911959376096            15.503932032075792            53                            428                           0.13718785675442904           
51211                         7                             59.54091195937609             13.625798803482               45                            461                           0.1194389894744981            
51777                         7                             51.312642935932196            10.70582986918662             36                            388                           0.0948699041017524            
54762                         7                             59.5409119593761              12.689493492221297            42                            437                           0.11036613448444299           
59805                         7                             26.34462842221187             4.710775463998364             16                            202                           0.04235973387974438           
59944                         7                             59.540911959376096            11.259584315540787            38                            431                           0.09944927912747191           
62912                         7                             52.189851675617746            12.409243514931626            43                            394                           0.11152875763461252           
66086                         7                             59.540911959376096            10.080824064250672            32                            434                           0.08595782772227238           
67274                         7                             59.54091195937608             11.732872228524506            37                            463                           0.10030655958402923           
67315                         7                             59.5409119593761              11.85701063951721             38                            441                           0.10271276412449248           
67786                         7                             59.5409119593761              11.845500560527885            41                            414                           0.10539186810094227           
68277                         7                             59.540911959376096            14.795737099375327            52                            429                           0.1338592571282827            
69081                         7                             59.540911959376096            14.148541964681542            49                            453                           0.12685586673287527           
70904                         7                             59.540911959376096            14.526700656806563            48                            468                           0.12663978747591634           
77527                         7                             59.54091195937609             14.193373908470521            46                            471                           0.1231140497714426            
77593                         7                             56.948053805007135            12.94579434273388             43                            419                           0.1133239242425283            
78666                         7                             59.5409119593761              13.269330566029048            46                            426                           0.1187533147717836            
79250                         7                             59.5409119593761              15.091236096003152            51                            452                           0.13309273412106282           
82726                         7                             59.5409119593761              12.59910718282275             43                            430                           0.11276826079963685           
83952                         7                             59.54091195937609             15.117920115921763            49                            433                           0.1304624222337142            
84355                         7                             59.540911959376096            10.595463507343286            37                            404                           0.0957996145955217            
84448                         7                             59.540911959376096            14.641542189042248            48                            474                           0.1274026255063556            
85000                         7                             59.540911959376096            13.628804228157106            45                            429                           0.11987792942828727           
85607                         7                             59.5409119593761              15.566971303000386            54                            425                           0.13985057447259794           
85723                         7                             59.54091195937609             12.344462212066215            41                            427                           0.10903298023409379           
86091                         7                             59.5409119593761              14.979085066970953            49                            444                           0.12999826754039673           
86112                         7                             59.540911959376096            14.532690413433507            50                            408                           0.13049507077391834           
88104                         7                             59.54091195937609             16.047690072643512            54                            474                           0.14225968553429882           
90430                         7                             54.99481996804561             14.944978943832671            49                            420                           0.13023503558585928           
91608                         7                             59.540911959376096            13.67709033398104             46                            432                           0.12113111522968587           
91844                         7                             59.54091195937609             13.58237214676132             49                            470                           0.12552794165245784           
91861                         7                             59.540911959376096            15.411013116871393            49                            463                           0.1321655096511161            
91974                         7                             59.54091195937609             16.78923870747482             55                            479                           0.14510908216092577           
93083                         7                             59.54091195937609             16.01943965506945             55                            455                           0.1431324136299231            
95094                         7                             59.540911959376096            13.784815373509629            44                            439                           0.1175667724309041            
95108                         7                             59.540911959376096            18.06363727655253             60                            477                           0.1591460460715146            
99307                         7                             59.5409119593761              12.633156844592788            42                            434                           0.1094746086962426            
1618                          8                             59.5409119593761              10.780404129428923            36                            441                           0.09540976783684563           
1944                          8                             59.540911959376096            11.499868333100741            37                            376                           0.09874554295385354           
2144                          8                             59.540911959376096            13.203136269126835            44                            414                           0.1164624958890735            
8004                          8                             59.54091195937609             14.428089840934653            47                            446                           0.1257196418329324            
8210                          8                             59.54091195937609             13.187933703454819            43                            433                           0.11448477294954375           
8397                          8                             59.540911959376096            16.862464334362507            54                            471                           0.14466552503639157           
9268                          8                             52.82850424150801             11.725777893058332            39                            420                           0.10275346219438361           
9431                          8                             59.540911959376096            16.44402242333848             55                            457                           0.14510396309075718           
12385                         8                             59.540911959376096            14.491881747269456            47                            413                           0.12405296224165296           
13061                         8                             59.540911959376096            14.587524298135834            48                            440                           0.1274955079404251            
14072                         8                             59.5409119593761              18.688386606385535            62                            452                           0.163380095934706             
15038                         8                             59.54091195937609             14.409731510222631            47                            440                           0.12416987808287151           
22137                         8                             59.5409119593761              15.684058586307808            50                            439                           0.13559727821417178           
22941                         8                             59.540911959376075            16.74957204940378             55                            472                           0.1456460418162819            
23703                         8                             59.5409119593761              17.554388529980073            56                            434                           0.15134747317282637           
26290                         8                             59.54091195937608             13.70512501173066             45                            464                           0.11925000089692162           
26948                         8                             59.540911959376075            14.532563292162518            47                            421                           0.12590760382814717           
29844                         8                             59.5409119593761              14.775309027692318            51                            456                           0.13282282312416252           
32385                         8                             59.540911959376096            14.638609957900774            47                            426                           0.12629947173954725           
33081                         8                             59.540911959376096            12.395842068944837            43                            500                           0.11312840132879774           
34483                         8                             59.54091195937609             12.185219288640909            38                            428                           0.10345603903623514           
35229                         8                             59.5409119593761              11.113293832840123            35                            464                           0.09511325966427699           
36996                         8                             59.540911959376096            10.702238069754715            36                            412                           0.09510134246424085           
39291                         8                             38.0924483309941              8.593885112005408             27                            272                           0.07319027716447994           
40174                         8                             59.540911959376096            13.626758570176296            44                            414                           0.11826520646735128           
41260                         8                             59.5409119593761              14.788126985098696            50                            464                           0.13052370181722622           
41671                         8                             59.540911959376096            13.726619067688436            45                            435                           0.12035301065433376           
43653                         8                             59.54091195937609             12.576200094417901            42                            402                           0.11226170375140321           
46286                         8                             59.540911959376096            9.974421377655007             33                            399                           0.08639908079541869           
47081                         8                             16.858695824726084            2.2145337027862535            8                             116                           0.020163851561191236          
47182                         8                             59.5409119593761              16.144655786739087            53                            436                           0.1401312561164229            
50343                         8                             59.54091195937609             18.645496269962372            59                            452                           0.15926074246898106           
50617                         8                             59.5409119593761              13.774005896458139            44                            473                           0.11858305485325725           
51890                         8                             59.54091195937608             15.914160924384356            53                            471                           0.14011713572869425           
52321                         8                             59.5409119593761              11.315772213436171            37                            471                           0.09789332223414346           
53890                         8                             20.88909003037902             3.3034653127912903            12                            154                           0.031147690610348815          
54961                         8                             59.5409119593761              13.506242363395906            46                            463                           0.11999720077673844           
57071                         8                             59.5409119593761              14.818554018094517            50                            438                           0.13061462467164128           
62035                         8                             59.311261749677485            10.279920039548436            36                            399                           0.0924934523547706            
63255                         8                             59.5409119593761              12.536065440048409            41                            427                           0.1087360579379439            
63631                         8                             59.54091195937609             14.208926152727003            45                            417                           0.12087934133198201           
64031                         8                             59.54091195937609             13.561218311980547            44                            425                           0.116507626377699             
64887                         8                             59.540911959376096            12.424762486574682            42                            359                           0.11033063269066087           
65728                         8                             59.54091195937609             11.18858163254683             39                            479                           0.10238297413437747           
66428                         8                             59.5409119593761              14.69536894716329             48                            430                           0.12674415037822764           
66918                         8                             58.75208390095142             16.41242476226604             55                            448                           0.144407986314081             
67698                         8                             59.540911959376096            15.474428801046738            49                            456                           0.1322287671986829            
69108                         8                             59.540911959376075            13.181073995599643            44                            458                           0.11609438028524043           
70190                         8                             59.540911959376096            15.96837332654005             53                            415                           0.14030426069862467           
70554                         8                             59.540911959376096            18.601466023885656            60                            458                           0.16011592564494773           
72799                         8                             59.540911959376096            13.466808939636763            47                            501                           0.12078831243986925           
74687                         8                             59.540911959376096            11.511983285527656            39                            457                           0.10191461819445288           
76410                         8                             59.5409119593761              14.427952296726               49                            477                           0.12831092194806326           
79247                         8                             59.54091195937609             12.279868840735825            40                            471                           0.10676211303765029           
84359                         8                             59.540911959376096            17.89025031743715             57                            461                           0.155023738394696             
84726                         8                             59.540911959376096            13.283739189130733            45                            414                           0.11738537817120574           
87372                         8                             59.5409119593761              13.701643490223184            45                            430                           0.11914360827313378           
87952                         8                             59.5409119593761              10.057082820813857            32                            451                           0.08518979854433201           
89469                         8                             59.54091195937609             11.30409305365071             38                            463                           0.10062651759755975           
92226                         8                             59.54091195937608             12.34537730489645             41                            424                           0.10773440704573001           
92284                         8                             59.54091195937609             11.830773905237589            38                            405                           0.1010013510413437            
93439                         8                             59.540911959376096            14.53663694795251             45                            432                           0.12506364869485662           
96422                         8                             59.540911959376096            13.677776809427124            46                            358                           0.12214522401836925           
99423                         8                             59.540911959376096            12.905475678095202            41                            442                           0.11007711489213176           
3774                          9                             59.54091195937609             13.008121475105584            40                            351                           0.11053124126336714           
5850                          9                             59.5409119593761              14.300036514163558            50                            434                           0.13000010303425052           
7618                          9                             59.540911959376096            14.073555384241113            46                            475                           0.12479129944586204           
8432                          9                             59.54091195937609             14.22357386792588             46                            418                           0.12262081877982366           
8750                          9                             59.540911959376075            12.345189027505642            40                            452                           0.10639086860422114           
10235                         9                             59.5409119593761              12.861565638814106            42                            439                           0.11049398644596663           
10322                         9                             59.54091195937609             15.055564454450591            51                            470                           0.1329374681204995            
11227                         9                             59.5409119593761              15.266885039771648            51                            453                           0.13317028356716548           
11460                         9                             59.5409119593761              10.936010809199352            37                            443                           0.09679448856887117           
13902                         9                             59.54091195937611             13.42154960203499             45                            444                           0.11852110711138977           
19382                         9                             59.54091195937609             17.0273273322989              55                            437                           0.14628690256091095           
19641                         9                             59.54091195937609             16.502922380426345            55                            448                           0.14483584208954686           
20162                         9                             59.540911959376096            9.172690723010689             30                            453                           0.07962746371260887           
22275                         9                             59.540911959376096            13.773249288325804            47                            446                           0.12460998207041298           
22276                         9                             59.540911959376075            13.45756379090949             44                            440                           0.11752281892734825           
24170                         9                             59.54091195937609             13.830439950002093            47                            460                           0.12306055891839221           
25459                         9                             59.54091195937609             16.252426452422338            52                            453                           0.1386081442409169            
27410                         9                             59.54091195937611             11.003323693171236            38                            431                           0.09919443398184101           
28939                         9                             46.840444911964696            11.046947194283954            37                            346                           0.09702262939203839           
29187                         9                             59.5409119593761              19.040857456194722            62                            466                           0.16543551807495832           
31078                         9                             59.54091195937609             14.70912954827021             50                            436                           0.13105125967867623           
32497                         9                             59.5409119593761              14.791083256505106            48                            420                           0.12835088989095977           
32905                         9                             59.540911959376096            13.293533084359924            44                            468                           0.1159267022039829            
34821                         9                             59.54091195937608             11.62532847735535             39                            505                           0.10163241842393034           
34835                         9                             59.5409119593761              16.72321075435695             56                            474                           0.14663833341767107           
35691                         9                             59.5409119593761              13.573601046812065            44                            457                           0.11667887888709362           
36623                         9                             59.54091195937611             12.536400011838515            42                            453                           0.11041936270893603           
41331                         9                             59.540911959376096            14.635273586999359            50                            471                           0.1300690179153866            
44189                         9                             59.54091195937609             13.285508260664542            46                            389                           0.11941226285547252           
44507                         9                             59.5409119593761              10.686254944624366            36                            392                           0.09500171222532874           
47887                         9                             26.344628422211873            7.772590715595944             24                            153                           0.06611076315254663           
47894                         9                             59.54091195937608             14.008310915974464            46                            446                           0.12130280095605915           
48300                         9                             59.54091195937609             13.905449395688077            46                            412                           0.12042070870896604           
48695                         9                             59.54091195937609             13.58418711284962             44                            467                           0.11762247237123045           
49844                         9                             58.91146562165023             13.89964625564535             46                            419                           0.12158286183669068           
50804                         9                             59.54091195937609             15.538245764166103            53                            455                           0.13900646470930617           
52331                         9                             59.54091195937609             13.173546877411804            42                            374                           0.11261488033906596           
54409                         9                             59.5409119593761              11.723391772901733            39                            451                           0.1029030317472869            
58088                         9                             59.5409119593761              11.87801791794006             41                            489                           0.10816692014385135           
58672                         9                             59.5409119593761              12.221116352024639            40                            443                           0.10622627198887961           
62884                         9                             59.54091195937609             16.914681202638263            53                            447                           0.143286862985012             
63520                         9                             59.54091195937608             12.042817288722281            40                            450                           0.10593117814560499           
64590                         9                             56.93695378770889             12.513853726724209            42                            417                           0.11071009655612486           
64830                         9                             46.55651195937609             10.71082413464093             33                            332                           0.08920884111382862           
67754                         9                             59.54091195937607             15.00916552712528             47                            528                           0.1269353069848648            
68026                         9                             59.54091195937609             12.444825362975942            38                            343                           0.10445678013245055           
68155                         9                             59.5409119593761              12.986139689742462            41                            430                           0.11076446255960422           
68234                         9                             59.5409119593761              10.91120229335288             37                            394                           0.09624056710835868           
68405                         9                             59.54091195937609             14.986023268876158            52                            450                           0.13515605038344616           
73711                         9                             59.540911959376096            15.663763998471984            51                            468                           0.13549260096081947           
75068                         9                             59.540911959376096            15.356692281832771            48                            456                           0.12973193404062333           
75120                         9                             59.54091195937609             12.323310919150655            42                            466                           0.11044136157242117           
76902                         9                             59.540911959376096            13.822813968268555            45                            425                           0.12028466808879235           
78139                         9                             59.540911959376096            17.615041907459165            55                            446                           0.14898919262658322           
79961                         9                             59.54091195937609             14.351190314301821            47                            466                           0.12390624911406908           
80608                         9                             59.54091195937609             14.85021022696247             47                            438                           0.12614421141243182           
82033                         9                             59.540911959376096            15.223809079834648            50                            449                           0.13267688104857453           
86971                         9                             59.5409119593761              13.393268791994565            42                            443                           0.11395160597171704           
89358                         9                             59.54091195937609             15.882707782871265            53                            453                           0.14035247888954996           
89733                         9                             59.5409119593761              18.337496888810783            60                            431                           0.15951572366354938           
90415                         9                             21.120502463235404            4.124049931881865             14                            150                           0.03711929936898565           
91128                         9                             59.54091195937609             14.052540575458746            47                            411                           0.1244046893040402            
94448                         9                             59.540911959376096            14.22155404514793             47                            480                           0.12459479493716252           
94832                         9                             59.54091195937609             10.744980480331025            35                            466                           0.09382870573972982           
97507                         9                             59.5409119593761              13.264995718792534            43                            454                           0.11451227139791095           
108                           10                            59.54091195937609             11.074308324490396            38                            487                           0.09979652374441741           
3573                          10                            59.540911959376096            10.65115360131902             34                            406                           0.09032948899583508           
4230                          10                            26.344628422211866            3.583489735853542             13                            197                           0.03330202689931694           
4497                          10                            59.5409119593761              10.318643467997816            35                            452                           0.09080822163200615           
5270                          10                            59.540911959376096            17.105681683662663            59                            432                           0.15420427384184218           
5514                          10                            59.540911959376096            10.308477840806043            35                            414                           0.09262174673779484           
5803                          10                            59.54091195937609             10.774349402442462            36                            436                           0.09769899227513823           
7256                          10                            59.540911959376096            10.001144728643593            34                            451                           0.08905856503697779           
8058                          10                            59.5409119593761              13.14564707850002             42                            485                           0.11457835279624727           
8090                          10                            59.5409119593761              14.39730798461244             47                            425                           0.12550004747201382           
8159                          10                            59.54091195937611             11.13876844134349             38                            438                           0.09822475872087406           
14350                         10                            59.54091195937609             15.906636178744106            51                            467                           0.13722833520590746           
14415                         10                            59.5409119593761              14.241778523112124            50                            448                           0.1292103743619298            
17099                         10                            59.54091195937609             14.334835667191616            46                            415                           0.12276086826273792           
19792                         10                            59.54091195937609             12.049004290121188            41                            423                           0.10663840203588516           
20152                         10                            20.88910936034739             4.152831342076967             15                            142                           0.03815304365473707           
20959                         10                            59.54091195937612             13.47261533680257             43                            453                           0.11432135324918946           
21322                         10                            59.540911959376096            13.756300667863771            45                            453                           0.12015990347524023           
22057                         10                            43.450155776180964            11.196702978170437            39                            374                           0.10049676876311277           
23398                         10                            56.571537572027204            11.99399643248961             40                            358                           0.10530185443821499           
26306                         10                            59.540911959376075            14.394875721143688            47                            466                           0.12446297643531495           
26688                         10                            59.54091195937609             16.413546931994627            56                            425                           0.14563743777636073           
27119                         10                            59.540911959376096            9.999894665250743             35                            397                           0.09019728844933185           
28509                         10                            59.54091195937609             12.537042359619932            44                            445                           0.11362689760581506           
29595                         10                            59.540911959376096            13.639291409462166            46                            491                           0.12025028356686927           
30764                         10                            59.5409119593761              10.742380344903774            36                            486                           0.09531732971925184           
30851                         10                            59.5409119593761              10.300794137464809            35                            423                           0.09129368268230258           
32227                         10                            59.54091195937608             16.91894808608208             53                            459                           0.14367774738233757           
32913                         10                            59.5409119593761              10.128866598443736            35                            343                           0.09039998365789695           
33237                         10                            59.540911959376096            11.549942021041595            40                            491                           0.10372608981326834           
37216                         10                            59.54091195937609             13.284699026510921            42                            468                           0.11334491893628411           
39227                         10                            59.54091195937609             13.489632227194988            44                            459                           0.11722843532280973           
41893                         10                            103.02465539633805            21.16001916873371             71                            781                           0.18707535010453977           
46802                         10                            59.5409119593761              15.376147063373859            49                            457                           0.13190246558690324           
50004                         10                            59.54091195937609             15.110228007921718            50                            484                           0.13175913794514482           
52009                         10                            58.026139601956956            13.25855769596433             42                            401                           0.11287623783023935           
53722                         10                            59.54091195937611             12.54677921089434             44                            457                           0.11431881825461669           
53889                         10                            59.54091195937609             15.691796270897136            50                            437                           0.13365101201664562           
54237                         10                            59.54091195937609             14.05260360380018             48                            481                           0.1250335869373324            
57651                         10                            59.5409119593761              15.609136543391989            52                            435                           0.13694968655941414           
58544                         10                            59.54091195937609             12.856817823519272            43                            414                           0.11289870636828643           
58604                         10                            57.194923562710585            13.290457179041987            42                            458                           0.11256155495262861           
59388                         10                            59.54091195937608             15.564257432356577            50                            463                           0.13260339130783522           
60093                         10                            59.540911959376096            11.027211731344385            38                            424                           0.09967355426475233           
60829                         10                            55.886131698168825            15.089984539109967            52                            439                           0.13432579336845166           
60867                         10                            59.54091195937609             13.922561339243888            49                            430                           0.12557172014651624           
60906                         10                            59.54091195937608             13.712594663488078            46                            462                           0.11978957219318165           
61494                         10                            59.54091195937609             12.294498463802356            39                            453                           0.10486409046193249           
62005                         10                            59.5409119593761              11.65999861707598             37                            446                           0.10003538800822105           
63070                         10                            15.792749294616693            2.9100035970218077            9                             96                            0.024961442444217476          
64057                         10                            59.5409119593761              12.778312321338833            43                            453                           0.11336463934561287           
64644                         10                            59.54091195937609             12.117124204986586            39                            451                           0.10330556474410518           
67001                         10                            59.540911959376096            12.322899318188608            40                            456                           0.10680096460826916           
67122                         10                            59.540911959376096            12.57986552027255             43                            486                           0.11360142559169324           
68125                         10                            59.54091195937612             15.00980409191557             50                            470                           0.1310976228424831            
70620                         10                            59.5409119593761              11.273442854657567            38                            408                           0.10010879304665264           
71464                         10                            59.5409119593761              14.693248738324442            50                            497                           0.1324377303866402            
71486                         10                            59.5409119593761              14.683631650126443            47                            466                           0.12548512445278878           
71489                         10                            59.54091195937609             15.267203429753211            51                            485                           0.13497677794169946           
78461                         10                            59.54091195937609             10.715855563914946            36                            396                           0.09414767426506047           
80707                         10                            59.540911959376096            14.814411639537624            49                            448                           0.12884044587846133           
82259                         10                            59.5409119593761              14.94036427029881             51                            413                           0.13306289287114073           
85627                         10                            59.54091195937608             15.131439557632635            49                            469                           0.130879822761731             
86321                         10                            59.540911959376096            14.790309820050984            48                            454                           0.12745911980965907           
88098                         10                            59.5409119593761              14.0942366659155              46                            452                           0.12364248450819815           
88421                         10                            59.5409119593761              13.69242239943913             44                            445                           0.11892937928429338           
93021                         10                            59.540911959376096            15.852439354034662            54                            425                           0.14104239219482487           
94642                         10                            59.5409119593761              18.535459736668397            61                            435                           0.1607774699109423            
95971                         10                            59.5409119593761              15.116399173743401            50                            442                           0.1316147341752476            
96311                         10                            59.5409119593761              16.2243229649664              55                            435                           0.146239391346409             
1394                          11                            59.54091195937609             12.421284719155587            38                            421                           0.1054787071802039            
2987                          11                            59.5409119593761              9.749524849797988             34                            450                           0.08901397549535164           
5558                          11                            59.540911959376096            11.892769418868749            43                            432                           0.11112716068957365           
6393                          11                            56.075112158032454            13.752654958797548            45                            433                           0.11833406272801322           
6444                          11                            59.540911959376096            14.722404669506725            49                            463                           0.12970542964631931           
6887                          11                            59.5409119593761              14.284964998621017            50                            429                           0.1296175339483264            
9061                          11                            59.5409119593761              13.095221156109092            43                            433                           0.1132144964783378            
11857                         11                            59.5409119593761              11.813994849791744            40                            358                           0.10483685277729803           
13329                         11                            59.5409119593761              12.012849221461217            38                            454                           0.10186347393830547           
14954                         11                            59.54091195937609             14.703704474726376            52                            454                           0.1351319436399792            
15168                         11                            51.12357590001742             16.33587640492536             53                            397                           0.14087993141803018           
15267                         11                            59.5409119593761              14.160776950223186            48                            489                           0.1277459890293447            
15270                         11                            59.54091195937609             12.69167712610956             43                            414                           0.11312352151481664           
15363                         11                            59.54091195937608             10.567228245890918            37                            461                           0.09518596945413653           
15896                         11                            59.540911959376096            16.622803498145586            54                            442                           0.14238817809864915           
19215                         11                            59.54091195937609             12.490652915844892            41                            464                           0.1082826731802209            
23053                         11                            59.54091195937609             16.634319939054283            53                            500                           0.1444352773553475            
23281                         11                            59.5409119593761              13.758908604621547            46                            426                           0.12091172742422482           
24103                         11                            59.540911959376096            13.47361699752642             44                            527                           0.11734543739819218           
25692                         11                            59.540911959376096            13.274732591169276            45                            426                           0.11892336854424523           
27068                         11                            59.54091195937609             10.868507780599337            35                            463                           0.09397004690108245           
28268                         11                            98.93542794800008             20.218384245326494            67                            792                           0.1755394964876426            
30980                         11                            59.5409119593761              14.826720771616088            50                            437                           0.13064704664785887           
31745                         11                            59.32648213457794             14.723257771374511            46                            444                           0.1249872742730474            
33664                         11                            59.5409119593761              15.982380742089793            56                            446                           0.14348790697799402           
34957                         11                            59.540911959376096            16.88239671083449             55                            454                           0.14510200113376223           
36220                         11                            59.54091195937608             10.47264205594998             36                            436                           0.09301989775304123           
38200                         11                            59.5409119593761              12.178336501823082            40                            478                           0.10601089334419059           
38984                         11                            59.54091195937611             13.022091269685381            43                            426                           0.11243988995527501           
39089                         11                            59.54091195937611             14.020690425065641            46                            473                           0.1237816936086139            
39279                         11                            59.5409119593761              16.51638453892977             55                            450                           0.14357553266117518           
39481                         11                            59.54091195937609             11.586210194809329            38                            427                           0.10290996815325879           
41444                         11                            59.5409119593761              11.26205161201571             37                            448                           0.09777494293902146           
42665                         11                            59.540911959376096            7.675465892532634             25                            433                           0.06709893919662224           
44114                         11                            59.54091195937609             12.743178348984825            42                            432                           0.11146521115869323           
48805                         11                            59.5409119593761              9.999159035348947             33                            433                           0.08749595988452896           
51280                         11                            59.54091195937611             14.817119336538344            49                            491                           0.13015919911893703           
55530                         11                            59.54091195937609             18.476070853027952            61                            477                           0.16194749394203845           
56170                         11                            59.5409119593761              15.166638806213134            49                            461                           0.1308792062061203            
58179                         11                            59.540911959376096            13.965383810193922            49                            463                           0.12726401626976783           
59930                         11                            20.880560871254936            2.5078393210901573            9                             128                           0.02321749042831824           
60604                         11                            59.540911959376075            14.866782234522436            48                            473                           0.12767021587001695           
60642                         11                            59.5409119593761              9.687827251956518             33                            412                           0.08595353571980721           
62409                         11                            59.540911959376075            12.162818311043583            39                            446                           0.10418746787000417           
63989                         11                            59.54091195937608             9.363644581016413             30                            450                           0.07969536926259727           
64057                         11                            59.5409119593761              14.657425366351696            51                            427                           0.13263125279936896           
64127                         11                            59.5409119593761              13.38079491176041             47                            485                           0.12108503189463532           
66342                         11                            47.41858880803387             11.237746298009931            38                            360                           0.0999517625726676            
66937                         11                            59.54091195937609             15.39287528315811             51                            453                           0.13433894966596405           
67297                         11                            59.5409119593761              11.969507700575528            39                            458                           0.10487767442911623           
67837                         11                            59.540911959376096            15.969337780375815            53                            500                           0.13908886821396838           
69990                         11                            59.540911959376096            15.010804613191274            48                            482                           0.12922937856050942           
70058                         11                            59.54091195937611             10.293336646039425            31                            409                           0.08556503170743195           
74089                         11                            59.54091195937609             12.382358113669014            44                            408                           0.11300934823815742           
74798                         11                            59.54091195937609             14.695404458574881            49                            451                           0.13018333762341047           
75520                         11                            55.847740999452               17.260780211493213            56                            421                           0.14902291412283225           
78917                         11                            59.5409119593761              10.771750751270089            35                            437                           0.09290454124255809           
79647                         11                            59.54091195937609             11.469722029624654            41                            454                           0.10728367021582351           
80632                         11                            59.540911959376096            13.888799493832781            45                            439                           0.12095124032740541           
80871                         11                            59.540911959376096            11.400170192572249            35                            443                           0.09522977923317552           
81667                         11                            59.540911959376096            16.931051273232853            56                            491                           0.14763980179349412           
82192                         11                            59.5409119593761              12.127777325881137            41                            471                           0.10702746757367056           
85351                         11                            59.5409119593761              11.069833184522762            37                            429                           0.0984509197880169            
86479                         11                            59.5409119593761              15.037632759580378            52                            461                           0.13482239130198398           
87049                         11                            58.62064577582408             15.414309454430523            50                            462                           0.13263501202693267           
87511                         11                            59.54091195937609             14.84947008487268             51                            407                           0.13242368251835532           
88605                         11                            59.540911959376096            11.739565472802939            39                            477                           0.10256779159549342           
89028                         11                            59.5409119593761              13.623968157340865            44                            488                           0.11757803058813772           
89285                         11                            59.54091195937609             12.980517549378266            44                            451                           0.11527958937044366           
89695                         11                            59.54091195937612             15.062911768154903            50                            474                           0.13159219569426875           
91479                         11                            59.5409119593761              11.3051413021755              38                            443                           0.09957169527702642           
91742                         11                            59.540911959376096            14.137350125974542            47                            435                           0.12329728264818515           
92815                         11                            20.88908554980254             4.07342900583409              14                            142                           0.037596616679688055          
93596                         11                            59.540911959376096            12.509718512125438            42                            468                           0.11022088900567636           
95726                         11                            17.842807514026166            4.80176094945798              16                            113                           0.04171858207616557           
99734                         11                            59.54091195937611             16.449219431829228            57                            495                           0.14861333143376518           
803                           12                            58.940472919504685            13.74649303106964             45                            432                           0.1192099832031589            
1174                          12                            59.540911959376096            14.130423618680714            48                            451                           0.12730342231635042           
2084                          12                            59.5409119593761              13.516016901610458            46                            443                           0.12195875118206687           
2096                          12                            59.54091195937609             14.462853426876721            50                            420                           0.1296067878061844            
8031                          12                            59.540911959376096            12.359563928665667            40                            434                           0.10717814918990473           
10713                         12                            59.54091195937611             16.809780732387047            54                            439                           0.14399983126997024           
11675                         12                            59.540911959376096            13.193620545879556            44                            370                           0.11575140898571183           
12890                         12                            59.54091195937609             14.762053324344171            49                            437                           0.12905338855508214           
13146                         12                            59.540911959376096            20.179207109087603            64                            428                           0.17248803167001847           
15386                         12                            59.54091195937612             16.205250493376923            53                            428                           0.13956853146792098           
16473                         12                            59.5409119593761              14.562943378548711            49                            435                           0.12982013957309343           
18325                         12                            59.5409119593761              15.507651330413037            50                            479                           0.1333998435830903            
24872                         12                            59.540911959376096            15.543403373699277            52                            456                           0.1366442842380623            
27033                         12                            59.5409119593761              14.729290517355297            50                            486                           0.13005037153313845           
29014                         12                            59.5409119593761              10.983005623748495            38                            420                           0.0989103339480147            
34349                         12                            59.540911959376096            11.862625847362546            42                            476                           0.10867730895577216           
37183                         12                            59.540911959376096            14.015060154319846            45                            493                           0.12105702126704358           
40802                         12                            59.5409119593761              12.832314415656207            42                            443                           0.11120542123548773           
43207                         12                            59.204754761925045            14.424843914560094            49                            425                           0.12723067220042986           
43226                         12                            59.5409119593761              13.353784386347703            44                            433                           0.11711655526988443           
45638                         12                            59.5409119593761              16.150783772331728            55                            466                           0.14369268064104762           
49767                         12                            59.540911959376096            13.64330534891577             44                            473                           0.11737340801801403           
51666                         12                            55.546375835522895            12.224709201831779            43                            425                           0.11122982203021338           
53140                         12                            59.54091195937609             15.836335078299514            50                            454                           0.1351516733688563            
54927                         12                            59.54091195937609             13.548855983389455            43                            445                           0.11618689346542256           
55690                         12                            59.54091195937609             14.713117799454565            47                            434                           0.12563062691671253           
56510                         12                            59.54091195937609             15.964176437583125            54                            439                           0.1422726867862143            
57254                         12                            59.5409119593761              15.476094401516125            50                            432                           0.13234887355532982           
59190                         12                            59.5409119593761              14.016185983753267            44                            462                           0.11851166543530703           
59205                         12                            59.54091195937609             14.168434127864359            46                            429                           0.12362965990613946           
61859                         12                            59.540911959376075            14.808124895366616            49                            437                           0.13016169365921076           
62548                         12                            59.5409119593761              16.575369692455368            56                            439                           0.1478337681149693            
62918                         12                            59.540911959376096            13.038867043583098            46                            401                           0.11800844107661257           
63305                         12                            33.1962874986377              7.890905425132355             26                            234                           0.06834002467524597           
63496                         12                            20.884032411633243            4.083298531199199             15                            158                           0.037682337535483494          
65997                         12                            59.54091195937611             14.895332300026357            51                            471                           0.13314011233797582           
70131                         12                            59.5409119593761              15.743266079996758            52                            453                           0.13747127393840833           
70428                         12                            74.27378802389615             17.965938227148044            58                            543                           0.15564080023233423           
71493                         12                            59.540911959376096            15.90439089945291             53                            458                           0.1399188009048532            
72578                         12                            59.540911959376096            13.023778353662406            47                            448                           0.12013708789206931           
74030                         12                            59.540911959376096            17.260933619738452            56                            455                           0.14862889795034978           
84641                         12                            59.540911959376096            15.389408018717186            52                            421                           0.13683214035994032           
86854                         12                            59.540911959376096            11.72966770232603             39                            375                           0.10375015512892713           
87445                         12                            59.5409119593761              14.810172852915068            48                            434                           0.1293602556356019            
87965                         12                            59.540911959376096            14.618161259480821            49                            440                           0.1285860736218148            
88523                         12                            59.54091195937609             13.173541949874979            43                            424                           0.11332600430093055           
88558                         12                            55.40611683442478             14.152318251789117            47                            429                           0.12414814320944524           
88606                         12                            59.5409119593761              17.01293331462893             55                            427                           0.14734401725753019           
89062                         12                            59.540911959376096            17.886611218141216            59                            430                           0.1553920566292793            
89792                         12                            59.54091195937609             16.24330100467934             53                            417                           0.1409319354034238            
95897                         12                            59.54091195937611             20.325683655685445            69                            468                           0.17927484322108048           
96094                         12                            59.540911959376096            15.228707344222899            48                            480                           0.13004838583679157           
97149                         12                            59.54091195937609             15.312218807895214            50                            456                           0.13302122657094584           
98503                         12                            59.540911959376096            15.017708916458522            48                            468                           0.1289834291278034            
