### BoGEMMS simulation ### 
# EventID Pos Edep_scint[keV] Nabs_SiPM_PDE Nabs_SiPM N_opt Edep_SiPM[keV]
1072                          1                             59.54091195937609             12.103107662556537            39                            433                           0.10353066417560991           
3423                          1                             59.540911959376096            16.00511024875368             52                            444                           0.14042732390830026           
3975                          1                             59.540911959376096            12.79590285194721             42                            446                           0.11155663276104513           
6084                          1                             59.540911959376096            16.3327505837043              53                            437                           0.14250487648006255           
7453                          1                             59.54091195937609             12.800752578870712            42                            421                           0.11059898365942901           
7664                          1                             59.54091195937612             14.618120755305416            51                            434                           0.1323364532747645            
9700                          1                             59.5409119593761              15.018457374720391            51                            461                           0.1330801444348549            
10683                         1                             59.54091195937609             13.918227295814775            45                            429                           0.11919596322144149           
13296                         1                             59.540911959376075            12.904934808402938            44                            458                           0.11490096381990783           
14290                         1                             59.5409119593761              11.837527420691858            39                            390                           0.10407843489998865           
14877                         1                             59.54091195937609             11.48626423739015             39                            436                           0.10157549880861078           
14906                         1                             59.5409119593761              14.298170281129918            46                            425                           0.12428502351079453           
17247                         1                             59.540911959376096            15.46929284213895             53                            477                           0.13761927077673333           
18555                         1                             59.540911959376096            18.5227742537786              63                            491                           0.16517273359897636           
23890                         1                             59.540911959376096            10.358250473027061            34                            437                           0.09029557748003468           
24736                         1                             59.54091195937611             7.600076460553402             24                            382                           0.0643973721836929            
25026                         1                             59.540911959376096            13.99928957066979             47                            406                           0.12395535704185608           
26195                         1                             26.344628422211876            5.1375235125251315            17                            170                           0.04538923761116895           
26437                         1                             59.5409119593761              12.066227385490455            40                            472                           0.10729251392505527           
27845                         1                             59.54091195937608             13.722670184384555            45                            481                           0.11912606734329567           
27919                         1                             59.5409119593761              13.29152072520945             46                            441                           0.12059916253122795           
28678                         1                             59.540911959376096            12.453469944489186            40                            460                           0.10744369969253353           
30605                         1                             59.540911959376096            17.47419904842738             58                            480                           0.15356540219326206           
30960                         1                             59.54091195937611             12.449489869173409            40                            444                           0.10659293748915327           
34522                         1                             59.540911959376096            13.254073977251082            44                            434                           0.11654196456335723           
38845                         1                             59.54091195937609             11.30330710834656             36                            454                           0.09713210428999003           
39435                         1                             59.54091195937609             14.980878937720885            49                            471                           0.1312315233784103            
42809                         1                             50.423647483515836            12.13050647607437             41                            398                           0.10800343455563165           
45095                         1                             59.5409119593761              10.51816145212712             35                            429                           0.09122782968741225           
45422                         1                             59.54091195937609             10.821646909394191            36                            417                           0.09443683668516693           
46462                         1                             59.540911959376096            14.641081837905903            48                            437                           0.1266467024022832            
47436                         1                             59.540911959376096            13.303887248324006            44                            457                           0.11597422449250322           
47631                         1                             59.54091195937612             12.6180043602458              42                            461                           0.11059007740415823           
47953                         1                             59.5409119593761              15.710460827082278            52                            469                           0.136406482481156             
48994                         1                             59.54091195937609             12.191473573027125            40                            443                           0.10638952247258437           
50724                         1                             59.5409119593761              14.643688257671785            46                            449                           0.12521526867113802           
51765                         1                             59.540911959376096            16.098110909821774            54                            457                           0.14267665816763922           
52096                         1                             59.54091195937609             11.087459882451574            38                            470                           0.09786453439368498           
52591                         1                             59.540911959376096            11.292029456478408            36                            414                           0.09659553584681656           
53742                         1                             59.54091195937609             14.846752678425771            49                            449                           0.1304469289165585            
59370                         1                             26.344628422211873            6.85791197951594              22                            182                           0.05828553912449684           
60499                         1                             59.540911959376096            13.889054786468702            46                            437                           0.12051641820821728           
60563                         1                             59.5409119593761              13.797485996948552            47                            468                           0.12388959226294569           
61818                         1                             45.21031758017945             8.797320692808539             28                            324                           0.07472115445510302           
62237                         1                             59.54091195937609             20.197255418955883            66                            455                           0.17506986450392395           
62732                         1                             59.540911959376075            11.835864106748               40                            425                           0.10463235281940701           
63563                         1                             59.54091195937609             14.74833540226153             51                            454                           0.13480525906488272           
63816                         1                             59.54091195937609             11.013460189350614            37                            465                           0.09670848678503613           
65048                         1                             59.540911959376096            11.946755771745185            41                            514                           0.10738883185103323           
65495                         1                             59.5409119593761              11.24901306001105             42                            427                           0.10644004570833471           
67394                         1                             59.540911959376096            7.4026825157874425            24                            425                           0.06405652050504701           
67857                         1                             59.5409119593761              12.87556910117152             43                            416                           0.11238687928008287           
67865                         1                             59.5409119593761              13.041054625806678            43                            450                           0.1129786865990842            
69480                         1                             59.540911959376096            10.535332702565782            34                            429                           0.09012872209348695           
73069                         1                             59.5409119593761              12.764363388919136            43                            440                           0.11208483408394558           
74367                         1                             59.5409119593761              15.732675185660622            52                            451                           0.13683763019036463           
76715                         1                             59.5409119593761              19.175967511022613            63                            468                           0.16615205420252063           
80116                         1                             59.125742334649104            10.948486555208845            37                            424                           0.09744854637684264           
81873                         1                             59.540911959376096            14.155076582714434            48                            466                           0.12499212595674732           
84775                         1                             59.5409119593761              12.690636481450706            41                            462                           0.10946698916559927           
88690                         1                             59.540911959376096            7.872040904086103             27                            336                           0.06964751596243979           
91358                         1                             59.5409119593761              12.459118890409382            42                            474                           0.11153986958177739           
91685                         1                             59.540911959376096            18.280586543107113            58                            467                           0.15530880337617373           
91720                         1                             59.540911959376096            13.507484604602768            43                            460                           0.1147488865357674            
91823                         1                             59.54091195937608             18.45147861621515             61                            468                           0.16134484829572748           
92050                         1                             59.5409119593761              12.759465279511947            41                            477                           0.10973970162279369           
92287                         1                             59.540911959376096            15.825277613983776            50                            443                           0.13439003749415493           
96488                         1                             59.54091195937609             17.643303416207317            57                            492                           0.1509854963707975            
97415                         1                             59.54091195937609             17.316104216219077            57                            464                           0.15045538052419913           
98147                         1                             56.29312319967049             15.444768272144483            49                            432                           0.13069569955680627           
98390                         1                             59.540911959376096            15.381433687744002            47                            473                           0.1284064860613787            
98439                         1                             59.54091195937608             14.771310679460955            50                            475                           0.13001345696911218           
99506                         1                             59.5409119593761              9.01821742333527              30                            449                           0.08059584822545958           
3778                          2                             59.5409119593761              15.066737654003116            47                            473                           0.1285284948382702            
6255                          2                             59.5409119593761              16.7573931085707              56                            438                           0.14794633396549647           
9294                          2                             59.5409119593761              19.79755656580024             66                            436                           0.1751711203908742            
10930                         2                             59.5409119593761              17.50045591923992             56                            444                           0.1496250772840509            
12303                         2                             59.5409119593761              13.778028079737949            46                            444                           0.12228167646137009           
19630                         2                             59.54091195937609             13.145298770915902            44                            431                           0.11690511033076541           
21950                         2                             59.540911959376096            16.254897057084687            53                            414                           0.14088917288683725           
23141                         2                             59.54091195937609             16.984169999454686            56                            418                           0.1488501800521351            
24167                         2                             53.952760546732605            14.258477118798316            47                            415                           0.1242965559955284            
26765                         2                             59.5409119593761              17.054990283797043            57                            471                           0.14984685302380785           
29208                         2                             43.38456631482554             11.823589324995758            36                            294                           0.10071757635141933           
30766                         2                             59.54091195937608             14.434076001348734            50                            446                           0.13009465691610383           
32129                         2                             59.540911959376096            14.447625065456963            48                            444                           0.12549339983658941           
32232                         2                             59.54091195937609             16.17322469824494             53                            418                           0.14047091575287127           
32684                         2                             59.540911959376096            14.296790101370059            47                            382                           0.12379863043614456           
32918                         2                             59.54091195937609             17.454911508181247            57                            430                           0.15143337446803393           
34421                         2                             59.540911959376075            20.767013241431414            68                            487                           0.182068746936019             
34638                         2                             59.54091195937609             11.645692308974455            40                            389                           0.10420684707931671           
35667                         2                             59.54091195937609             14.312831783355454            48                            402                           0.12686651369608773           
36627                         2                             59.54091195937609             10.907614784546348            37                            462                           0.09703723875852967           
37880                         2                             59.540911959376096            16.542607464381405            53                            404                           0.1429340253223077            
41373                         2                             59.540911959376096            16.932822647293627            57                            467                           0.15018707139800805           
41777                         2                             59.54091195937609             15.042651973272083            52                            457                           0.13495759073173383           
41998                         2                             59.54091195937609             11.211439745969496            38                            440                           0.09953769971664052           
43477                         2                             59.540911959376075            16.656142814106538            55                            415                           0.1453453982111067            
44010                         2                             59.54091195937611             15.470517178727759            51                            451                           0.13576227597796411           
44636                         2                             59.54091195937609             15.282389993815567            50                            476                           0.13241353560502547           
46484                         2                             59.5409119593761              15.356015790006328            53                            429                           0.1383719268232572            
52526                         2                             59.54091195937608             17.77469424950892             58                            414                           0.15414824893746015           
53587                         2                             59.5409119593761              16.991571650009774            56                            427                           0.1484070854353369            
54235                         2                             57.0519896288115              18.029849099482504            59                            440                           0.15685029876424328           
55667                         2                             59.540911959376096            16.220451505584908            54                            440                           0.14155954619507644           
55920                         2                             26.344628422211873            7.379670368997594             23                            176                           0.06204391118376451           
55985                         2                             59.5409119593761              16.73918444965855             54                            450                           0.14472743989906842           
56471                         2                             59.5409119593761              18.962089132810036            60                            447                           0.16169369994594418           
63256                         2                             59.5409119593761              19.50037931842744             66                            443                           0.17286909376220272           
64618                         2                             59.54091195937612             15.530214121374058            56                            438                           0.1445265823196084            
66046                         2                             59.5409119593761              12.420846978938766            42                            419                           0.10963102491422651           
66550                         2                             59.54091195937611             14.37322230317542             51                            452                           0.13025584402614757           
75189                         2                             57.36343212999645             15.722331627120491            54                            431                           0.14027152348509317           
75678                         2                             59.5409119593761              18.876987471564778            62                            440                           0.16433437704750842           
78422                         2                             59.5409119593761              19.657092854726685            63                            459                           0.1695200931434706            
80426                         2                             59.540911959376096            16.4140517743744              55                            439                           0.145588832065165             
84788                         2                             59.5409119593761              12.84429114555623             44                            450                           0.11445986133991312           
85517                         2                             59.54091195937609             14.24245238132808             48                            445                           0.12589990976925058           
86190                         2                             59.540911959376096            10.071236750647186            33                            422                           0.08774893801101095           
86539                         2                             59.540911959376096            16.91874206947512             58                            434                           0.15285045311270068           
87320                         2                             59.047257622068294            16.476451792962752            56                            471                           0.1466183515032768            
88693                         2                             59.54091195937608             17.09461701491968             57                            481                           0.15146946688837873           
91156                         2                             59.54091195937608             17.251585455819658            58                            512                           0.15257398024916283           
92552                         2                             59.5409119593761              14.268203514001154            47                            468                           0.12477391448962465           
96858                         2                             59.54091195937609             15.999533665961122            53                            462                           0.14030977435222827           
99218                         2                             59.540911959376096            17.96965037690948             61                            445                           0.1586466315301776            
99231                         2                             59.5409119593761              17.181088944891915            56                            458                           0.14926315549942665           
2750                          3                             59.40922349723226             11.43719176180978             39                            469                           0.10163657391283688           
4463                          3                             59.08142370635025             5.421997597321451             17                            337                           0.046738525453183605          
7451                          3                             59.540911959376096            12.536119118749486            40                            429                           0.107567645877024             
8437                          3                             59.54091195937609             11.02494907815985             39                            437                           0.10072505757283813           
8517                          3                             47.88684436941149             10.588859610609848            33                            339                           0.08933303556534983           
12537                         3                             51.04908010930107             14.709161293232476            47                            408                           0.1262012017699969            
12629                         3                             59.540911959376096            14.171974335355063            45                            425                           0.1200600392205424            
12905                         3                             59.54091195937608             15.653190562842449            52                            426                           0.13649793190684337           
13755                         3                             59.54091195937609             12.76635228313991             41                            457                           0.1093371564330845            
13770                         3                             59.54091195937609             12.626166612717098            41                            445                           0.11002439735429503           
16292                         3                             59.5409119593761              13.78522870691336             44                            450                           0.1176374944068481            
18079                         3                             59.540911959376096            11.613326383401052            38                            423                           0.1010720546757567            
18980                         3                             59.5409119593761              13.277653813094174            45                            491                           0.11685429931980934           
21141                         3                             59.5409119593761              13.467277513120216            42                            447                           0.11372380316441091           
21345                         3                             59.54091195937609             13.00972681070819             43                            424                           0.11350007488384639           
22403                         3                             59.54091195937609             14.247016485305753            46                            468                           0.12196764784633558           
22951                         3                             59.54091195937609             8.560035161809015             29                            453                           0.07640524027246495           
23272                         3                             59.54091195937609             10.890642354220942            35                            416                           0.09340044203361511           
25217                         3                             59.540911959376075            13.908069953204274            46                            489                           0.1221790044408823            
25270                         3                             57.905058818182354            12.319470045042454            37                            440                           0.10313788651656292           
26261                         3                             59.54091195937609             11.608892470862203            39                            430                           0.10207029795776681           
26432                         3                             59.54091195937609             18.522609936197174            60                            448                           0.15967299794286502           
26733                         3                             59.540911959376096            12.865708972363445            43                            436                           0.11362172155236422           
27743                         3                             59.54091195937608             11.057100202845545            37                            441                           0.09890715627707726           
28025                         3                             59.54091195937609             11.730638876754712            40                            448                           0.10438209809148308           
28409                         3                             20.223087558969453            4.054902658124727             14                            123                           0.03668790211815497           
28684                         3                             59.54091195937609             12.338072102405347            41                            467                           0.10797513939859815           
30260                         3                             59.5409119593761              15.643029028902106            53                            459                           0.13874371086565085           
30742                         3                             59.5409119593761              13.67762028869792             46                            399                           0.12136479411064918           
35804                         3                             59.54091195937609             14.174276902525351            46                            428                           0.12159814773397808           
37752                         3                             59.54091195937609             14.541928003006491            51                            466                           0.13123173809493172           
40290                         3                             59.5409119593761              14.014974926428575            46                            444                           0.12161355828107608           
42129                         3                             59.54091195937609             12.420317586935395            42                            434                           0.10942134878548752           
42717                         3                             59.54091195937609             12.33037925325362             41                            478                           0.10913678071480236           
43544                         3                             47.97515795708642             12.388320125414422            41                            385                           0.10928384588034676           
44392                         3                             26.344628422211883            5.845964576265164             19                            165                           0.05072020758482096           
47153                         3                             59.540911959376096            11.161079031625787            37                            434                           0.09661572885628973           
48646                         3                             59.5409119593761              13.71490140788535             47                            468                           0.12135585215849262           
50311                         3                             59.54091195937609             10.662274305828145            35                            378                           0.09173633629611753           
50450                         3                             59.54091195937609             17.510785030153517            55                            487                           0.14880863116482              
50719                         3                             59.54091195937609             11.122112315839221            37                            355                           0.0972973420909922            
50951                         3                             59.540911959376096            12.626342465229701            41                            453                           0.10851072252742487           
51023                         3                             59.540911959376096            11.836806771780951            40                            443                           0.10436298823985263           
51253                         3                             59.5409119593761              15.28540360691183             48                            430                           0.12967278771158414           
51596                         3                             43.40266771146243             10.062729725877992            33                            298                           0.08845237260505115           
55046                         3                             59.54091195937609             10.560473058406764            35                            404                           0.0918531743413773            
55250                         3                             59.540911959376096            9.345214024185852             35                            436                           0.08781815402569462           
55290                         3                             59.5409119593761              13.157470384996603            44                            478                           0.1155466052459476            
57779                         3                             59.54091195937609             10.392678484728975            32                            386                           0.08870120977992765           
57847                         3                             45.98946070062627             15.871392645369681            51                            344                           0.13750832734803362           
59881                         3                             59.5409119593761              14.76712063896687             47                            420                           0.1265601044839369            
60040                         3                             59.54091195937609             13.153115701461415            47                            421                           0.12059323389874638           
60806                         3                             59.540911959376096            14.922528818492246            51                            469                           0.13303816883339062           
61614                         3                             59.5409119593761              13.202159822979366            43                            415                           0.1136821957916273            
62939                         3                             26.344628422211876            4.8097808100297215            16                            176                           0.04265751832790435           
62999                         3                             59.540911959376096            11.063013818916984            35                            411                           0.09455462293397293           
64411                         3                             59.5409119593761              14.105735697934387            47                            490                           0.12296090411433912           
65315                         3                             59.54091195937609             14.357867668401036            47                            412                           0.12513313137673243           
65766                         3                             59.54091195937609             12.094650562037069            41                            442                           0.10913487934532302           
65959                         3                             59.54091195937609             16.24011213103437             53                            471                           0.1401714540679605            
66999                         3                             59.5409119593761              13.181511442848755            46                            413                           0.11744185310678576           
70301                         3                             59.540911959376096            18.425371772807264            60                            438                           0.15982948368081545           
70982                         3                             59.5409119593761              15.441620781899642            50                            451                           0.13393636505285417           
72297                         3                             21.120498538820023            5.546334344091342             19                            140                           0.048790699219026644          
78872                         3                             59.540911959376096            12.128895033299965            41                            443                           0.10827803884880224           
84729                         3                             59.5409119593761              9.400998894678283             30                            402                           0.08039984558528455           
85613                         3                             59.54091195937608             16.30227120264737             56                            516                           0.1456656000359575            
85756                         3                             59.54091195937608             18.29400037418028             58                            446                           0.15590269903395632           
87542                         3                             59.54091195937609             13.617722799599557            45                            463                           0.11825248529144747           
87763                         3                             59.5409119593761              15.710336585509893            52                            442                           0.13937977214676445           
91180                         3                             59.54091195937608             11.329793971298653            38                            450                           0.10053284251540184           
92012                         3                             59.54091195937609             17.121855839877092            54                            474                           0.1448864849243877            
92688                         3                             59.5409119593761              9.934584120101011             35                            452                           0.09043294455943365           
93357                         3                             59.5409119593761              13.053554615733859            43                            473                           0.1142645662584688            
94312                         3                             57.246114907222946            8.64002074264582              28                            383                           0.07534024972825071           
94583                         3                             59.5409119593761              13.521574597947746            46                            462                           0.12033619644153036           
94838                         3                             59.5409119593761              11.987756136033362            40                            455                           0.10565656839336746           
95048                         3                             48.87135775970823             8.493147460150954             27                            324                           0.07288334067688831           
95412                         3                             59.540911959376075            10.08874260392246             32                            451                           0.08603001682260053           
151                           4                             59.540911959376096            11.397487574537683            39                            446                           0.1021987239887496            
773                           4                             56.527613531920935            13.657258483942838            44                            402                           0.11721535534496591           
2885                          4                             59.5409119593761              14.540151730174614            47                            447                           0.12519964958307492           
4269                          4                             59.54091195937609             12.012848804524332            38                            443                           0.1016892069465754            
4775                          4                             59.540911959376075            12.962074859467942            43                            444                           0.11410028707426517           
7104                          4                             59.5409119593761              14.216937553019337            47                            438                           0.12416855714292173           
12693                         4                             59.54091195937609             16.433397022140095            55                            454                           0.1444594194145864            
12758                         4                             59.54091195937609             12.097216298939102            42                            450                           0.10964556454734523           
13583                         4                             56.10551345737099             14.986202587937584            51                            402                           0.1336701380905678            
14704                         4                             59.5409119593761              14.59935240700933             46                            447                           0.12489959775417496           
15626                         4                             57.60424466838337             13.071269498815832            43                            462                           0.11417677448017602           
16339                         4                             55.11155465916039             12.45708658768936             40                            421                           0.10783960375468926           
17993                         4                             59.54091195937609             16.594494496702353            54                            464                           0.14316707424588804           
21468                         4                             59.54091195937609             9.468653151500002             34                            405                           0.08779592447038469           
21903                         4                             59.54091195937609             14.72792449999355             50                            438                           0.13091352315339275           
22867                         4                             59.540911959376096            15.97482131874493             53                            439                           0.1405104171405553            
23170                         4                             51.69136672829656             12.117447320257073            41                            415                           0.10688068844211321           
23468                         4                             59.540911959376096            14.255118105447858            51                            436                           0.12984871867940828           
24456                         4                             56.03527037252166             12.863336708579972            42                            391                           0.11099264116714283           
26413                         4                             59.5409119593761              14.832113458374087            48                            446                           0.12775483183018266           
26449                         4                             59.5409119593761              15.313295899836236            48                            448                           0.1293040992190611            
26534                         4                             59.54091195937609             14.483526910439886            45                            467                           0.12171572965559752           
26888                         4                             59.54091195937609             11.689356208346142            39                            469                           0.10217681233949023           
29553                         4                             59.54091195937609             12.859986355966962            42                            433                           0.1119683530639207            
31260                         4                             59.540911959376096            13.243369709635177            46                            468                           0.1193534254203957            
31587                         4                             59.5409119593761              11.756741851455617            39                            412                           0.10351103839609              
33207                         4                             59.54091195937609             13.385439565938436            45                            428                           0.11697164454568108           
33508                         4                             59.54091195937609             15.557250510506334            49                            446                           0.13166196849742406           
34110                         4                             59.54091195937611             11.724377601280086            40                            411                           0.10499825352494851           
37502                         4                             59.5409119593761              11.76809811341846             40                            435                           0.10418340117291763           
37553                         4                             59.5409119593761              16.505296518484503            54                            481                           0.14323908127575888           
42826                         4                             59.54091195937609             15.538744922850851            52                            474                           0.13767020940096825           
43142                         4                             59.54091195937609             9.880884489743462             32                            442                           0.08533466428235847           
45385                         4                             59.54091195937611             14.415259773015588            48                            447                           0.12735490273052436           
45840                         4                             59.540911959376096            15.526070318221976            51                            484                           0.1356201098235703            
46892                         4                             59.54091195937608             16.14495292449131             54                            470                           0.14120376746180968           
47582                         4                             55.67149983976095             12.7411322294067              42                            400                           0.11145630122577099           
48760                         4                             59.54091195937611             16.238484411251843            54                            477                           0.1423882385484168            
49625                         4                             59.54091195937609             11.480339485231616            38                            445                           0.09959750662999185           
50302                         4                             59.540911959376096            14.738201758392815            49                            439                           0.1293945381370767            
50834                         4                             59.54091195937609             13.661400342920922            46                            451                           0.12093938648838602           
53496                         4                             59.54091195937609             11.1941087771824              37                            363                           0.0990421033900598            
54703                         4                             21.369210578217007            4.751700386116596             18                            176                           0.04498222239238587           
58619                         4                             58.04996725423179             11.943320087157812            42                            457                           0.1078097148103772            
60265                         4                             59.5409119593761              15.32780324862967             50                            480                           0.13492862940733005           
62548                         4                             49.72931195937609             14.88613826174775             49                            412                           0.12935846816793312           
64367                         4                             59.5409119593761              13.754816851370444            45                            417                           0.12067411476802294           
67029                         4                             59.5409119593761              13.48974476865679             44                            416                           0.11632982479759624           
68849                         4                             58.374350759343294            12.00716056532103             38                            471                           0.10185982777703974           
68850                         4                             57.34841637367494             9.715999757752959             33                            447                           0.0867928835676907            
69990                         4                             21.369189360159538            6.614902655064508             22                            151                           0.05765216797106611           
70570                         4                             59.54091195937609             8.747966262322615             28                            449                           0.07516734701191885           
70657                         4                             59.5409119593761              14.140805834100437            48                            471                           0.12477847639070591           
71863                         4                             59.54091195937609             10.350792179461301            35                            413                           0.09223058186660575           
71905                         4                             59.5409119593761              12.860511362295174            43                            430                           0.11219777373250689           
71982                         4                             59.5409119593761              12.185899651994173            41                            394                           0.10882330435180804           
75389                         4                             59.540911959376096            13.913099120031442            45                            425                           0.12030272300244957           
75629                         4                             57.8063962492333              12.513203745432158            43                            430                           0.11158056925170153           
77525                         4                             59.54091195937609             14.497709976488599            46                            469                           0.1249682562369522            
82425                         4                             59.5409119593761              11.096211830171507            37                            368                           0.09853787553830791           
82432                         4                             59.540911959376096            14.041221989243564            46                            430                           0.12186890534315149           
83375                         4                             59.5409119593761              15.241368496083842            50                            440                           0.13207234321593342           
83392                         4                             59.540911959376096            12.78881122346062             41                            457                           0.11052377697086598           
87298                         4                             26.344628422211876            6.577556430109356             22                            192                           0.05768290681274724           
92477                         4                             59.540911959376075            17.824444805028044            56                            446                           0.15165640534694985           
96329                         4                             59.540911959376096            10.566520948360232            38                            415                           0.0976345347200041            
9                             5                             59.5409119593761              12.461605122635914            44                            414                           0.1134548633035247            
187                           5                             59.54091195937609             12.444925013293961            41                            399                           0.10836006413386823           
6754                          5                             59.54091195937608             17.29850971522544             56                            448                           0.1495331318114029            
6914                          5                             59.5409119593761              13.667693093490218            44                            434                           0.11671653703028098           
7588                          5                             59.54091195937609             11.956349063882913            40                            426                           0.10475208815754496           
9874                          5                             59.540911959376096            15.175714839652032            50                            483                           0.1323291161771555            
11265                         5                             59.5409119593761              14.540960093576565            50                            455                           0.12970857898567942           
12988                         5                             59.540911959376075            14.540873379612417            46                            475                           0.12357612547018113           
14795                         5                             59.5409119593761              18.392576678011885            59                            459                           0.15784221461287531           
19363                         5                             34.1942242259521              7.94302192343092              26                            252                           0.06918067368427104           
20354                         5                             59.5409119593761              9.499231203783742             30                            358                           0.0806222833907632            
20593                         5                             59.54091195937609             15.329255443771034            50                            479                           0.13329636825734198           
23165                         5                             59.540911959376096            14.975722772786531            48                            468                           0.1285880768332201            
24149                         5                             59.54091195937609             9.03708832171526              31                            424                           0.08049131420557637           
24365                         5                             59.54091195937609             14.541617229702               49                            451                           0.1296883633781952            
28291                         5                             59.54091195937609             14.793361869288313            49                            449                           0.12898701584472538           
28342                         5                             59.540911959376096            16.42258639802316             55                            469                           0.14490444789936152           
29589                         5                             59.54091195937609             11.705872035049692            40                            463                           0.1046377754336498            
29855                         5                             26.344628422211873            4.688102577648042             17                            213                           0.043287531547942994          
31252                         5                             55.38932103241865             13.242698505734484            45                            391                           0.11831367608569099           
35973                         5                             59.54091195937611             11.880906131463103            38                            443                           0.10170119862917437           
36825                         5                             59.5409119593761              14.059831467341779            46                            420                           0.12257029119510734           
37011                         5                             49.396490604697874            12.186438179494045            42                            391                           0.10888178940871493           
37084                         5                             59.54091195937608             10.67418922595824             37                            393                           0.09656150260301972           
37773                         5                             59.540911959376096            14.007736275208044            46                            424                           0.12460039138477215           
48312                         5                             59.540911959376096            9.657479961505771             33                            451                           0.08610713322196824           
49976                         5                             59.54091195937609             14.634297699875916            48                            446                           0.12681110761801417           
52272                         5                             59.5409119593761              13.582189632751156            48                            458                           0.1257022977666649            
54875                         5                             59.54091195937609             12.187604756206897            42                            430                           0.10971316427980406           
55937                         5                             59.54091195937609             14.299241761945385            47                            432                           0.12556973470547253           
58091                         5                             59.5409119593761              14.79357179449258             48                            417                           0.1295055460829249            
61708                         5                             59.540911959376096            11.509813346319408            38                            442                           0.09966451567114538           
65415                         5                             59.540911959376096            12.082144911479544            41                            449                           0.1075841000253821            
66132                         5                             58.03474162788231             14.022052627004028            45                            450                           0.12138114934400443           
68753                         5                             59.5409119593761              9.789412737513109             33                            411                           0.08596404715095701           
69280                         5                             59.540911959376096            12.82682574620926             46                            476                           0.11931854764310032           
69298                         5                             59.308534870581795            12.61558624237478             41                            432                           0.11043411217577521           
69921                         5                             59.540911959376096            23.238411823141686            76                            447                           0.20156155189708813           
70128                         5                             46.0552486022905              10.823095711130271            34                            354                           0.09113072766378386           
70465                         5                             59.540911959376075            15.524967572817365            50                            462                           0.13377402874602606           
73040                         5                             59.54091195937609             15.041708825943546            51                            422                           0.13297406387465127           
73801                         5                             59.54091195937609             16.123792295708384            55                            462                           0.14479318796075605           
74083                         5                             59.54091195937611             18.399016613260173            63                            481                           0.1657368667314934            
74297                         5                             59.540911959376096            12.518667454929213            42                            434                           0.11063094519357308           
75539                         5                             59.5409119593761              13.454937444504113            44                            447                           0.1180839237287218            
75685                         5                             59.54091195937609             12.936595945173814            41                            440                           0.11043457371055627           
77652                         5                             59.54091195937609             11.16027549809268             38                            426                           0.09917146948377675           
79659                         5                             58.7482391497997              16.099840745995046            53                            474                           0.14064347160211357           
80505                         5                             59.54091195937612             13.922193957164843            47                            484                           0.12359977759760911           
80528                         5                             59.54091195937609             12.481226315463378            43                            408                           0.11202414581570291           
81781                         5                             59.540911959376096            15.042655794795158            48                            437                           0.12979497001244464           
82071                         5                             59.5409119593761              11.57125535981245             40                            437                           0.10431490720259899           
84765                         5                             59.5409119593761              12.859472296187642            43                            422                           0.11343853218508192           
85735                         5                             59.5409119593761              14.16645451995338             47                            451                           0.1246020259491856            
87316                         5                             59.540911959376096            16.87313120236998             54                            463                           0.14621733752289803           
90670                         5                             59.5409119593761              16.607418810990005            56                            463                           0.14682525432692486           
94071                         5                             59.5409119593761              11.940872828975328            38                            393                           0.10281625467521512           
94842                         5                             59.54091195937609             16.37466514136681             55                            428                           0.14629763646038252           
97030                         5                             59.540911959376096            16.394107247927263            57                            445                           0.14769558033139898           
97588                         5                             59.540911959376096            14.311162601982259            48                            426                           0.1267794929778906            
97945                         5                             59.54091195937609             13.174538531524819            43                            438                           0.11426325334580695           
98230                         5                             59.540911959376096            14.311050512231976            46                            448                           0.12310801268037215           
98379                         5                             59.54091195937609             11.401294368710458            40                            407                           0.10294747503892931           
98824                         5                             59.540911959376096            18.528154788854966            62                            452                           0.16407939450317352           
99970                         5                             53.95474199139536             9.950719226331534             36                            434                           0.09152756696814104           
163                           6                             59.540911959376096            19.08595538725822             64                            463                           0.17037174002000433           
314                           6                             59.540911959376096            11.081840818348867            37                            433                           0.09810908373818576           
1544                          6                             59.54091195937611             13.684929645979693            45                            431                           0.11867721086008923           
1682                          6                             59.5409119593761              13.722166473002915            44                            426                           0.11838240041940638           
1696                          6                             33.1962874986377              6.243624335722027             23                            227                           0.058301334112151236          
2034                          6                             58.50478759115888             14.113096309726053            45                            447                           0.12074405956709547           
2960                          6                             59.54091195937609             15.271284883731425            50                            453                           0.13294492175112205           
5058                          6                             59.540911959376096            14.38855715574647             50                            441                           0.1299166310943636            
6004                          6                             59.540911959376096            12.747951935644569            39                            424                           0.10682364789406923           
7634                          6                             59.540911959376096            9.839820494047915             34                            442                           0.08819375324356056           
9398                          6                             59.5409119593761              16.19918708188739             51                            486                           0.13880792172501344           
10590                         6                             59.54091195937611             11.558058417979085            36                            430                           0.09731617716869592           
10857                         6                             59.540911959376096            10.142977526433222            35                            393                           0.09080458970246093           
11673                         6                             59.5409119593761              13.874727751432399            46                            451                           0.12184089124876395           
13030                         6                             59.5409119593761              14.391787066949192            47                            468                           0.12419095145124298           
13282                         6                             59.540911959376096            12.154957253442596            39                            443                           0.10479088993683727           
14001                         6                             59.540911959376096            13.449023626184609            44                            415                           0.11663765018239167           
16264                         6                             59.54091195937609             17.34816452074561             54                            460                           0.14876158121915897           
18661                         6                             59.54091195937609             12.099323658845048            40                            426                           0.10595350187810643           
19489                         6                             59.540911959376075            14.163085391083106            46                            455                           0.12192022744376006           
19578                         6                             59.540911959376096            9.332218002443916             32                            397                           0.08490480814097855           
19945                         6                             59.5409119593761              11.145880729809488            37                            445                           0.09715111359138837           
21210                         6                             59.5409119593761              19.10337830112382             61                            471                           0.1632841349762299            
22969                         6                             59.540911959376096            11.338837293446606            38                            396                           0.10017266608334761           
23538                         6                             59.5409119593761              12.964200115844244            43                            447                           0.11204216862148288           
24897                         6                             59.54091195937609             13.963628409755035            47                            446                           0.12324862421208158           
26075                         6                             59.5409119593761              11.199782925360335            39                            438                           0.10117763888945563           
27677                         6                             59.5409119593761              14.653771405357615            49                            467                           0.12816595806729858           
32313                         6                             59.5409119593761              11.620149593983555            37                            440                           0.09976890623362926           
32489                         6                             59.540911959376096            12.077165853756824            40                            410                           0.1065251971702268            
32829                         6                             59.5409119593761              13.105546156384154            44                            421                           0.1150319049373975            
34620                         6                             59.5409119593761              15.880203985791658            49                            465                           0.1341583352299693            
34729                         6                             59.54091195937609             11.569923290039842            39                            416                           0.10142979402017274           
35928                         6                             59.54091195937609             12.1190435341308              40                            445                           0.10523184013223716           
39419                         6                             26.34462842221187             3.8591669448799175            13                            193                           0.0338966230777829            
41011                         6                             26.34462842221187             5.712058464207828             20                            193                           0.051335543971584977          
41867                         6                             59.5409119593761              15.827493891902211            51                            477                           0.13617795495354523           
45955                         6                             57.669608502314304            10.145742977205327            32                            394                           0.08607916980470033           
46953                         6                             59.54091195937608             19.18341361933435             65                            477                           0.16940512387693907           
47590                         6                             59.5409119593761              12.155337025896417            39                            420                           0.10413647726492516           
50598                         6                             43.85813139068164             7.91090506188572              25                            288                           0.06799970936560475           
51094                         6                             59.540911959376096            13.491391139216745            46                            416                           0.11959189070528484           
53251                         6                             57.304348295807145            11.33748947200538             39                            425                           0.10128703107048186           
53427                         6                             54.38547298741258             12.473161186952868            39                            369                           0.10527780155647978           
56757                         6                             59.5409119593761              15.177876414591628            48                            463                           0.12937847547913878           
58516                         6                             59.5409119593761              14.55664856487454             48                            457                           0.12684283405901167           
61490                         6                             59.54091195937609             13.42646838252298             46                            476                           0.1191704131284874            
62130                         6                             59.54091195937609             14.090474399076404            48                            422                           0.125695878201031             
62225                         6                             59.540911959376096            14.569564932481962            49                            445                           0.12859978934090238           
62617                         6                             59.54091195937609             10.688754655258451            35                            391                           0.09250383230720587           
63490                         6                             59.54091195937608             17.65624642917123             59                            434                           0.15532048360209935           
63587                         6                             44.23791195937609             11.034583027010692            36                            387                           0.09588835731497708           
64787                         6                             59.54091195937608             16.974287052050396            56                            448                           0.14936129404090182           
65586                         6                             20.889108294189935            2.696173515664301             9                             130                           0.023417102591294394          
66555                         6                             59.540911959376096            15.887468005544353            52                            451                           0.13710258355032445           
67766                         6                             59.5409119593761              13.534358548477254            44                            449                           0.11624323563659869           
68246                         6                             49.69671195937609             12.875914008455021            43                            373                           0.11566928500032898           
69534                         6                             59.54091195937608             11.340561114953521            37                            423                           0.10007111873382045           
70885                         6                             59.54091195937608             11.858220848657286            39                            418                           0.10303581146935632           
73693                         6                             59.5409119593761              11.643342076373816            39                            439                           0.10187344186285366           
75889                         6                             59.54091195937609             10.927512149163508            38                            419                           0.09799774991181182           
76030                         6                             59.54091195937609             12.580323295365417            39                            398                           0.10627853305170791           
76819                         6                             54.64116064320967             13.548591781651817            44                            427                           0.11773065350329051           
78107                         6                             59.5409119593761              13.45588675494402             45                            464                           0.11850182467677686           
81203                         6                             59.54091195937609             13.947274872068984            46                            439                           0.12227613362845752           
81506                         6                             59.54091195937609             16.392922718295306            51                            481                           0.1379211766614751            
83077                         6                             59.540911959376096            15.730386878641516            51                            420                           0.13498244679619845           
83150                         6                             59.540911959376096            13.235966025802407            45                            479                           0.1172735360834319            
84423                         6                             59.54091195937609             10.620028622647668            36                            429                           0.0934886964788925            
85959                         6                             59.540911959376096            16.838024580129776            56                            401                           0.14807101131663158           
86245                         6                             59.54091195937608             16.19151734887186             53                            475                           0.14029864206826995           
87045                         6                             59.54091195937609             15.372561157004778            49                            458                           0.13161527819200639           
88448                         6                             59.540911959376096            13.844700779094756            46                            448                           0.12018970441761759           
92149                         6                             59.54091195937609             10.616396194554266            36                            364                           0.09407265920603103           
92698                         6                             59.540911959376096            13.675478024554902            42                            515                           0.11459762872927472           
94346                         6                             59.540911959376096            11.659839008959747            37                            422                           0.10084456160175573           
98247                         6                             59.54091195937608             9.6916839812083               35                            363                           0.08983116646037687           
98558                         6                             59.54091195937609             14.662098057292924            47                            442                           0.12576838392618878           
99336                         6                             59.54091195937609             14.426124156188987            49                            459                           0.12681176371239666           
1451                          7                             59.540911959376075            13.548900840147429            42                            487                           0.11444789940351881           
2508                          7                             59.5409119593761              13.591567551223058            47                            467                           0.12139749630411387           
6520                          7                             88.13605850953718             19.977195730967125            65                            666                           0.17355163952602584           
10310                         7                             59.54091195937607             14.171982395516455            48                            454                           0.1261596503273349            
11780                         7                             59.54091195937611             13.05210625029778             43                            422                           0.1139978600811885            
12246                         7                             59.54091195937609             11.188248596905185            36                            352                           0.09686329608248938           
12310                         7                             59.05084974856482             14.93023651006124             50                            408                           0.13104657322220806           
13283                         7                             59.5409119593761              8.702068641718194             26                            345                           0.07297174999127803           
16165                         7                             59.54091195937609             13.296874335080686            45                            440                           0.11889736978821228           
16546                         7                             59.54091195937609             14.92643748675511             49                            423                           0.13107215662226304           
17018                         7                             59.540911959376096            9.677546212468352             34                            453                           0.08692601747363611           
19292                         7                             59.540911959376096            14.834921718940251            51                            449                           0.1331572920615647            
23838                         7                             59.54091195937608             11.51039159503969             36                            427                           0.0990245576779466            
25869                         7                             29.588502092562933            8.198232605643941             26                            225                           0.07013656833951454           
26428                         7                             59.54091195937609             16.596516880949135            55                            433                           0.1448562814331924            
27112                         7                             59.54091195937609             14.515267127543563            50                            437                           0.13084315252587778           
29681                         7                             59.5409119593761              16.888572721091595            56                            461                           0.14867479152153132           
30350                         7                             59.54091195937609             14.396181803619267            48                            443                           0.1264257293727487            
30696                         7                             59.540911959376096            12.407630016571483            41                            487                           0.10737430874045413           
31831                         7                             59.540911959376096            17.235533240182185            55                            464                           0.1477907022154913            
33160                         7                             59.540911959376096            10.154827166867742            36                            408                           0.09240658321521225           
34350                         7                             59.5409119593761              12.44207892627105             45                            468                           0.1141667471272589            
34966                         7                             59.540911959376096            14.117231365987726            46                            477                           0.12166012883711717           
35094                         7                             59.540911959376096            13.987274795686579            47                            463                           0.12300615558949113           
36695                         7                             59.5409119593761              13.945016299886166            46                            431                           0.12129727573655673           
38367                         7                             59.54091195937611             15.93657933326019             51                            458                           0.1367125780977581            
38461                         7                             59.540911959376096            12.730996892967237            41                            403                           0.10949988357962621           
38494                         7                             21.583497130594488            4.268782527073647             14                            133                           0.037024740051013395          
38670                         7                             59.5409119593761              16.866213194623732            55                            483                           0.14583763340171577           
38795                         7                             59.5409119593761              12.2910938675541              41                            387                           0.10713272408311024           
42136                         7                             59.540911959376096            11.724885377719687            37                            438                           0.09985074945875073           
44429                         7                             59.54091195937609             15.22458687742471             49                            449                           0.13118816685692827           
46397                         7                             59.540911959376096            16.563878396013788            54                            432                           0.14336453997804874           
47342                         7                             59.5409119593761              13.96059485004677             47                            428                           0.12268936436755677           
47506                         7                             59.5409119593761              12.402070209971663            42                            484                           0.10986116974622796           
48668                         7                             59.54091195937609             14.995904279835829            49                            470                           0.13178275104463213           
49023                         7                             59.540911959376096            11.516756660274202            40                            482                           0.1043391467658424            
49590                         7                             59.5409119593761              9.99166794024421              34                            428                           0.08824771753384582           
50022                         7                             59.54091195937611             13.421535801847698            44                            434                           0.11664531916896902           
51922                         7                             59.54091195937609             15.669163070485887            52                            522                           0.13743469760805543           
52965                         7                             59.54091195937608             13.823807606454507            46                            481                           0.12105677341801857           
56475                         7                             58.1819318686922              15.362658454053644            50                            436                           0.13335942409758303           
61363                         7                             59.540911959376096            15.290511047161257            51                            412                           0.13346945290664064           
62136                         7                             59.54091195937609             16.60323883655476             54                            469                           0.14381970622842222           
63961                         7                             59.54091195937609             12.554712735665914            43                            437                           0.11273415382045027           
64373                         7                             59.540911959376096            12.668370521364102            42                            462                           0.11147317842157825           
64639                         7                             13.661328422211868            3.001658073923478             9                             109                           0.02486327690570103           
65595                         7                             59.54091195937609             10.873848576751753            36                            361                           0.096126281127272             
65894                         7                             59.5409119593761              10.860111034215118            36                            408                           0.09604230299387619           
66155                         7                             59.540911959376096            11.037873598197958            39                            438                           0.10158318982899173           
68564                         7                             59.54091195937609             15.723122641617842            51                            471                           0.13521995330057668           
68748                         7                             59.5409119593761              16.207557432994232            53                            468                           0.1422004975356846            
69320                         7                             59.54091195937608             15.536954397275059            50                            462                           0.13447444110483425           
69969                         7                             59.540911959376096            14.157108249610177            45                            451                           0.11990481888290615           
70212                         7                             59.5409119593761              14.230429093150494            47                            486                           0.124917998983686             
70611                         7                             59.540911959376096            12.275668212975981            41                            441                           0.10696366681527518           
72070                         7                             59.54091195937609             15.27304291629975             49                            382                           0.13104915785347881           
72872                         7                             59.54091195937608             15.605615857994076            53                            509                           0.13916152134785753           
75239                         7                             52.273303700439186            12.262201002458886            40                            383                           0.10695616541877961           
76189                         7                             59.5409119593761              12.027600574469043            41                            461                           0.10758041032125941           
76802                         7                             59.5409119593761              12.93882532848633             43                            441                           0.11280771935514713           
76812                         7                             59.54091195937609             15.952698993558426            53                            458                           0.13881209718387486           
82315                         7                             59.54091195937609             14.94020530185017             49                            474                           0.13055380583340218           
82691                         7                             59.5409119593761              13.531497472085226            45                            392                           0.1190133841887236            
83354                         7                             59.54091195937612             11.771685771338767            40                            441                           0.10448261913743685           
85290                         7                             59.540911959376096            13.41585794268472             46                            437                           0.12046114995531447           
85518                         7                             59.540911959376096            17.21183816831478             58                            461                           0.1526727352584978            
86674                         7                             59.540911959376096            13.366499762372767            43                            408                           0.11433561540453084           
89391                         7                             59.540911959376096            10.295238957448094            33                            433                           0.08813904636946053           
91715                         7                             59.54091195937609             15.777773829223499            52                            431                           0.13774235841690924           
94395                         7                             59.540911959376096            10.992913980175855            37                            450                           0.09699247765066979           
95893                         7                             59.540911959376075            12.512825216015264            40                            405                           0.10982306494054185           
96501                         7                             59.540911959376096            14.862087679274515            50                            450                           0.131063670736259             
96578                         7                             59.54091195937609             13.854404859319558            44                            455                           0.11884501981614078           
97300                         7                             20.889086634523036            5.061972190701327             16                            148                           0.0435635785060795            
99188                         7                             59.540911959376096            7.839858506906188             26                            421                           0.06854763614566631           
491                           8                             59.5409119593761              13.29962973525998             45                            449                           0.11812490565517314           
1713                          8                             17.842804552452563            4.963667867473825             17                            127                           0.04539856666694807           
1751                          8                             59.54091195937609             16.38637833770294             51                            408                           0.13933626000085333           
2212                          8                             59.5409119593761              13.812891370584959            45                            466                           0.12139348201707986           
2280                          8                             59.540911959376096            15.831251097201335            52                            468                           0.1389457098867272            
5015                          8                             59.54091195937609             17.652889483274716            57                            474                           0.15124212094275324           
5257                          8                             59.54091195937611             13.100093164872892            43                            423                           0.11665567407288459           
9954                          8                             20.88911277336959             7.541685999845822             25                            150                           0.06557076915313907           
10694                         8                             59.5409119593761              14.367352504216766            46                            464                           0.12296476178385449           
11066                         8                             48.76252538529663             12.72710938617613             41                            361                           0.10925313162999739           
12778                         8                             59.5409119593761              11.698691141726833            41                            460                           0.10774989031248852           
14404                         8                             59.5409119593761              10.697506948588462            35                            460                           0.09327816817139482           
16635                         8                             59.54091195937611             11.90437959995398             38                            444                           0.10166527183458238           
17226                         8                             59.54091195937609             10.054565695048606            33                            465                           0.08732040708153822           
22037                         8                             59.54091195937609             13.2348810890231              44                            458                           0.11551271626578753           
22679                         8                             59.540911959376125            11.40918339617795             39                            460                           0.10063541421625123           
22910                         8                             22.166995757580573            4.669755410927205             15                            173                           0.03995975891724486           
25256                         8                             26.34462842221188             6.0027319772786125            21                            184                           0.05450629606386726           
25759                         8                             59.5409119593761              15.330029132462839            50                            450                           0.13410454526271912           
25886                         8                             58.764273048449546            15.265694362722167            48                            412                           0.12925414745826552           
26997                         8                             59.54091195937609             9.342320350094603             32                            424                           0.08304316741733975           
27354                         8                             59.54091195937609             10.724427686795753            34                            432                           0.09221624561043462           
28857                         8                             59.54091195937609             17.631796533466673            55                            419                           0.1501217501133935            
29171                         8                             59.5409119593761              11.27329590635283             36                            409                           0.0966665645307689            
29549                         8                             59.540911959376075            16.23405763443584             53                            501                           0.14148563357837635           
34571                         8                             59.54091195937608             13.58225989695283             46                            485                           0.1219546387011156            
34956                         8                             59.54091195937609             16.264620206701345            52                            472                           0.14005508071677267           
35801                         8                             46.4709119593761              10.40135780352822             36                            360                           0.09358678027966691           
36671                         8                             59.540911959376096            15.698012410619933            51                            458                           0.13649916364778597           
38426                         8                             59.540911959376096            13.659923323751489            44                            447                           0.11770385436731196           
42744                         8                             59.540911959376096            16.150502581379456            52                            510                           0.1384913687548645            
43493                         8                             59.540911959376096            15.516199323613172            52                            444                           0.13586339751592555           
43544                         8                             59.540911959376096            13.333342753744063            46                            403                           0.11989850945075683           
44535                         8                             59.54091195937608             17.54753006774197             59                            481                           0.15480535729342204           
44582                         8                             59.540911959376096            7.845149010074201             28                            416                           0.07146006851762599           
49482                         8                             59.540911959376096            15.083900450788994            48                            455                           0.12837038334864154           
50580                         8                             26.34462842221187             6.423958815957087             21                            178                           0.05582959952792491           
51324                         8                             59.540911959376096            10.22890574454952             34                            392                           0.08933433185269918           
51359                         8                             59.540911959376096            12.721250603576825            43                            422                           0.11317524236049761           
52241                         8                             52.26791673551396             12.881144053897705            45                            435                           0.11651661091928059           
55590                         8                             59.54091195937609             15.727940145087944            57                            456                           0.14602292994278845           
57530                         8                             59.54091195937609             12.434346114586893            43                            434                           0.11132190646692378           
58068                         8                             59.5409119593761              15.84314232279808             53                            495                           0.13969361327229804           
58511                         8                             59.54091195937609             12.5857058659016              41                            442                           0.10904792754441842           
61735                         8                             59.54091195937609             11.500440319359567            38                            448                           0.10074123942105567           
62094                         8                             59.5409119593761              13.514467987351               43                            418                           0.1147426777085087            
62983                         8                             57.29514816389008             11.064181828536404            36                            440                           0.0963725070003682            
66314                         8                             59.540911959376075            12.758508365193117            44                            446                           0.11428303520025059           
68334                         8                             59.54091195937609             15.67204523148907             52                            508                           0.1368849761433634            
70126                         8                             59.540911959376096            14.595097351116205            47                            481                           0.12550688691068415           
70189                         8                             59.54091195937611             14.044303327267945            44                            445                           0.1190562442688588            
70301                         8                             43.53926932397387             11.714749078941193            38                            319                           0.10039042297537354           
70487                         8                             59.540911959376096            14.79603772310143             49                            425                           0.1296632598052514            
72936                         8                             59.54091195937609             14.653504732069292            47                            425                           0.12600999547635786           
74101                         8                             59.54091195937609             12.73029035668744             43                            408                           0.11166252187451517           
75153                         8                             59.5409119593761              17.747392434254266            57                            421                           0.15212345664385682           
77070                         8                             59.54091195937612             14.41876826586748             49                            461                           0.12759325343758404           
81596                         8                             59.54091195937609             14.86071402484045             49                            436                           0.13027191702009894           
81609                         8                             44.111114009454354            12.501398883349246            42                            340                           0.11016116246846643           
82049                         8                             59.54091195937609             12.986052971057559            44                            448                           0.11624475873866243           
82235                         8                             59.54091195937609             14.891439254659922            51                            479                           0.1322235137501232            
83069                         8                             59.5409119593761              14.933103823703112            51                            465                           0.1325346164260382            
83638                         8                             59.540911959376096            15.03427081359901             49                            478                           0.12947715206611488           
83722                         8                             59.5409119593761              11.370188291001499            37                            401                           0.09882602573154593           
84446                         8                             59.54091195937611             14.14596306766203             48                            476                           0.12582465753261862           
85858                         8                             59.54091195937609             16.181648176651173            52                            437                           0.13906539369090815           
86226                         8                             59.540911959376096            17.585330656830976            56                            442                           0.1506471257514303            
86371                         8                             48.701911959376105            12.529856794121345            44                            383                           0.11373566499867947           
87580                         8                             59.540911959376096            13.65289426546088             45                            463                           0.11991995463024728           
90559                         8                             59.540911959376096            10.35570583137014             35                            432                           0.0911710127509562            
90666                         8                             26.34462842221187             5.504746944126194             19                            195                           0.04915102666086783           
93859                         8                             59.540911959376096            18.558947596433242            60                            457                           0.16198770488349828           
97627                         8                             20.8890942592654              4.416982211854931             15                            147                           0.03981979446312406           
2502                          9                             59.540911959376096            15.860948048618464            53                            464                           0.1395552228414285            
3483                          9                             59.5409119593761              15.398589915944724            49                            432                           0.1322716167177436            
6388                          9                             59.54091195937608             16.373075473911154            51                            442                           0.13968020485319313           
7727                          9                             59.54091195937609             14.148138713738094            48                            457                           0.12505384398514816           
9887                          9                             59.540911959376096            17.04397693384821             56                            503                           0.14858293091701785           
14208                         9                             59.5409119593761              14.180094089257928            48                            410                           0.12545459873249803           
15587                         9                             59.540911959376096            13.1240053493003              42                            418                           0.11224573568145338           
17568                         9                             59.5409119593761              12.323907006552478            43                            434                           0.11346444288355623           
18372                         9                             59.54091195937609             15.428674481897135            51                            432                           0.13584192403540613           
20726                         9                             59.54091195937609             12.47313311078785             39                            476                           0.1047530168402721            
21648                         9                             59.54091195937608             11.628997367933914            39                            405                           0.1017112373881997            
23699                         9                             59.54091195937609             12.448269601392514            43                            430                           0.11180907024426154           
25026                         9                             59.5409119593761              12.246539632455203            39                            431                           0.10495242965585685           
25259                         9                             59.54091195937609             14.112509125919185            43                            423                           0.11760888402756144           
25483                         9                             58.488819442340755            13.83712605713615             46                            474                           0.12167307368758407           
27388                         9                             43.44294907421259             11.09242842579995             37                            336                           0.09620326269592562           
27656                         9                             59.54091195937608             13.790283994150071            46                            474                           0.12121607823114228           
27677                         9                             59.54091195937609             10.551408901632021            36                            411                           0.09332151538776566           
30030                         9                             33.19628749863771             9.678699221254037             33                            268                           0.08547492015272565           
30754                         9                             59.5409119593761              17.194998706541995            56                            487                           0.14881796833509073           
31217                         9                             59.540911959376096            15.95034837398875             51                            442                           0.13704103280305485           
33479                         9                             59.54091195937609             15.511940606027721            52                            452                           0.1376628186919841            
33579                         9                             59.540911959376096            14.335219473709573            47                            466                           0.12468078313543215           
34115                         9                             59.5409119593761              13.525689971531133            45                            451                           0.11845519951550806           
34896                         9                             59.54091195937609             11.426744821372449            40                            488                           0.10444156157872563           
35324                         9                             59.540911959376096            14.821997928446319            48                            428                           0.12744596931988497           
36582                         9                             59.54091195937609             15.757733992858967            51                            463                           0.1366395950776144            
39341                         9                             59.5409119593761              12.779954012949903            43                            446                           0.11261895241823744           
40951                         9                             59.54091195937609             14.701168893449358            50                            454                           0.13068617164729643           
40957                         9                             59.54091195937609             13.389413524245644            46                            456                           0.12025494500569717           
42180                         9                             59.54091195937609             13.743534952120351            45                            470                           0.1207235736689496            
45464                         9                             59.54091195937609             13.349412254724538            47                            476                           0.1208360207423092            
49783                         9                             59.5409119593761              14.837614498399581            49                            478                           0.1302837069678184            
49958                         9                             57.3779519681707              16.50393317608961             57                            425                           0.1468002452986137            
50007                         9                             59.5409119593761              12.512411409909838            42                            451                           0.1112180624506868            
55383                         9                             59.54091195937609             17.0478943724515              57                            481                           0.15018719604631453           
56404                         9                             59.54091195937609             15.327080791086734            52                            455                           0.13508655751779358           
58301                         9                             59.54091195937612             10.950992466737215            35                            422                           0.09353121196250111           
58340                         9                             59.540911959376096            12.55812992506983             40                            476                           0.10730168957058352           
61727                         9                             59.5409119593761              12.40492962358285             42                            470                           0.10989732898236344           
63234                         9                             59.540911959376096            15.132260630321685            48                            480                           0.1291206918036167            
63544                         9                             59.540911959376096            16.064144593866434            54                            460                           0.1410931032063743            
63938                         9                             59.540911959376096            16.212607225359143            52                            463                           0.14001549648196038           
65596                         9                             53.767405754715845            14.706979698880744            48                            387                           0.12921967390635125           
67609                         9                             59.54091195937608             15.00939154268162             49                            418                           0.13232316827178975           
67764                         9                             53.64498331350724             11.186103545261064            39                            393                           0.10156581389682225           
68217                         9                             59.540911959376096            20.971199262734405            70                            484                           0.18364763790703895           
68732                         9                             59.540911959376096            12.782926913014483            41                            449                           0.11031768412117685           
71744                         9                             59.5409119593761              14.023445191892566            47                            392                           0.1226552126043996            
71929                         9                             59.54091195937609             13.10621454314767             45                            416                           0.11787330488110391           
72354                         9                             59.54091195937609             16.982502715043072            57                            485                           0.15048043597337263           
74572                         9                             59.54091195937609             16.605152320722805            55                            444                           0.1463705836566125            
74910                         9                             59.54091195937608             17.023775685378038            54                            432                           0.14489154894140965           
75847                         9                             59.5409119593761              16.688612573548113            54                            449                           0.147050234079809             
76842                         9                             59.540911959376096            11.999201926810581            40                            438                           0.10435961079709162           
78120                         9                             10.66950669334418             2.6659144777727732            9                             80                            0.023184174518096325          
78920                         9                             26.344628422211866            7.147111134989299             22                            185                           0.0599483365488105            
79183                         9                             59.54091195937609             15.368097007133               50                            434                           0.13326427911910924           
80019                         9                             58.16151470982698             11.994325740848314            40                            414                           0.10559103681188217           
80179                         9                             59.5409119593761              13.345693192947182            44                            454                           0.11691209154200441           
80768                         9                             59.540911959376096            14.155961271574418            47                            454                           0.12365869623718251           
81745                         9                             59.540911959376096            15.438372715387212            49                            494                           0.13134020922200795           
82101                         9                             59.54091195937608             16.097890328629152            52                            450                           0.13928893822057872           
82505                         9                             59.540911959376096            13.337036038939967            43                            448                           0.11500335828686435           
83523                         9                             59.5409119593761              15.070762306336626            50                            438                           0.1321661503493884            
84816                         9                             59.540911959376096            12.225401511730562            42                            440                           0.11057178349784669           
86765                         9                             59.54091195937609             11.333900416709424            39                            436                           0.1012638298791321            
87633                         9                             59.54091195937609             13.183799049440543            43                            432                           0.11439469110021226           
87874                         9                             59.5409119593761              9.576484054344508             30                            373                           0.08093307876303427           
89733                         9                             59.54091195937609             13.676560426346079            44                            452                           0.11707212177261252           
91708                         9                             59.540911959376096            15.145763913641643            51                            457                           0.1330561287308594            
92322                         9                             59.540911959376075            13.74524228153878             45                            430                           0.11899731085932358           
92324                         9                             59.540911959376096            15.910941674608054            51                            449                           0.13708492571588385           
93920                         9                             59.54091195937609             12.03323838237413             41                            460                           0.10773801614983879           
95819                         9                             59.540911959376096            11.803830798679153            39                            436                           0.10344786262417432           
96026                         9                             59.54091195937609             13.277293922834463            43                            458                           0.11479388235516126           
96620                         9                             59.5409119593761              15.483817954263161            51                            449                           0.13566135097042456           
1714                          10                            59.54091195937609             13.65896631751326             48                            468                           0.12392552713318983           
2865                          10                            59.5409119593761              11.708521943437866            39                            430                           0.10496714521530577           
5328                          10                            59.54091195937609             14.696985680117876            52                            466                           0.13515040489199756           
6598                          10                            59.540911959376096            12.612347125303911            40                            442                           0.10705350050698031           
7153                          10                            59.5409119593761              14.90535058130856             49                            442                           0.1299577776777287            
7638                          10                            59.540911959376096            18.171580014705242            60                            511                           0.1595233261236743            
9225                          10                            59.540911959376096            10.880741014966901            38                            434                           0.098174832941569             
9950                          10                            56.57494495337626             12.17373924260567             41                            420                           0.10738649548954368           
10321                         10                            59.54091195937608             12.45468337638574             40                            442                           0.1063956243036493            
11042                         10                            59.5409119593761              17.314996852767116            58                            432                           0.1547752963141284            
11885                         10                            59.540911959376075            10.460428758547486            36                            453                           0.0935842476911571            
13270                         10                            59.54091195937609             15.338578131323134            51                            468                           0.1343721264141579            
13588                         10                            59.5409119593761              14.99164900118417             49                            410                           0.12902776277761058           
14439                         10                            59.540911959376096            12.234366968062742            40                            403                           0.10577714753072748           
17335                         10                            59.5409119593761              11.889246608196848            39                            420                           0.10401535801051132           
18861                         10                            59.5409119593761              12.27559606023019             42                            417                           0.10879334475065076           
19031                         10                            59.54091195937609             11.192307769759722            38                            433                           0.09938719251935317           
20823                         10                            59.5409119593761              10.63365612226306             36                            425                           0.0948687006026781            
21403                         10                            59.5409119593761              9.418705123012472             30                            443                           0.08036603457978399           
23327                         10                            59.54091195937609             13.422912635964225            43                            418                           0.1152941619668691            
25039                         10                            59.5409119593761              11.544543418555076            38                            464                           0.10000454126428683           
25043                         10                            59.540911959376096            15.179916023954886            50                            444                           0.13306409381409692           
25558                         10                            59.54091195937609             9.062078949696456             31                            331                           0.08106948366337749           
32311                         10                            59.54091195937609             11.143975671539916            36                            404                           0.0958071686226267            
32985                         10                            59.540911959376096            10.627155920237179            36                            428                           0.09408522441724711           
35367                         10                            59.5409119593761              11.659076621169607            39                            454                           0.10202094678414066           
36987                         10                            59.540911959376096            16.05353327118808             52                            467                           0.1403906877482456            
37042                         10                            56.600769266663704            14.817886227468085            49                            424                           0.12962926308179396           
38049                         10                            59.540911959376096            12.67873436085074             41                            444                           0.11002213039639448           
38444                         10                            59.54091195937609             7.067830049604234             25                            405                           0.06415385582649254           
41163                         10                            59.54091195937608             13.590817972929557            44                            440                           0.11659600266681845           
41206                         10                            59.54091195937609             10.558288110363359            35                            395                           0.0931505649046984            
43867                         10                            59.54091195937609             15.641584395698887            49                            465                           0.13141345228323298           
44722                         10                            59.54091195937609             12.934626739763987            47                            454                           0.12104005703198184           
46393                         10                            58.52723481991808             8.124292490436558             26                            411                           0.06930217763327504           
47191                         10                            59.54091195937609             12.91815394187556             42                            449                           0.11157571380932221           
47257                         10                            59.540911959376096            15.861264110020342            53                            412                           0.13927323377521855           
49605                         10                            59.54091195937608             12.060365299334244            42                            462                           0.10950352013513985           
53453                         10                            59.5409119593761              14.515591185129647            49                            432                           0.12801096451260915           
53464                         10                            59.5409119593761              10.871035657873843            36                            428                           0.09443758466315327           
55026                         10                            59.540911959376096            12.24427002461788             42                            455                           0.10934636311195178           
58532                         10                            59.540911959376096            13.214177203917618            45                            479                           0.11750360039528895           
58595                         10                            59.54331753281677             10.91191047471573             37                            470                           0.09614988096233713           
58658                         10                            59.54091195937609             10.145353120986659            34                            434                           0.08952954106650751           
64016                         10                            59.54091195937612             11.807193844941342            39                            405                           0.10271497473756223           
65336                         10                            59.54091195937611             14.792164986198717            50                            460                           0.1300374313751402            
65985                         10                            48.90851583937587             8.21723484751236              27                            309                           0.0718782592781032            
67349                         10                            59.540911959376096            8.71165220318989              30                            418                           0.07845420133271769           
71127                         10                            59.540911959376096            12.718425038980156            40                            463                           0.1081313079622652            
75527                         10                            59.5409119593761              13.099897210935666            46                            448                           0.11799382020270963           
75643                         10                            59.54091195937608             13.180308892874292            43                            475                           0.11444167617341926           
79953                         10                            59.5409119593761              12.856036220820803            44                            440                           0.11714892668954341           
80504                         10                            26.34462842221187             7.825515090721582             26                            202                           0.06974567986911721           
80812                         10                            55.260236078785354            11.493805954464271            40                            404                           0.10379726507665882           
81138                         10                            59.5409119593761              16.207501382463594            54                            508                           0.14203754628142243           
81214                         10                            53.66277278831488             8.919718808023998             31                            397                           0.08004083864629456           
82103                         10                            59.540911959376096            11.904913567989604            39                            378                           0.10510750222579983           
82591                         10                            58.60380043309973             13.57647003091457             47                            471                           0.12159391370298435           
82610                         10                            59.5409119593761              9.658204941373434             32                            455                           0.0862626146503111            
83667                         10                            56.61060803136961             16.306201479645246            51                            453                           0.13870090176512426           
83817                         10                            59.54091195937609             13.679402710616655            45                            386                           0.12079750849995037           
85205                         10                            59.540911959376096            13.003272640854517            43                            461                           0.11361141177449083           
85713                         10                            59.540911959376096            12.498425358115183            41                            442                           0.10910662546015125           
87187                         10                            59.5409119593761              12.214688769042347            41                            419                           0.10798634010594957           
87542                         10                            59.54091195937608             15.234849285023593            48                            449                           0.12879710272744085           
92402                         10                            59.540911959376096            14.216308555166773            47                            461                           0.12463117232807869           
93528                         10                            59.54091195937611             15.069286015843252            51                            459                           0.13512998161876205           
96225                         10                            59.54091195937609             10.641349325424093            37                            458                           0.09551220198773859           
96621                         10                            59.54091195937608             16.99635552974216             56                            485                           0.1471460361650786            
98660                         10                            59.54091195937608             14.131714329045755            51                            451                           0.1296595705015009            
57                            11                            59.5409119593761              12.72623693472813             43                            470                           0.11279820659187614           
248                           11                            59.54091195937609             14.057585297736182            50                            456                           0.12882486752935368           
1683                          11                            59.54091195937609             14.677660581211434            49                            419                           0.13003308926816035           
1864                          11                            59.54091195937609             11.712426042713982            39                            452                           0.10223974673653795           
2959                          11                            59.5409119593761              13.538737457148011            42                            442                           0.11456075066386938           
3528                          11                            59.54091195937608             13.795268586768866            47                            461                           0.12252168781843148           
4574                          11                            59.54091195937609             16.271148330779717            55                            441                           0.14524225969417598           
6193                          11                            56.018798887581575            8.266568566992374             27                            437                           0.07187096608832748           
8504                          11                            58.4310331395202              9.980378964701895             32                            412                           0.08490277420092827           
11511                         11                            59.5409119593761              14.198117746076782            46                            464                           0.12160048959074796           
11625                         11                            59.54091195937609             15.114577428917315            50                            438                           0.13255863931427686           
11733                         11                            42.877653446382425            11.896257573322387            39                            338                           0.10303090624808202           
12564                         11                            59.54091195937609             10.364985162015309            32                            451                           0.08741212756076731           
19708                         11                            59.5409119593761              13.664125690100112            48                            440                           0.12506984134296775           
19898                         11                            20.88910893425857             4.043964262412882             13                            128                           0.03438139797188444           
20557                         11                            58.810196379842225            18.546186894959423            60                            442                           0.16061684550652533           
22355                         11                            59.5409119593761              13.486819098988905            47                            418                           0.12037709911646538           
24475                         11                            59.540911959376096            10.905110705472001            36                            437                           0.09621616655007464           
25933                         11                            59.540911959376096            11.757479919825386            41                            435                           0.10552577457050787           
26764                         11                            59.54091195937611             10.808216985979476            37                            393                           0.09599753664672575           
28719                         11                            59.540911959376096            14.39459812000437             49                            466                           0.12837398508932252           
31013                         11                            59.540911959376096            16.637385340540472            54                            473                           0.14330577405746886           
31097                         11                            59.54091195937609             12.560579098914964            42                            466                           0.11036245932625897           
32993                         11                            59.540911959376096            14.098976701376031            45                            465                           0.1197966435385127            
38009                         11                            59.540911959376096            12.99338324928808             44                            443                           0.1159752758334853            
38379                         11                            45.255083368267805            7.682391227836189             26                            296                           0.06764608616394212           
39647                         11                            48.626497412537475            14.823052059370236            49                            379                           0.12971482971899684           
40068                         11                            59.540911959376096            17.179290982997628            57                            458                           0.15028861034250426           
40628                         11                            59.540911959376096            14.649982091360105            51                            434                           0.13411523865074013           
41121                         11                            59.54091195937611             16.965466359323276            54                            471                           0.14472675862362544           
41539                         11                            59.54091195937609             12.290107553653232            40                            492                           0.10623689700925965           
44837                         11                            59.54091195937609             11.450947818972576            39                            432                           0.10122469337607805           
46012                         11                            59.54091195937609             14.370726250917775            45                            450                           0.12048411529702227           
46042                         11                            59.5409119593761              11.817577260299114            41                            437                           0.10553844714146582           
46880                         11                            59.540911959376096            11.584950599955949            39                            438                           0.10231530245811073           
47186                         11                            59.5409119593761              12.714258362272828            43                            440                           0.1117562938608736            
47363                         11                            59.54091195937609             14.461587175263436            46                            453                           0.1230198772927955            
51084                         11                            59.54091195937609             15.167402173562358            51                            489                           0.13353989093728638           
51916                         11                            59.54091195937609             8.746262486756333             30                            418                           0.0776928072555646            
53086                         11                            59.5409119593761              14.933443961227734            51                            441                           0.1322470616583023            
55825                         11                            59.5409119593761              12.338860912385018            40                            441                           0.10644995428681571           
58067                         11                            59.540911959376096            14.803468603095654            50                            444                           0.13258412178314022           
58890                         11                            59.540911959376096            13.0818609741786              42                            461                           0.11230245958314244           
60258                         11                            59.54091195937609             15.41355953305024             53                            474                           0.13862020186916996           
60715                         11                            59.54091195937609             14.016683204806757            48                            420                           0.12486301144034029           
61358                         11                            59.54091195937612             17.018786933497225            55                            471                           0.14825443287328938           
62178                         11                            59.54091195937608             14.624068550223724            48                            440                           0.13005132120654014           
62975                         11                            59.54091195937609             13.089149050409521            44                            406                           0.11665374297041702           
64530                         11                            59.5409119593761              11.60748561543584             38                            450                           0.10068635580636824           
64795                         11                            59.5409119593761              13.032324840969224            42                            454                           0.11225559231968779           
66882                         11                            59.540911959376096            12.32026207595644             40                            445                           0.10659624023791828           
69946                         11                            59.54091195937611             14.120300894935765            46                            445                           0.12156148011107694           
70555                         11                            59.540911959376096            11.928454330643808            42                            421                           0.10821115854846772           
72398                         11                            59.54091195937609             11.412308066317484            38                            405                           0.1021870374131616            
75524                         11                            59.54091195937609             13.7552177126914              45                            462                           0.11980037453545692           
76177                         11                            59.54091195937608             15.006135993771851            53                            466                           0.13575502135363876           
77588                         11                            13.27462842221187             3.6360650468347977            11                            93                            0.029810367865915538          
77687                         11                            22.166998437883834            3.096153159710374             10                            144                           0.027321086001009624          
77713                         11                            59.54091195937611             13.49826231424352             46                            440                           0.11936959617344023           
80780                         11                            59.54091195937609             14.70192091238554             46                            466                           0.12487105641312501           
81256                         11                            59.540911959376075            13.300161298982484            44                            417                           0.11669979052147855           
81531                         11                            59.54091195937609             14.17120248059709             46                            451                           0.12192961679812779           
84081                         11                            59.54091195937612             13.461735462628326            46                            476                           0.12089835111133287           
87409                         11                            59.540911959376096            12.206416140055861            40                            417                           0.1076139636618133            
87623                         11                            59.54091195937612             10.069160376739399            33                            442                           0.08681517321360196           
88205                         11                            59.54091195937609             14.093291363136256            47                            478                           0.12364702183018571           
89363                         11                            59.54091195937608             12.82550512268208             45                            435                           0.11701979135172692           
89493                         11                            59.540911959376096            8.854668113389952             30                            421                           0.07920158846757047           
90018                         11                            59.54091195937612             9.58151811638054              32                            396                           0.08385637915904204           
90378                         11                            59.54091195937609             15.211912453503768            50                            410                           0.13341176161153034           
91996                         11                            59.54091195937609             14.696627109668814            46                            462                           0.12480008553582979           
93876                         11                            59.5409119593761              14.969139083583771            48                            468                           0.12745305089860792           
94172                         11                            59.5409119593761              13.55696377041186             45                            468                           0.11861568607422743           
98922                         11                            59.54091195937609             10.952944446742155            36                            470                           0.09566129033233345           
99787                         11                            58.80431975569897             14.992418395263897            49                            432                           0.12999783737671636           
1522                          12                            17.842811103910492            4.136959912037477             14                            140                           0.03662428022487304           
4514                          12                            59.54091195937609             13.82189838480662             43                            442                           0.1156525120384686            
4912                          12                            53.017684020297324            14.915308977839318            47                            311                           0.12660187365019515           
5607                          12                            59.54091195937609             13.58782653186562             45                            483                           0.11970222757201451           
6094                          12                            58.06798280958773             17.924443051695135            56                            430                           0.15227555599049197           
11480                         12                            59.54091195937609             13.689413685051253            45                            460                           0.12217248480941183           
11541                         12                            59.54091195937609             13.547698617717348            45                            433                           0.1189548373073401            
12826                         12                            59.54091195937609             13.882149032368458            47                            456                           0.12370900905597575           
12959                         12                            59.54091195937609             18.191467805047093            57                            469                           0.15568360424502425           
14246                         12                            59.540911959376096            14.97289488238698             47                            483                           0.1267292423837335            
16149                         12                            59.540911959376096            17.557595025409263            60                            467                           0.15634578657368473           
16813                         12                            26.34462842221187             5.865708355831176             18                            198                           0.048873328183488884          
19349                         12                            59.5409119593761              18.16488789818705             61                            442                           0.1598353401945937            
19633                         12                            26.344628422211862            5.4464991061874555            19                            159                           0.04861996112143616           
21105                         12                            59.540911959376096            13.957293463225678            46                            414                           0.12152900077294314           
21154                         12                            59.5409119593761              13.804573313664363            45                            434                           0.11964313479070426           
22004                         12                            59.540911959376096            16.65951747828349             54                            471                           0.14523111757084817           
23083                         12                            59.54091195937609             12.238065127305576            40                            454                           0.10600604918217624           
23533                         12                            59.5409119593761              9.9853150124604               33                            378                           0.0871698040301514            
25975                         12                            59.540911959376096            10.222546690772933            32                            466                           0.08758593624164221           
27269                         12                            59.5409119593761              15.53780705738893             50                            452                           0.1338292903963786            
27271                         12                            59.540911959376075            14.808924272310977            50                            456                           0.13164844870881404           
28144                         12                            59.5409119593761              12.869230286043246            45                            384                           0.11645913793474127           
28321                         12                            59.5409119593761              11.142210580270245            38                            441                           0.09984694251500906           
28998                         12                            59.54091195937609             18.877478910260074            61                            432                           0.16235614075480526           
29467                         12                            59.540911959376096            13.688699291857354            46                            426                           0.12063968338189984           
30756                         12                            59.5409119593761              12.813189575806296            42                            480                           0.11178602707469448           
32086                         12                            59.540911959376096            14.687643964946846            48                            471                           0.12754712268010546           
32378                         12                            59.54091195937611             16.577771952541294            55                            481                           0.14628196063309554           
33980                         12                            59.54091195937609             11.154423982098061            38                            398                           0.09972711366716216           
34340                         12                            21.583506137234117            6.806993802827766             21                            175                           0.05720100304616167           
37260                         12                            57.99982833984036             11.619852705825071            41                            430                           0.1074048986271782            
37612                         12                            59.54091195937608             15.008867043136057            48                            490                           0.12875115129018141           
39162                         12                            59.540911959376096            11.78296239203591             39                            415                           0.10306363882214861           
40540                         12                            59.540911959376096            13.08915347274873             43                            463                           0.11455826740482286           
47826                         12                            59.54091195937609             14.227347252344435            47                            398                           0.12496929728776868           
48289                         12                            55.363174375175646            14.282526858629831            46                            413                           0.12235636439165              
49408                         12                            59.5409119593761              15.809329492110182            52                            446                           0.1384380533160564            
49565                         12                            20.889087548193714            4.949835910496831             17                            129                           0.04415234426019853           
52463                         12                            59.14744837541865             14.951897133839461            52                            485                           0.13552213721974565           
52884                         12                            59.54091195937609             14.048088376541603            48                            427                           0.12680523021258217           
53505                         12                            59.54091195937609             16.2990648315201              55                            488                           0.14575403141448018           
53538                         12                            59.5409119593761              16.229352117922645            54                            386                           0.1422039555956996            
55205                         12                            59.540911959376096            19.022369674154103            60                            466                           0.16256899529592964           
57443                         12                            59.5409119593761              15.354092169069311            51                            453                           0.13446890717962748           
58381                         12                            7.821300596113266             1.2878992276317653            4                             51                            0.01073720120916858           
60303                         12                            59.54091195937609             13.72656955013534             46                            441                           0.11991894369913854           
61173                         12                            59.5409119593761              17.653109160975834            58                            461                           0.15293931764561455           
64311                         12                            59.54091195937609             13.030239284383784            45                            432                           0.11709584037037814           
64456                         12                            59.5409119593761              11.513150267804075            38                            407                           0.09983136329555906           
64759                         12                            18.009632771234195            3.3209532334245155            11                            112                           0.029436372449310282          
65411                         12                            33.1962874986377              10.133658375064615            34                            224                           0.09085413104995715           
66130                         12                            59.54091195937608             11.891018300983859            38                            375                           0.1022045719882215            
66555                         12                            59.54091195937611             13.706140663121378            44                            451                           0.11771949461967858           
66908                         12                            59.540911959376075            18.831776901693814            62                            455                           0.16494509160695064           
72218                         12                            59.540911959376096            14.161367698735999            47                            453                           0.12424111190218809           
73476                         12                            59.54091195937609             14.694639386102468            49                            441                           0.12749976970693375           
76142                         12                            59.540911959376096            14.004818656356615            45                            450                           0.12070767031907845           
79245                         12                            21.38640591704398             5.752989299393958             20                            159                           0.052692823090312514          
79352                         12                            59.5409119593761              13.877768705510308            49                            465                           0.1261852647703251            
80375                         12                            59.54091195937609             17.393745656077815            58                            486                           0.1528068642083655            
80629                         12                            59.54091195937609             14.503138700482033            48                            437                           0.12729588133840924           
80729                         12                            59.5409119593761              14.385090705506496            47                            459                           0.12502042022259247           
82905                         12                            59.5409119593761              15.959074810515268            56                            424                           0.14543859385636154           
82921                         12                            59.54091195937609             14.183324349513283            47                            421                           0.12407690644004085           
85791                         12                            58.680643044583675            12.005176828977767            40                            433                           0.10462186189507923           
86007                         12                            59.540911959376096            10.834800398679857            38                            319                           0.09860910086086506           
86155                         12                            59.540911959376096            16.297390893744666            54                            419                           0.14160551742234767           
86841                         12                            59.54091195937609             10.809664463147678            37                            352                           0.0982187089847597            
87678                         12                            59.54091195937609             16.42532724220939             52                            424                           0.14119202708550238           
88141                         12                            59.540911959376096            11.872286054521897            39                            420                           0.10322500894716385           
88349                         12                            59.5409119593761              15.95854301366526             52                            441                           0.13781317920377834           
90411                         12                            59.540911959376096            14.334003042745392            48                            484                           0.1270063671423995            
90430                         12                            59.54091195937609             12.041930072232796            40                            447                           0.105461525054373             
91473                         12                            59.54091195937609             11.682746135697887            36                            386                           0.09849426285916166           
91674                         12                            59.54091195937608             12.973901392169992            44                            426                           0.11520224600730673           
92178                         12                            59.5409119593761              15.16548270743405             50                            469                           0.13327115713035764           
92506                         12                            59.540911959376096            12.190918224480182            40                            442                           0.10618226186528759           
92672                         12                            59.54091195937609             18.10829678904568             59                            450                           0.1576616993408382            
93138                         12                            59.540911959376096            15.801322235385218            53                            482                           0.14016649971020376           
95115                         12                            59.5409119593761              16.433040164690155            54                            460                           0.14272030216903375           
95168                         12                            13.76679499549479             4.163988354836281             14                            97                            0.03733760999242503           
