### BoGEMMS simulation ### 
# EventID Pos Edep_scint[keV] Nabs_SiPM_PDE Nabs_SiPM N_opt Edep_SiPM[keV]
50                            1                             661.6572831606167             144.4585064789146             485                           5300                          1.274110820672651             
527                           1                             661.6572831606165             148.75030103168663            496                           5167                          1.3087403483235662            
974                           1                             465.7177749600471             111.2331368560116             370                           3795                          0.9773414835042336            
1636                          1                             578.1345488606114             127.25965355707484            425                           4499                          1.1183893167715684            
2419                          1                             359.4801948641111             81.31379355206089             272                           2875                          0.7154802437675246            
3693                          1                             464.254816984889              115.33281511768332            386                           3473                          1.0155132184028073            
3795                          1                             23.059852704022774            3.7461562667938306            12                            177                           0.03189812748784157           
5146                          1                             661.6572831606164             148.62162376634097            487                           5290                          1.2946489690762935            
5315                          1                             130.71452499843215            27.95216115807335             93                            990                           0.24574263285900697           
5363                          1                             661.6572831606164             149.78201530950264            503                           5254                          1.3216751986987423            
6439                          1                             661.6572831606165             149.98552514364474            491                           5225                          1.3067209839058014            
6453                          1                             661.6572831606165             164.29781597650035            541                           5281                          1.4315212630604388            
7552                          1                             605.6254682667584             137.06573616549082            457                           4699                          1.2037584414673854            
7886                          1                             492.9618466720035             125.74413816809685            419                           3818                          1.1026833938179763            
8431                          1                             195.88827462166302            45.37328670090685             150                           1569                          0.39597878581797036           
8485                          1                             661.6572831606165             153.52578157120777            509                           5366                          1.345342636354494             
8629                          1                             661.6572831606164             158.8529037789285             527                           5112                          1.3924188456795477            
8639                          1                             75.25                         14.733904398213824            47                            571                           0.12575733487421414           
9388                          1                             480.8847885215152             108.49978726428834            361                           3931                          0.9524403678068875            
9675                          1                             661.6572831606163             143.2542204604691             468                           5209                          1.2432108782863451            
10234                         1                             661.6572831606165             156.8252707621197             519                           5262                          1.3709422054604186            
10259                         1                             560.3153012401968             138.42784290958144            465                           4632                          1.224867575691071             
10936                         1                             318.2898227440816             78.96002862647241             264                           2563                          0.6962125737317186            
10972                         1                             661.6572831606168             153.13623756315496            506                           5359                          1.34172755114135              
11051                         1                             661.6572831606164             157.52118692602838            520                           5225                          1.3719967112457123            
11145                         1                             194.76899689315968            42.28377425676698             140                           1445                          0.37094437129581653           
13102                         1                             121.88408732319242            27.411564257420938            95                            987                           0.246481830216779             
13413                         1                             524.0006497331553             121.79191306077361            400                           4129                          1.0624497716529873            
14024                         1                             228.65950091932513            61.67589024800975             201                           1862                          0.5348211983255629            
14186                         1                             311.201274479246              70.12421170936793             233                           2470                          0.6148123792115239            
15767                         1                             73.039                        13.162975022950649            46                            516                           0.11970251876756886           
15869                         1                             478.4548080277345             109.65366100039394            361                           3934                          0.9524666832216753            
15982                         1                             576.2195947938469             127.7783155653651             417                           4534                          1.111107812479176             
17323                         1                             661.6572831606163             161.56562878059236            541                           5334                          1.4280275154482092            
17615                         1                             633.3001760789568             167.96518329766354            564                           5232                          1.4826809456384848            
18274                         1                             661.6572831606165             149.9847524449604             499                           5239                          1.3224768517113856            
18769                         1                             661.6572831606167             154.23457266929242            512                           5403                          1.3544627425903606            
21330                         1                             149.90895024230463            35.19058004683429             119                           1116                          0.31179421418342734           
21520                         1                             661.6572831606163             147.47250551121996            503                           5338                          1.314252451557372             
21562                         1                             284.26539440430685            66.04041082602046             212                           2261                          0.5690476241000602            
21664                         1                             95.20538336062634             20.84624480877951             72                            774                           0.1889362860617177            
22049                         1                             512.9088062398629             118.4063076663523             393                           4004                          1.0412853905314874            
22474                         1                             582.6436306562196             130.8794427145415             434                           4558                          1.1471433816919285            
22618                         1                             461.59425399612957            106.03548247011942            356                           3710                          0.9365722652483965            
23356                         1                             661.6572831606165             157.08451982682112            523                           5277                          1.3803405865709806            
23552                         1                             182.96446079323323            45.15565163949169             144                           1485                          0.3845001031304305            
24771                         1                             431.31973273908375            109.89837770099504            367                           3300                          0.9632768970221213            
25397                         1                             113.14587543515799            25.944733583249157            87                            855                           0.2280181213594214            
26550                         1                             661.6572831606164             164.34427668380948            541                           5355                          1.435452893501572             
26589                         1                             661.6572831606164             162.64279591932325            529                           5173                          1.407528566662973             
26726                         1                             538.4851602177348             142.461787863274              469                           4289                          1.2416783849384285            
26786                         1                             31.818701603309194            5.781471237908753             19                            246                           0.05032447032247205           
27275                         1                             31.81850755220815             5.769166578419621             19                            239                           0.05084315462951109           
27770                         1                             661.6572831606167             152.07723012765584            497                           5390                          1.319014134329941             
27907                         1                             661.6572831606168             162.28488495217607            536                           5264                          1.4197731880147024            
29156                         1                             601.7356782982057             148.8215809266965             483                           4880                          1.2878920365809712            
29279                         1                             661.6572831606165             154.42192531808513            514                           5317                          1.3554757701587954            
29406                         1                             661.6572831606163             160.11212806933403            534                           5316                          1.4046878192242502            
30202                         1                             661.6572831606167             154.23624039861812            510                           5316                          1.345843787147591             
30752                         1                             661.6572831606164             154.36779868838005            503                           5300                          1.3381540765945403            
30910                         1                             661.6572831606165             144.64712826603258            481                           5312                          1.2704271273339152            
31333                         1                             661.6572831606161             154.54471499807303            511                           5241                          1.3505794402449005            
31741                         1                             541.0375158336175             137.9795758798962             452                           4344                          1.2006101505626008            
32192                         1                             661.6572831606163             146.13079824485123            491                           5076                          1.2913371170462105            
32793                         1                             661.657283160617              167.02288335572388            552                           5335                          1.4572344167369475            
33852                         1                             661.6572831606165             157.69437755755294            522                           5120                          1.3829254845591081            
34544                         1                             661.6572831606165             151.84345797392893            500                           5085                          1.3207340319168097            
34820                         1                             418.16415858655887            98.65374905003866             332                           3269                          0.8721820760723842            
35292                         1                             661.6572831606167             159.20794833801997            534                           5224                          1.4019408724540283            
35557                         1                             25.371843777462487            4.900626169043449             16                            196                           0.04221861922881168           
35724                         1                             357.35874415321007            83.07020483320348             273                           2880                          0.7247805341350562            
37606                         1                             661.6572831606163             149.76923033514058            493                           5263                          1.3032610078461395            
38185                         1                             661.6572831606162             156.53040095458383            516                           5289                          1.3646481377161819            
38248                         1                             8.539411499542402             1.8558356968829235            6                             48                            0.015939494499221316          
38636                         1                             661.6572831606169             156.5787903029809             510                           5256                          1.3600328314995522            
38812                         1                             558.1138585288891             133.2549389201967             445                           4378                          1.1708864471304778            
38940                         1                             661.6572831606165             151.7833736915896             509                           5216                          1.3404820512434432            
38949                         1                             215.32901345397835            56.794663640532974            187                           1680                          0.4926654942092087            
38978                         1                             6.370998691815232             2.225733133709832             7                             52                            0.018728062102670983          
39340                         1                             288.70390327346144            66.74018496606357             226                           2286                          0.5908243522950103            
39437                         1                             661.6572831606167             149.4861703881468             494                           5329                          1.308508140323994             
39636                         1                             661.6572831606168             162.5818439422083             536                           5479                          1.4176146459697878            
41455                         1                             661.6572831606165             146.14630150101075            484                           5301                          1.2806548380616112            
41495                         1                             661.6572831606164             144.8194962756552             483                           5208                          1.277246555222883             
43891                         1                             28.199188111874875            8.680722425674196             27                            225                           0.07306980115618725           
44118                         1                             298.8270233296712             77.44447907705096             253                           2450                          0.6728748915024274            
44201                         1                             464.04975511467524            113.11213613204936            385                           3614                          1.0095933252273128            
44243                         1                             661.6572831606164             158.32563522266892            526                           5283                          1.396111564796973             
45168                         1                             661.6572831606164             163.37734793633462            548                           5323                          1.440456944558004             
45212                         1                             250.41891193039214            53.4835879106891              181                           1927                          0.47336707859199967           
46042                         1                             491.53885043293184            113.03600250933472            379                           3937                          0.9948087484709408            
46504                         1                             661.6572831606165             157.62095420670792            518                           5375                          1.3720093887226135            
47016                         1                             350.37572810660816            88.43315966560709             298                           2786                          0.7843302067651057            
47085                         1                             661.6572831606164             150.40666841837236            498                           5276                          1.3200913215916206            
47262                         1                             59.90596982943609             10.971358803923144            35                            419                           0.09434510378271489           
47533                         1                             633.4303535629026             151.798862769581              507                           4999                          1.3394872956924928            
48080                         1                             365.66296138430545            84.94810685281979             283                           2924                          0.7469284654187873            
48129                         1                             661.6572831606165             156.25504426888745            523                           5323                          1.376886073581943             
48376                         1                             661.657283160617              154.75347223587409            513                           5309                          1.3571097411843898            
48835                         1                             661.6572831606167             169.90635927198596            564                           5431                          1.4918538971925104            
50682                         1                             661.6572831606167             161.90136764721842            538                           5284                          1.4202700230875531            
52333                         1                             661.6572831606168             152.27023403458756            510                           5240                          1.3421865321720299            
53270                         1                             476.88742214321115            117.93164486052368            389                           3699                          1.0311771019865343            
54293                         1                             32.20569582630294             5.495530792863747             18                            255                           0.04791947001641258           
57352                         1                             661.6572831606164             150.41677438388987            501                           5193                          1.3192541615272342            
58000                         1                             477.8966814888876             119.69256138269873            393                           3834                          1.047419265524979             
58047                         1                             661.6572831606169             155.05795083326402            513                           5317                          1.3587617147027709            
58152                         1                             661.6572831606164             158.07161000488836            523                           5333                          1.3821184311744934            
58646                         1                             620.8022594267778             136.23890026984392            458                           4949                          1.2039773775954707            
58773                         1                             197.8330423365311             52.78579913049981             178                           1523                          0.4690334567554185            
58988                         1                             44.65875781969075             12.354131301648286            41                            338                           0.10790499122274375           
59221                         1                             619.0552499632579             134.6862527396794             437                           4853                          1.1648132998653136            
59564                         1                             148.66929846292072            38.24786213959667             126                           1127                          0.33527733225839274           
60326                         1                             661.6572831606163             150.60568537181223            501                           5135                          1.325890942270078             
60756                         1                             661.6572831606165             144.99963938458208            482                           5174                          1.2707235524455323            
60884                         1                             661.6572831606168             169.97844641338128            561                           5271                          1.4925894919876845            
60996                         1                             661.6572831606163             160.24036425050966            527                           5275                          1.3953439230787628            
61415                         1                             661.6572831606165             147.83518240429046            496                           5246                          1.3006649156947427            
61478                         1                             46.98285285267101             9.212792595931504             34                            367                           0.08548329827655697           
61562                         1                             661.6572831606165             165.37667631077971            545                           5117                          1.443816844391145             
61566                         1                             345.33162934051035            77.70485274062098             263                           2732                          0.6879497295286421            
61617                         1                             307.2074042528466             66.12069632172978             219                           2358                          0.5796841929575571            
61689                         1                             101.43562023963392            25.957562197870157            84                            800                           0.22306727564648052           
62736                         1                             75.25                         12.89625042389466             43                            547                           0.11422126424731394           
62982                         1                             661.6572831606167             172.9337163346364             578                           5301                          1.5217858819976549            
63020                         1                             32.20575926158278             6.166665477031969             22                            241                           0.05587314839986292           
63064                         1                             661.6572831606164             148.21279641194664            488                           5054                          1.2909074503281006            
63210                         1                             661.6572831606169             167.2901533220616             558                           5341                          1.4734557117246978            
63316                         1                             661.6572831606165             164.2736957902764             539                           5139                          1.4274614520119164            
63499                         1                             661.6572831606162             167.97824263071507            554                           5369                          1.4637285133940119            
63799                         1                             661.6572831606165             147.11382816637297            486                           5145                          1.2896804257969634            
63855                         1                             661.6572831606165             160.90090082045964            526                           5297                          1.3958627166125992            
64051                         1                             661.6572831606167             143.50386591050216            482                           5282                          1.2652290817079077            
64709                         1                             661.6572831606165             168.46086256914603            560                           5413                          1.4724621909530664            
65245                         1                             661.6572831606167             147.21694564631514            494                           5232                          1.3006616829854591            
65412                         1                             661.6572831606167             152.6207698671021             503                           5156                          1.335773139086944             
66387                         1                             656.5560515949652             151.09190480198322            502                           5221                          1.3279973539430154            
66604                         1                             661.6572831606167             148.80572623351705            489                           5169                          1.2964123740834643            
66613                         1                             661.6572831606165             160.261569099711              524                           5231                          1.3913899471964246            
67484                         1                             661.6572831606168             140.34572799825006            467                           5381                          1.233693797736692             
67642                         1                             98.8715283800241              22.073769853466757            75                            742                           0.19624008637513782           
68131                         1                             661.6572831606168             158.85061306400246            521                           5339                          1.385398126057475             
68192                         1                             517.7869279607917             115.46518966471145            386                           3953                          1.01481032385892              
68221                         1                             660.2493106513618             150.9106415633149             510                           5154                          1.3354624888300488            
68936                         1                             661.6572831606163             165.46436512264987            542                           5323                          1.4400999680740518            
69081                         1                             661.6572831606164             149.89695310431415            500                           5275                          1.3203275355290445            
69186                         1                             365.96068782830605            82.25021509027191             277                           2855                          0.7270374805420962            
69252                         1                             661.6572831606167             158.1722380463961             523                           5264                          1.3832169316120928            
69606                         1                             36.39180083744635             9.664772042987458             31                            281                           0.08390546146869579           
70021                         1                             661.6572831606165             151.7339207876142             510                           5094                          1.3376502930308602            
70758                         1                             446.00152033459426            120.05647174715371            394                           3622                          1.0442684103274753            
71201                         1                             661.6572831606165             156.9177770821877             516                           5340                          1.3746304239033382            
71453                         1                             661.6572831606165             149.4439249450561             500                           5262                          1.317402227674221             
71734                         1                             661.6572831606167             149.742669803436              493                           5178                          1.3023475815194936            
72223                         1                             244.67792321896385            59.524275860248466            199                           1967                          0.5241642641815631            
72334                         1                             573.992183160617              147.36641002920678            482                           4678                          1.283314113155926             
73141                         1                             162.42473050651114            43.56672887220362             144                           1263                          0.3802102821268287            
73362                         1                             661.6572831606167             151.56276615752924            496                           5124                          1.3164990987416192            
74457                         1                             52.11072310418586             10.663884219229379            36                            403                           0.09458838165373598           
75036                         1                             597.3491202598207             156.13840598178083            505                           4707                          1.347419753759314             
75089                         1                             661.6572831606167             161.42641775720261            533                           5260                          1.4055386244380863            
76266                         1                             661.6572831606164             158.58417211461065            535                           5244                          1.404765243364292             
76272                         1                             36.31671826338112             7.486036004111223             24                            269                           0.06422284192081297           
76499                         1                             553.2083414992775             131.37624636945517            432                           4364                          1.1428702470664398            
76551                         1                             661.6572831606168             168.67602162797616            553                           5165                          1.4699108332479542            
78672                         1                             661.6572831606163             152.05854937738087            507                           5265                          1.3366747627054045            
80377                         1                             661.6572831606165             155.9001999657146             516                           5366                          1.3649174383665281            
80970                         1                             661.6572831606168             165.7631341032852             547                           5283                          1.4483866211611303            
81292                         1                             242.0541342932902             53.80209407916091             175                           1980                          0.4648935564093525            
81914                         1                             661.6572831606164             156.16684880352443            519                           5275                          1.37354205483991              
82125                         1                             405.43606043767204            97.95960619697054             322                           3268                          0.8539752738844772            
82866                         1                             661.6572831606164             159.77802927594198            525                           5342                          1.3910512431567637            
83154                         1                             661.6572831606165             165.35973361514849            549                           5270                          1.446970567103817             
84096                         1                             661.6572831606169             173.0043635143863             566                           5377                          1.5044897926210161            
84392                         1                             661.6572831606163             145.5512929016703             478                           5362                          1.2691915085427667            
84492                         1                             460.93288507138664            107.8587115310569             361                           3718                          0.9518104855896843            
84731                         1                             661.6572831606168             173.54668955075638            569                           5368                          1.506124070613926             
85700                         1                             661.6572831606165             162.20540235085255            532                           5370                          1.4100356690901772            
86559                         1                             174.14222415133872            40.490402354516924            138                           1348                          0.3608979071959213            
87424                         1                             661.6572831606165             155.75217586272294            517                           5104                          1.3667441001408946            
87861                         1                             171.2819084126445             42.659159577969255            143                           1289                          0.37720585957311664           
88224                         1                             661.6572831606163             157.32178655772984            523                           5241                          1.3778447155237252            
88551                         1                             75.24999999999999             18.19531272162186             60                            543                           0.1587654414862636            
88859                         1                             661.6572831606167             148.71839443460965            500                           5314                          1.3148522682424806            
89112                         1                             661.6572831606165             172.2382343950633             563                           5136                          1.4959949110013122            
89960                         1                             443.59754292393217            109.85231262962274            367                           3628                          0.9669388511191109            
90189                         1                             661.657283160616              161.04844904538328            537                           5388                          1.4138288711835716            
92859                         1                             27.928398197250672            6.890945861705588             22                            199                           0.05964784308558307           
92976                         1                             661.6572831606165             154.1930182253511             514                           5400                          1.3583437651130774            
93184                         1                             661.6572831606164             150.37605211056697            499                           5333                          1.3168863334461214            
93515                         1                             661.6572831606163             150.933444297661              504                           5330                          1.3253629773938242            
93725                         1                             661.6572831606167             166.23019415757875            545                           5135                          1.4463943600633558            
93875                         1                             464.2053986753192             107.92211290140766            357                           3624                          0.9473017182921994            
94104                         1                             584.4617680633714             150.28550116195146            511                           4667                          1.3387850115498146            
94260                         1                             661.6572831606164             156.66078525943527            513                           5356                          1.3604569086956984            
95319                         1                             210.52929440065967            43.69416572914859             143                           1543                          0.3777031739611854            
95880                         1                             110.28577348729885            26.712135650049408            90                            837                           0.23740607639501554           
95885                         1                             359.52811312630575            78.9822830565072              256                           2866                          0.6817149931934978            
97592                         1                             661.6572831606165             140.85161872432406            470                           5048                          1.2390600891329786            
97812                         1                             518.3764975286321             123.45397444845916            412                           4098                          1.0844519766373941            
98132                         1                             661.6572831606165             141.91837644965926            476                           5060                          1.2518216163411195            
98798                         1                             67.82872084924452             12.43626300450847             40                            523                           0.10718251616555219           
99456                         1                             644.7567842448418             163.14022486796463            538                           4991                          1.424184031705039             
99542                         1                             230.65901294849832            58.15826836154866             189                           1810                          0.5032670516490497            
99791                         1                             661.6572831606163             165.234080755446              540                           5277                          1.4380049104536563            
99867                         1                             661.6572831606165             169.25149885119745            560                           5024                          1.4760383151203351            
95                            2                             661.6572831606163             142.9337810620345             477                           5202                          1.2581516243762623            
127                           2                             661.6572831606163             192.51098340289843            636                           5324                          1.6860407997741755            
320                           2                             54.67483682372132             19.85482559695321             67                            433                           0.17767542405765574           
921                           2                             196.786340667192              42.715569772585674            142                           1380                          0.3733887893320537            
1357                          2                             661.6572831606165             184.8631822672766             618                           5226                          1.6281466435430076            
2229                          2                             661.6572831606165             214.14207257200857            705                           5295                          1.8732945896956372            
2589                          2                             661.6572831606164             249.08023977142847            825                           5161                          2.188395578188101             
3236                          2                             661.6572831606168             184.43602457920653            615                           5312                          1.6250505276042202            
3267                          2                             177.57566043238512            61.96913588344478             203                           1398                          0.5402270451118795            
3400                          2                             547.4328294166917             130.30128772449845            432                           4301                          1.1445039197317566            
3861                          2                             661.6572831606165             174.21159646330682            577                           5257                          1.528207036086001             
5086                          2                             108.40246140544974            40.15348441466804             135                           854                           0.35225307418535323           
6784                          2                             661.6572831606164             192.67505106146936            639                           5332                          1.688426151711469             
6925                          2                             661.6572831606163             209.99117198361333            698                           5391                          1.8461750792049751            
7259                          2                             322.85834510483846            95.49239328085348             321                           2604                          0.8452661444693161            
7302                          2                             509.59712833575895            143.31541661610808            468                           4040                          1.249852087566127             
7648                          2                             661.6572831606168             204.39388994691276            690                           5283                          1.8127844561343216            
7826                          2                             247.84016687449179            73.04710981157017             243                           1946                          0.641527976731582             
8403                          2                             661.6572831606165             258.8622061858109             856                           5342                          2.270966833701494             
8509                          2                             661.6572831606168             184.68555403275704            628                           5136                          1.6446462923988177            
8977                          2                             569.3990676219535             165.7109477729358             540                           4412                          1.4396292465712972            
9099                          2                             661.6572831606165             217.58720239943602            720                           5185                          1.9132852965493732            
9475                          2                             661.6572831606165             215.4801812708172             713                           5250                          1.8864118903645566            
10586                         2                             654.8538087634889             180.62380694559133            599                           5098                          1.5860641106693163            
10632                         2                             661.6572831606168             176.21772627688725            584                           5237                          1.5451182899687947            
10683                         2                             661.6572831606167             212.21300609262568            698                           5310                          1.856188666971637             
10875                         2                             661.6572831606164             170.09205278574362            569                           5286                          1.4944687022728769            
11331                         2                             661.6572831606165             192.19394014204025            638                           5267                          1.6900092639859736            
12803                         2                             661.6572831606163             204.37906513456693            683                           5106                          1.8031149937661255            
12895                         2                             661.6572831606167             207.19571815747244            688                           5322                          1.8245380231144699            
13128                         2                             28.25856792118342             10.562653688230213            36                            174                           0.09477746642559229           
13303                         2                             661.6572831606163             203.6556375922581             678                           5374                          1.7886698643092054            
13915                         2                             522.3047630881604             173.51098249003795            566                           4252                          1.5076332862421395            
13939                         2                             75.25000000000001             19.282489669184113            67                            589                           0.17257689235542295           
14017                         2                             661.6572831606164             199.15593968831118            662                           5405                          1.7489197479929546            
14976                         2                             661.6572831606164             162.76096772330573            539                           5194                          1.4249401538092263            
15426                         2                             412.14886650338156            128.57611434016425            427                           3256                          1.1314251462454221            
15429                         2                             235.56757707907016            79.56335338454178             264                           1911                          0.6988467922679642            
16632                         2                             661.6572831606168             270.02084299471704            898                           5395                          2.376629329184587             
16796                         2                             661.6572831606168             159.23808812964057            522                           5234                          1.3936112769770044            
17235                         2                             661.6572831606164             183.1058881153904             615                           5249                          1.6199171723021646            
17708                         2                             661.6572831606165             181.4900944841344             613                           5245                          1.6041113969282825            
18116                         2                             661.6572831606168             207.86594327290658            687                           5313                          1.821855168674531             
18910                         2                             661.6572831606164             209.28208386231557            691                           5141                          1.8316929240075375            
18947                         2                             661.6572831606167             198.48105639211872            653                           5270                          1.7279095704534873            
19014                         2                             661.6572831606167             180.58475241972465            595                           5292                          1.5786676635127335            
19195                         2                             240.3550542089061             59.02858490200467             198                           1893                          0.5218637216147705            
19536                         2                             661.6572831606168             215.85882973734638            724                           5242                          1.9122648768271424            
19553                         2                             661.6572831606165             211.2055232625338             702                           5171                          1.8544067067620609            
19586                         2                             661.6572831606165             197.43843917093767            660                           5276                          1.7456949341753296            
19936                         2                             661.6572831606167             210.12680665724338            700                           5289                          1.851519928900161             
19954                         2                             661.6572831606169             148.58818518949937            504                           5263                          1.3226538512377997            
20520                         2                             661.6572831606165             186.24555200557282            612                           5180                          1.6221690193536953            
20870                         2                             661.6572831606168             233.78370585231116            764                           5085                          2.036229321689693             
21217                         2                             273.891401687518              63.863391686802494            215                           2018                          0.563888091663893             
22036                         2                             541.432680019261              134.32088269574973            449                           4309                          1.1818835280371065            
22304                         2                             661.6572831606167             199.2778067531957             658                           5278                          1.744952989397711             
22357                         2                             661.6572831606165             215.14431796114602            703                           5386                          1.8764523709114664            
22603                         2                             661.6572831606167             224.16524722309924            746                           5319                          1.9756129034235959            
23532                         2                             661.6572831606163             179.55207702365234            590                           5208                          1.566710931452321             
24005                         2                             661.6572831606165             209.92191164227938            681                           5280                          1.816955587003592             
24311                         2                             471.49529065051               130.12234700725284            432                           3598                          1.1427175564060563            
24317                         2                             661.6572831606165             176.56438078011988            589                           5322                          1.554661746260246             
24978                         2                             226.26153613020722            56.41901019745689             183                           1716                          0.49102963243631126           
26269                         2                             65.97663111217389             17.526839333901812            58                            461                           0.15277782374306434           
26304                         2                             408.12017941052966            108.90028580982536            359                           3197                          0.9514995653230794            
26340                         2                             558.2292222330649             186.6590371261557             619                           4522                          1.6385531662947552            
26401                         2                             661.6572831606168             261.8015487946932             854                           5255                          2.281986744611129             
26942                         2                             460.3131168587852             146.87637460281957            489                           3691                          1.2938130461780877            
27121                         2                             661.6572831606164             205.546862226506              677                           5317                          1.799598079241872             
27451                         2                             661.6572831606164             184.4707394346474             606                           5270                          1.610763215346756             
27621                         2                             521.3489591527349             144.7510171782649             473                           4151                          1.259640828446929             
28345                         2                             581.2063435783997             145.44515706250257            489                           4556                          1.2862412701503527            
28477                         2                             661.6572831606169             259.8190128128776             853                           5423                          2.273922174493431             
28864                         2                             597.6813282429969             183.96836913454422            615                           4734                          1.6267540238374631            
29038                         2                             599.5602110157297             164.46738566225105            556                           4551                          1.4646717825804358            
29354                         2                             235.48044438145263            58.00025685409629             193                           1786                          0.5093130704133142            
29447                         2                             538.471314643389              149.83593269710184            497                           4236                          1.316849420854092             
29707                         2                             50.26943450428823             13.75290068679303             45                            343                           0.1191353501057308            
29985                         2                             661.6572831606165             184.97504855021936            614                           5118                          1.6205517448756503            
31018                         2                             661.6572831606162             200.5814809311741             667                           5376                          1.7651470102715043            
31029                         2                             661.6572831606165             187.5838401909417             619                           5378                          1.6369911726320194            
31603                         2                             68.76089923537718             22.41228012663812             73                            515                           0.1944107764035492            
31787                         2                             661.6572831606167             200.0731956505607             666                           5489                          1.761458579011037             
32262                         2                             661.6572831606168             181.3040184171913             604                           5278                          1.5939317196406533            
32536                         2                             661.6572831606168             222.84615012045154            735                           5293                          1.9494363716592285            
32558                         2                             210.8268094523088             51.552944263683486            168                           1654                          0.45034026747403677           
33128                         2                             661.6572831606167             211.69957575793828            701                           5312                          1.8542581825062632            
33371                         2                             661.6572831606164             188.79435764895106            629                           5191                          1.6630320778893188            
33876                         2                             661.6572831606163             211.1922809232345             703                           5263                          1.8588501993817288            
34194                         2                             661.657283160617              218.03690641290012            720                           5473                          1.9083238639631535            
34256                         2                             573.4112831606167             172.40230129024033            574                           4651                          1.51977615574248              
34722                         2                             172.61724337478648            39.14147131658374             134                           1309                          0.35041758941006784           
35108                         2                             661.6572831606163             198.11081334908133            669                           5259                          1.753457446810281             
35312                         2                             661.6572831606167             194.17577368806653            640                           5300                          1.6946945604984958            
35352                         2                             661.6572831606165             210.02582715570367            694                           5304                          1.8399302714319894            
36134                         2                             661.6572831606163             187.60142458161008            623                           5212                          1.6486910380897433            
36915                         2                             661.6572831606167             165.7879052299596             542                           5155                          1.4387459613694824            
36991                         2                             557.6050325283987             178.6269884409512             598                           4276                          1.5811213166388574            
37212                         2                             661.6572831606168             216.2766259654271             704                           5363                          1.8787237512966115            
37215                         2                             661.6572831606165             187.6701650068702             629                           5169                          1.6601396410451783            
37229                         2                             661.6572831606165             212.87146615698256            708                           5219                          1.873072676007267             
37549                         2                             661.6572831606164             258.9588117439108             860                           5244                          2.2839908797062867            
37941                         2                             567.7925592757927             192.71337920665724            637                           4406                          1.691757849652798             
40201                         2                             491.2293981184205             129.6859623775659             431                           3806                          1.1387913435245622            
40780                         2                             32.20553030214036             6.875314598157962             24                            241                           0.06294897875895843           
40909                         2                             661.6572831606165             255.48503301811235            854                           5266                          2.254491423634426             
41102                         2                             661.6572831606164             249.77133361939315            823                           5343                          2.1904801466053416            
42761                         2                             661.6572831606165             192.0568961243941             636                           5379                          1.6886989696042778            
42970                         2                             661.6572831606168             151.95353594082977            510                           5372                          1.339430154735631             
43068                         2                             661.6572831606168             198.56633000829032            654                           5305                          1.734500367932119             
43078                         2                             37.24468073998494             9.03019466179238              31                            264                           0.08013597217518899           
43325                         2                             661.6572831606167             204.29411804130086            675                           5234                          1.7870546846731807            
43766                         2                             661.6572831606167             213.41802469129638            710                           5460                          1.8789115750258674            
44922                         2                             661.6572831606168             205.59653218797072            686                           5321                          1.8135099750327035            
45603                         2                             628.3683726566442             199.65125112524373            662                           4991                          1.7511461194736528            
45988                         2                             423.9702403270704             121.87294536244434            402                           3388                          1.0699196319134645            
46002                         2                             88.01099999999998             21.11993886991911             70                            697                           0.18424162626730153           
46026                         2                             661.6572831606164             217.24550247735368            714                           5223                          1.897880961001916             
46314                         2                             75.25000000000001             24.529981503725605            80                            584                           0.2133675994356804            
46915                         2                             661.6572831606165             216.71448130651098            715                           5180                          1.8976756764589746            
47043                         2                             661.6572831606163             179.0606451894177             595                           5312                          1.5736093363724255            
47140                         2                             313.0569030010805             93.7653551847402              314                           2407                          0.8298150508719138            
47418                         2                             136.4430934859171             41.6575839401649              139                           1064                          0.3671667676771225            
47515                         2                             661.6572831606167             211.9089034425534             701                           5474                          1.8564073190424772            
48888                         2                             661.6572831606168             205.13527392004613            668                           5235                          1.792783257773014             
49220                         2                             661.657283160617              266.6021030961721             886                           5418                          2.345772345261973             
49338                         2                             661.6572831606167             193.9546483297289             645                           5235                          1.7051363304209657            
49435                         2                             529.9115265688893             131.13100353285623            430                           4246                          1.1439046381144369            
49765                         2                             550.9563133416091             156.18190617013727            512                           4359                          1.3638076143118676            
50279                         2                             661.6572831606165             216.60636568851876            717                           5194                          1.89916395014149              
50471                         2                             345.45340289363435            111.36732341523636            369                           2718                          0.97798502135905              
51150                         2                             514.9510593977354             125.89003812999603            412                           4214                          1.0917167301169863            
52164                         2                             661.6572831606162             199.58874456885223            658                           5132                          1.745851230783674             
52235                         2                             661.6572831606165             211.57383850135852            706                           5167                          1.871807782430134             
53499                         2                             535.8601680046348             176.0350009338962             582                           4274                          1.5436997761101177            
53831                         2                             50.333918225890926            9.74902244159112              31                            388                           0.08361106992264798           
53841                         2                             661.6572831606163             226.20076611901828            749                           5292                          1.9868835650729328            
53922                         2                             661.6572831606165             233.60527457366032            763                           5168                          2.036913481911314             
54441                         2                             577.2276091370779             139.27017288287334            458                           4639                          1.2161726526845267            
54899                         2                             661.6572831606165             176.4272563815172             594                           5178                          1.5647029484085422            
54977                         2                             661.6572831606167             180.86683528151534            595                           5244                          1.5753088177369035            
55821                         2                             187.9886632557774             50.529561363980704            168                           1481                          0.4424807635084712            
56125                         2                             661.6572831606163             196.73726788753996            663                           5256                          1.7432322011021713            
58662                         2                             661.6572831606164             209.16800245938256            695                           5320                          1.8397396690778158            
58740                         2                             36.316564628563114            9.346266817835032             31                            278                           0.0810709926613656            
58897                         2                             661.6572831606165             162.43297764066367            535                           5328                          1.417993447249855             
59041                         2                             585.7474451988904             137.86106615122245            462                           4719                          1.212630271548356             
59134                         2                             255.34421866160366            65.16433100447628             210                           1951                          0.5608002567683987            
59180                         2                             661.6572831606167             208.61332566090633            692                           5342                          1.8381218954041958            
59508                         2                             272.97956669416425            62.62584915997968             207                           2002                          0.5490424773950724            
60472                         2                             474.69764607362714            119.56101973856632            396                           3754                          1.0493053390166578            
61796                         2                             661.6572831606167             189.7604444078702             634                           5249                          1.6753972916124469            
64830                         2                             270.8348702870145             83.13031274631264             271                           2075                          0.7222062124189159            
65066                         2                             661.6572831606165             172.06065990224593            569                           5254                          1.5122224539993665            
65573                         2                             661.6572831606165             200.21800031295638            662                           5297                          1.7489877511040754            
65818                         2                             661.6572831606165             180.0105331142719             600                           5342                          1.5896073539965716            
66195                         2                             661.6572831606165             188.8640698671338             625                           5223                          1.6518591590568925            
66272                         2                             661.6572831606167             188.74329089662098            615                           5314                          1.6396836186998573            
66445                         2                             661.6572831606165             245.8334014159362             823                           5262                          2.1686853265936232            
66496                         2                             661.6572831606164             197.58678292765765            654                           5225                          1.7333298662330399            
66929                         2                             661.6572831606165             157.97589935761587            522                           5110                          1.3822387393989883            
67049                         2                             583.4949987441187             176.93161701960923            590                           4647                          1.5559344122297545            
67052                         2                             661.6572831606164             178.40067096930383            594                           5117                          1.5641174646517557            
67389                         2                             299.89740336465974            105.93309847302686            347                           2345                          0.9225997270930444            
67826                         2                             661.6572831606168             213.77582289141492            712                           5195                          1.882028131229799             
68741                         2                             661.6572831606165             189.16828233841593            628                           5317                          1.6652746797849869            
69955                         2                             661.6572831606165             204.39268470434416            673                           5129                          1.7885587798014466            
70101                         2                             661.6572831606165             164.49522382753884            551                           5321                          1.4474308333165056            
70539                         2                             661.6572831606168             202.27612056651634            676                           5282                          1.7850737858768626            
70610                         2                             661.6572831606164             192.82376054491365            644                           5349                          1.704459084243131             
70757                         2                             32.20561661894207             7.254030565429568             24                            250                           0.06286469344356184           
71338                         2                             661.6572831606167             205.0682534189602             677                           5307                          1.7925989101656405            
72307                         2                             31.818813476772572            9.646484879548934             33                            228                           0.08577787591468508           
72611                         2                             276.71715191097996            84.51175792712827             280                           2184                          0.7424591806584715            
73262                         2                             661.6572831606167             180.6657906073324             595                           5346                          1.5769442119566563            
73309                         2                             661.6572831606164             257.6441445734403             845                           5246                          2.2460828358203404            
73339                         2                             661.6572831606165             234.0526272042593             768                           5306                          2.039861956406342             
73495                         2                             126.76821791054248            44.231670598098795            145                           989                           0.38414799970027647           
73654                         2                             36.39180039669974             7.50380997177108              26                            233                           0.06792157235931705           
74446                         2                             661.6572831606165             206.16409222003423            677                           5261                          1.8045132436022837            
76805                         2                             37.2604488858195              7.218378001969882             24                            241                           0.06442469183354771           
77232                         2                             661.6572831606163             218.31432698304027            721                           5537                          1.9121278711236414            
77478                         2                             35.82551725386851             9.966897022153631             33                            277                           0.08690965632703142           
77616                         2                             661.6572831606165             258.91412401124995            866                           5334                          2.281665225976954             
78282                         2                             661.6572831606165             231.9343536050772             770                           5231                          2.0332301881560033            
79191                         2                             109.2047383285274             28.465936036989586            93                            847                           0.2497589604774467            
80100                         2                             122.66141981228157            34.61628941336079             119                           912                           0.31056934676726616           
80157                         2                             661.6572831606165             198.5399294804973             650                           5324                          1.7261149479475804            
80553                         2                             661.6572831606167             167.87364528397276            550                           5196                          1.4596721409354194            
81209                         2                             661.6572831606165             177.7710326706437             589                           5316                          1.5614953334326742            
81839                         2                             514.483785158024              126.0019558156551             424                           4057                          1.1147342049910591            
85525                         2                             661.6572831606167             187.55771811772323            621                           5122                          1.646046661062999             
85823                         2                             212.55991271525514            60.72964944027735             203                           1583                          0.5340132795014043            
86450                         2                             476.419050613588              104.00100451921112            356                           3552                          0.9264639302650786            
86771                         2                             661.6572831606165             169.89618663843538            565                           5226                          1.494730042504022             
86805                         2                             661.6572831606167             184.2253858659278             605                           5184                          1.610334038077625             
86960                         2                             450.7866014567489             128.81178860579146            434                           3667                          1.1441056407508832            
86974                         2                             578.2804222490787             144.12583271152238            473                           4835                          1.259161040741413             
87147                         2                             355.88507568562994            108.15688411119326            359                           2867                          0.9493055434249049            
87328                         2                             661.6572831606165             264.81623909724294            888                           5447                          2.344253197964871             
87603                         2                             31.81867413066223             7.391147648078882             25                            219                           0.06516347572524812           
88023                         2                             661.6572831606168             206.61025306260538            685                           5440                          1.8114086661433426            
88187                         2                             661.6572831606165             200.07399265045365            668                           5265                          1.761721056385316             
88866                         2                             661.6572831606169             224.8863239164783             751                           5478                          1.9881560544654562            
89072                         2                             661.6572831606167             190.88507260606522            638                           5233                          1.6793609493868744            
89334                         2                             32.20584130023235             7.387607092242674             24                            254                           0.06402660480707087           
90139                         2                             301.12034093833006            91.61188952027862             300                           2413                          0.7950162138350874            
90200                         2                             661.6572831606165             191.92612123829633            630                           5292                          1.6808496565448832            
90253                         2                             85.84100490762735             27.278431902298927            94                            653                           0.24468060209681577           
90536                         2                             661.6572831606165             191.41825641723554            643                           5328                          1.690888375559679             
90645                         2                             140.90199452752773            35.10284395748309             117                           1091                          0.30840604282337486           
90785                         2                             224.95333453325674            56.75177282416252             188                           1841                          0.49659625960704973           
90996                         2                             661.6572831606169             203.98383811883133            673                           5338                          1.7883326117876504            
91231                         2                             30.85863110939642             6.832404049047571             22                            212                           0.05901804077008222           
91512                         2                             510.6993386244876             174.02682347154476            579                           4135                          1.5288339219045741            
92405                         2                             32.205496960487466            7.32509862576864              28                            225                           0.06981743793840998           
92634                         2                             661.6572831606165             200.31620396442452            659                           5345                          1.7571861858814581            
93202                         2                             32.20545192513447             9.00217194169065              30                            204                           0.07938645514434309           
93835                         2                             661.6572831606165             260.5269736771101             868                           5371                          2.301284744423722             
94289                         2                             661.6572831606167             188.32629991332072            616                           5248                          1.6362985886876968            
94374                         2                             661.657283160617              196.72392282886037            657                           5265                          1.7368056952396422            
94381                         2                             487.2305537013691             131.40605674322248            438                           3794                          1.1537356135081356            
94609                         2                             661.6572831606168             188.35873310576665            628                           5052                          1.6584399847104363            
94778                         2                             586.9909016642861             177.36774231757627            583                           4762                          1.555055046410492             
94787                         2                             521.3454262246732             134.61846910241977            452                           3997                          1.1942639117157003            
95154                         2                             661.6572831606164             192.95642736941852            641                           5116                          1.6964412812599692            
95263                         2                             36.392191486575115            10.33732328578946             35                            276                           0.091853456140166             
95396                         2                             274.79368169939244            95.6101434059201              308                           2214                          0.8221233786639784            
95610                         2                             661.6572831606165             201.15604098643712            666                           5333                          1.7705357560301556            
95825                         2                             661.6572831606168             267.2567079656336             885                           5282                          2.3425987757105213            
96115                         2                             613.6943788010494             179.50406217950896            588                           4918                          1.5690494072132908            
97112                         2                             34.306186766339344            7.154490996432276             23                            255                           0.06167804487246651           
97766                         2                             661.6572831606165             176.99433495706208            581                           5194                          1.5423390610153713            
97820                         2                             661.6572831606163             241.177836336255              800                           5074                          2.1136467914866555            
98403                         2                             661.6572831606167             201.33700932792237            658                           5404                          1.7532357924745683            
201                           3                             661.6572831606167             154.9286125578463             526                           5475                          1.3778637037070387            
1530                          3                             661.6572831606168             162.19537138688358            537                           5209                          1.4153214334485424            
1886                          3                             154.74331195565398            41.75296846393922             137                           1291                          0.3619318342691277            
2634                          3                             260.32016486901296            66.26184144381902             214                           2049                          0.5729092335724729            
2874                          3                             661.6572831606165             155.75586807960246            515                           5194                          1.360016253253252             
2987                          3                             661.6572831606162             148.0236901136042             492                           5242                          1.2939863957115634            
3400                          3                             661.6572831606167             152.89779639053089            504                           5182                          1.343129443765053             
4184                          3                             149.5127353066063             38.15692163215866             125                           1207                          0.3298619180134194            
4759                          3                             240.08213629159286            54.109513171938865            175                           1805                          0.46867344706712155           
5001                          3                             29.53037211825604             5.473877592822673             19                            219                           0.04888912048995439           
5236                          3                             661.657283160617              161.8009355138802             528                           5078                          1.4080152172975038            
6167                          3                             661.6572831606168             160.28145428142724            533                           5086                          1.4092277572409992            
6360                          3                             661.6572831606168             162.6793953332569             542                           5372                          1.4260475306331513            
6949                          3                             318.27199768306014            68.27776374728536             226                           2499                          0.5948942502135377            
6979                          3                             661.6572831606168             163.3580874165789             541                           5475                          1.4307509300656107            
7483                          3                             499.2753996328554             131.0486624307906             432                           3910                          1.1462943597915782            
7512                          3                             255.68961605356952            62.62743666881778             210                           2019                          0.5535029002056499            
8039                          3                             661.6572831606161             157.50595638900054            516                           5432                          1.3708202697495542            
8163                          3                             369.8629365925395             85.48103930474997             283                           2971                          0.7513009511437282            
8669                          3                             661.6572831606165             155.89994792230718            514                           5181                          1.3656239386868259            
9326                          3                             661.6572831606163             152.85298554798965            513                           5264                          1.356286313745758             
9369                          3                             245.00207888042047            54.74604153490589             187                           1759                          0.485163300618491             
10592                         3                             661.6572831606165             153.797780440315              509                           5257                          1.34064182875312              
10599                         3                             567.335260642176              130.6812714722828             423                           4501                          1.1317012091394723            
10924                         3                             552.9480561732681             124.60741557570938            410                           4215                          1.0864688716468043            
10938                         3                             250.37562565436718            55.42797876399139             185                           1929                          0.48652765059122216           
11195                         3                             661.6572831606163             163.04774438092605            546                           5392                          1.438119633046348             
11285                         3                             661.6572831606165             153.76151924744389            510                           5175                          1.3484157684842417            
11561                         3                             661.6572831606167             157.53410021094388            526                           5374                          1.389988974155718             
12441                         3                             630.5240667195669             140.4342268975973             461                           4859                          1.218056763359209             
12564                         3                             473.9499694180246             102.90760761721052            341                           3765                          0.8983128211364041            
12855                         3                             35.65178484084175             6.724537783813634             21                            245                           0.05829921239278445           
13204                         3                             335.9887244916216             83.60487953005224             274                           2781                          0.7292306911120634            
13259                         3                             661.6572831606167             163.20666471168136            544                           5513                          1.4374167416091264            
13594                         3                             661.6572831606167             157.7365601759515             522                           5406                          1.381568316180142             
13806                         3                             521.9725170634673             121.5220736420856             410                           4104                          1.074443686050378             
14259                         3                             661.6572831606164             153.9924262367053             507                           5368                          1.3477198970335285            
14315                         3                             301.7339486551739             72.51975722504814             243                           2424                          0.6401548467863586            
14940                         3                             661.6572831606163             155.42755541090636            515                           5223                          1.364934255823332             
15496                         3                             661.6572831606165             155.68741666774653            509                           5223                          1.3553422173496936            
15620                         3                             661.6572831606164             148.6229957661349             492                           5008                          1.3048618060779036            
16184                         3                             661.6572831606165             161.73787544093852            538                           5221                          1.4175943424365767            
16470                         3                             661.6572831606164             163.51891845230713            542                           5440                          1.4307971945854332            
16483                         3                             661.6572831606164             159.82041504459806            517                           5233                          1.377125259947087             
17001                         3                             661.6572831606163             162.6569999491919             535                           5249                          1.4163356009926544            
17222                         3                             661.6572831606165             163.17987655179653            546                           5392                          1.4366357302268744            
17282                         3                             661.6572831606164             149.24344557825853            495                           5324                          1.3089670863020575            
17691                         3                             387.7294514680691             84.12830973084748             277                           3060                          0.7345399777543529            
19100                         3                             661.6572831606163             159.4461603199678             532                           5250                          1.4049288563059803            
19361                         3                             32.20575343643573             8.077761873192374             25                            242                           0.06824610153136657           
19565                         3                             661.6572831606165             151.93869271665753            507                           5010                          1.3361912950029518            
19686                         3                             21.844558725529478            3.1262499245393136            10                            142                           0.026533890117988197          
19882                         3                             661.6572831606167             154.49284466774463            512                           5358                          1.3504347915689197            
20517                         3                             661.6572831606167             159.322371443632              534                           5358                          1.403473346727382             
20568                         3                             35.27770979371725             7.175415935479902             22                            276                           0.06114081224737557           
21037                         3                             32.205393657352495            7.026586076038062             23                            231                           0.060594342205123324          
21451                         3                             661.6572831606163             156.02629348897844            518                           5217                          1.367875479131702             
21900                         3                             661.6572831606164             150.46822104170758            500                           5032                          1.320484520041789             
21983                         3                             437.03101135417523            106.61878791408003            355                           3430                          0.9401002866686187            
23386                         3                             73.039                        15.993419727963996            53                            550                           0.13984626527118135           
23432                         3                             661.6572831606169             164.49904258581796            541                           5324                          1.4347617458351851            
26014                         3                             661.6572831606165             146.86808169747826            486                           5149                          1.2830367054866245            
26020                         3                             453.3347180438433             105.23085630197201            352                           3560                          0.9280308751503893            
26119                         3                             661.6572831606165             159.44958582556112            526                           5289                          1.3963509333395123            
27005                         3                             661.6572831606165             149.6085017112988             501                           5229                          1.31404101524248              
27760                         3                             661.6572831606164             142.59052272128469            476                           4858                          1.2537051726118071            
27790                         3                             661.6572831606168             152.39731958926387            512                           5229                          1.349136361785711             
28029                         3                             661.6572831606168             162.40341627406985            541                           5276                          1.426565306939187             
28222                         3                             142.58633980165408            31.431832480688353            108                           1109                          0.2795599246058397            
28499                         3                             74.1593003355817              19.609611841098534            63                            598                           0.1700166189587188            
28514                         3                             661.6572831606168             151.03322349295544            505                           5234                          1.3279946423665767            
28675                         3                             661.6572831606164             161.51869513329873            539                           5335                          1.4192990316434702            
28820                         3                             661.6572831606165             161.49792973017495            525                           5198                          1.400483893746746             
28925                         3                             661.6572831606165             145.6785651186404             486                           5238                          1.279705751913954             
30256                         3                             31.818892290936613            7.9922488761193256            27                            236                           0.07043955803951431           
30910                         3                             661.657283160617              156.24709922978278            524                           5340                          1.3761188885434148            
31074                         3                             36.39202833502155             9.259967453037                31                            247                           0.08203627440443378           
31408                         3                             25.98928183541249             7.362993776800807             27                            205                           0.06763246795379083           
31985                         3                             265.3472179477352             62.20121677482524             203                           2114                          0.5420604793078847            
32074                         3                             116.30847160129933            27.66005523716769             88                            845                           0.23696802933922972           
32278                         3                             94.18205873794611             25.28749127222173             85                            719                           0.22320529089532357           
32373                         3                             661.6572831606164             146.09551379247807            480                           5149                          1.2715548431031642            
32702                         3                             661.6572831606165             152.2974972636763             502                           5248                          1.334723386476776             
33226                         3                             661.6572831606163             152.76251981138822            503                           5235                          1.333582631548428             
33376                         3                             286.9633190477319             71.1797430992131              235                           2393                          0.6190275766500521            
33800                         3                             661.6572831606168             149.2279606884566             503                           5266                          1.321360222437574             
34480                         3                             446.6248225187455             107.34732186213857            357                           3423                          0.9393887114775916            
34584                         3                             105.0072083693692             27.15006096022899             92                            855                           0.24133104420560167           
34787                         3                             43.636940603478116            10.517311466167717            36                            349                           0.09322018016553667           
34816                         3                             559.4123956736171             123.39399600376966            411                           4369                          1.0824544692559879            
35382                         3                             661.6572831606167             160.60188531858202            541                           5439                          1.4226234002142015            
35524                         3                             81.98695948128575             18.740100098477036            62                            658                           0.1640674410731878            
36939                         3                             407.5021343817499             96.4963390048432              319                           3267                          0.844414131112839             
37621                         3                             31.818875224288696            7.158112730188383             24                            246                           0.06332640856262692           
37998                         3                             661.6572831606164             156.03920505596136            516                           5110                          1.363044259538825             
38188                         3                             661.657283160616              158.81077279812433            520                           5210                          1.3822797513836558            
38387                         3                             661.6572831606167             159.9731072665834             523                           5183                          1.3952438187288683            
39653                         3                             584.2184563233287             156.3743012510383             516                           4594                          1.360520229626323             
39764                         3                             661.6572831606163             148.18190145162376            499                           5095                          1.3083556162631393            
40278                         3                             661.6572831606167             162.62518882610075            538                           5373                          1.4260671953923314            
40879                         3                             112.12469400603237            25.455256041913266            89                            833                           0.22866382846333064           
41482                         3                             9.282641353672297             3.3042344789732225            10                            70                            0.027032146552462936          
41691                         3                             278.84212290575476            57.63398355395978             196                           2084                          0.5133189206370803            
42987                         3                             661.6572831606167             169.43135936586245            559                           5378                          1.4844355405520515            
43431                         3                             273.46792872865626            62.8047719676824              206                           2131                          0.5470972982716236            
43738                         3                             661.6572831606168             149.7959691455961             498                           5201                          1.3165987741709526            
44148                         3                             661.6572831606167             164.29260494757872            537                           5233                          1.4326421222897965            
44389                         3                             20.861572414886183            5.406785205095035             16                            158                           0.04398641516605821           
44404                         3                             218.48603980800115            47.90499087089294             163                           1728                          0.4262175646045182            
44509                         3                             210.25928676708926            49.77826094597583             170                           1582                          0.44340557873081454           
44673                         3                             586.5932831606161             134.23212322193433            452                           4663                          1.1839611434999497            
44791                         3                             661.6572831606162             152.59956226452817            503                           5359                          1.335965364802071             
44902                         3                             661.6572831606163             172.4800754177443             568                           5369                          1.5048405161786929            
47634                         3                             661.6572831606165             156.63946526796894            521                           5116                          1.3754194799159116            
48166                         3                             661.6572831606165             158.28112000404525            527                           5263                          1.3897207002818983            
49384                         3                             32.20560645648323             7.891143092639241             26                            230                           0.07009364211457611           
50266                         3                             661.6572831606165             167.88675838361462            546                           5319                          1.4536688988440485            
51649                         3                             574.4172649048445             135.46593120195394            441                           4546                          1.1785501655382293            
52250                         3                             643.1644498162727             165.81918471619784            553                           5003                          1.4613363430962631            
52428                         3                             573.5836601443847             129.71978292474458            429                           4541                          1.1325471995227403            
52740                         3                             661.6572831606164             143.21220865607648            486                           5386                          1.2697244079318406            
52782                         3                             661.6572831606167             154.93139779391944            511                           5226                          1.3563128776081603            
53520                         3                             661.6572831606168             158.51520360680158            527                           5355                          1.3940400609296448            
53890                         3                             661.6572831606165             154.94359570440557            513                           5185                          1.3532091665558392            
54168                         3                             661.6572831606164             151.76367012171292            512                           5306                          1.3419651687596934            
56438                         3                             661.6572831606163             144.8585584475617             484                           5192                          1.2770870646347814            
56607                         3                             500.62098438992706            116.48176584513362            385                           4026                          1.0174271395759589            
56909                         3                             155.41820762557612            33.390307015231194            109                           1180                          0.291247528410253             
57093                         3                             315.81276804556745            80.59951060194852             269                           2474                          0.7100194807771977            
57599                         3                             661.6572831606165             166.16498324958496            548                           5354                          1.4476969664315735            
57679                         3                             661.6572831606163             155.43465587017423            512                           5216                          1.3610313576384874            
58416                         3                             661.6572831606163             166.7589708899591             545                           5370                          1.4514718638557795            
58754                         3                             661.6572831606163             162.05837245192788            532                           5320                          1.4097271465117938            
59202                         3                             570.9507724368816             127.33706183044424            426                           4544                          1.1217637163253382            
59264                         3                             445.7443095537552             104.49159975405927            345                           3371                          0.9152852878753057            
59371                         3                             446.1652077773983             100.40060057599709            330                           3659                          0.8744172605126399            
59807                         3                             661.6572831606167             154.30190278388974            507                           5263                          1.348868343069887             
60841                         3                             661.6572831606165             159.08891679236774            527                           5189                          1.3931353446524397            
61052                         3                             553.8445910045978             120.07450306175325            397                           4449                          1.0506971291416543            
61337                         3                             661.6572831606167             143.82217436462219            479                           5180                          1.2627966942844848            
61549                         3                             420.36491551740437            95.5504109477875              315                           3261                          0.83254128868991              
61621                         3                             244.4549050796132             60.729833167483086            200                           1969                          0.5325981968621845            
61663                         3                             179.87359281098               52.673900366536785            176                           1385                          0.4651194295970077            
61844                         3                             661.6572831606162             163.60930516153206            542                           5428                          1.4334894267148144            
62122                         3                             594.3077271284582             145.65918367366402            481                           4674                          1.2787830353370029            
62654                         3                             661.6572831606165             151.9867905396166             505                           5441                          1.3310518951650523            
62681                         3                             661.6572831606167             149.3652821808555             496                           5173                          1.3085325364279266            
62910                         3                             85.47254766887603             21.57581095551426             72                            646                           0.18932488307019557           
62922                         3                             288.9393712287431             68.25192082715927             228                           2200                          0.601289532430284             
62990                         3                             661.6572831606165             151.92664736284632            506                           5305                          1.3358538054810754            
63196                         3                             661.6572831606165             153.34224373675127            501                           5345                          1.3380181891986447            
64617                         3                             661.6572831606167             169.37804930584807            554                           5344                          1.4734613342776415            
64695                         3                             661.6572831606167             157.76593371812766            525                           5096                          1.3898727041223942            
65016                         3                             661.6572831606164             158.95276461419604            524                           5306                          1.38617812579998              
65072                         3                             492.9638191695576             122.55441934521855            404                           3960                          1.066303283526484             
65373                         3                             661.6572831606168             152.98518532603165            507                           5221                          1.3429339013381674            
66350                         3                             410.2102123087543             96.36586433027809             323                           3194                          0.8511509800587586            
66389                         3                             511.5476567616171             126.40505017023507            426                           4228                          1.1180873136892622            
66442                         3                             75.25                         21.262018788271735            73                            580                           0.19036620738187937           
66853                         3                             26.44028117984476             4.197419051757621             14                            190                           0.03648444160581439           
67535                         3                             661.6572831606165             158.98376793416514            525                           5233                          1.3883550903424               
67804                         3                             46.2169753232906              13.102225313649855            45                            379                           0.11734394203524472           
67890                         3                             649.5850740316343             153.2884237011967             497                           5151                          1.3252817753906523            
68630                         3                             661.6572831606168             157.37752217614135            521                           5272                          1.379870102170321             
69007                         3                             661.6572831606167             155.3399699640298             522                           5258                          1.3722544273854285            
69419                         3                             661.6572831606164             156.6093306377344             518                           5224                          1.3723158386313146            
69632                         3                             611.3111702719248             137.17408070588687            454                           4874                          1.2042650526212149            
69827                         3                             661.6572831606167             165.74152453428036            549                           5268                          1.4533479137583036            
70246                         3                             661.6572831606163             157.2219186101039             519                           5311                          1.3751248274081904            
70910                         3                             661.6572831606165             159.92007135069858            532                           5235                          1.4039326989825933            
71072                         3                             661.6572831606165             160.76466597494294            534                           5242                          1.4125555850197813            
71115                         3                             661.6572831606163             140.79353602355712            470                           5062                          1.2415962323309697            
71236                         3                             661.6572831606164             170.536083526959              557                           5409                          1.482861347520707             
71732                         3                             661.6572831606165             157.78956843399877            533                           5458                          1.3963401913303932            
72274                         3                             513.3504169213891             119.85045095877277            387                           4002                          1.0300021490993183            
72302                         3                             644.6306803248234             156.46395953553176            527                           5046                          1.383241881640748             
72742                         3                             661.6572831606167             161.39394899230967            526                           5292                          1.3985789907812782            
73697                         3                             86.64616852477702             18.79678954647825             60                            675                           0.1607169999124427            
74165                         3                             472.0371189800959             104.7142047008936             340                           3671                          0.9083829048818124            
75660                         3                             661.657283160617              161.21898055771274            533                           5230                          1.4134590378254726            
76557                         3                             386.53313061027734            84.8395145926247              280                           2911                          0.7436356146368446            
77097                         3                             661.6572831606164             141.71178543254698            473                           5248                          1.2454907574237333            
77369                         3                             661.6572831606165             152.7431123124482             505                           5314                          1.339974389544617             
78034                         3                             157.00499958115137            32.25984440914289             108                           1242                          0.28426918507798904           
79069                         3                             661.6572831606163             146.68521410844104            483                           5169                          1.277526345792947             
79477                         3                             401.704948458639              90.37196936008597             301                           3127                          0.7946124392651507            
79777                         3                             661.657283160616              161.90975121222414            538                           5325                          1.4259241765483142            
79941                         3                             344.9292132254782             72.77288129018069             245                           2815                          0.6416956158715469            
79979                         3                             395.3496072953586             86.92410445561148             294                           3031                          0.7676285722996479            
80053                         3                             32.00800766246448             7.732373858442881             24                            241                           0.06480516037407458           
80926                         3                             213.6437614191135             47.87599567418963             155                           1611                          0.4130601100423772            
81462                         3                             661.6572831606163             166.39506113726088            545                           5391                          1.4456643486383123            
82011                         3                             122.43155260077714            29.92503424088837             99                            950                           0.26160124803420737           
82115                         3                             563.1357350972926             131.02878214314183            439                           4580                          1.1562040482729607            
83034                         3                             510.2606532221075             131.7988553908151             441                           4086                          1.1601342331053792            
83154                         3                             661.6572831606168             160.96849993403347            539                           5292                          1.42444973328094              
83336                         3                             661.6572831606167             154.45674655321633            516                           5191                          1.35673422802086              
83556                         3                             625.5028477829072             143.51178096737817            488                           5071                          1.2756058893530327            
85315                         3                             661.6572831606165             148.60659875325555            502                           5326                          1.313510312278018             
85502                         3                             203.53902256418223            37.00923093629628             123                           1416                          0.3251717324532833            
85871                         3                             390.77448326618475            94.88296747734769             316                           3221                          0.8332799804612343            
86025                         3                             661.6572831606164             148.0437949335313             490                           5255                          1.2994362327432718            
86102                         3                             94.28179912823097             19.842557697823334            65                            675                           0.17175787639718007           
86196                         3                             661.6572831606163             165.4343666699502             543                           5346                          1.4405047684987413            
86673                         3                             661.6572831606169             157.87434754609401            514                           5108                          1.3667586376532501            
87041                         3                             661.6572831606165             157.7047464912444             522                           5279                          1.3838248196388485            
87708                         3                             661.6572831606165             155.24725809296524            521                           5179                          1.378772727985982             
88310                         3                             584.2502831606166             140.4041983478533             459                           4710                          1.220836408330701             
88715                         3                             32.20584505992176             8.583702941065251             27                            238                           0.072852473274765             
88848                         3                             661.6572831606165             143.49038698159262            475                           5203                          1.2530474906361027            
89205                         3                             661.6572831606165             153.84408147447095            509                           5235                          1.3475416707104744            
90151                         3                             661.6572831606168             150.5946070837853             492                           5205                          1.3125499863047247            
90653                         3                             661.6572831606164             160.18498673417767            532                           5119                          1.4059259442522483            
90849                         3                             203.56574847327838            43.86705825199701             152                           1577                          0.3929267410434926            
90914                         3                             14.256630102956192            2.2555769437029083            8                             115                           0.020437913217297408          
90999                         3                             661.657283160617              152.20772212365236            507                           5302                          1.338326855593377             
91652                         3                             661.6572831606164             142.43679194484307            470                           5124                          1.2462056511176334            
92525                         3                             661.6572831606163             157.02857918347985            535                           5111                          1.3979491619945157            
92734                         3                             661.6572831606163             159.50469815630626            529                           5156                          1.4031253766151877            
92761                         3                             334.90050778874195            77.99786694349706             254                           2703                          0.6789868483316353            
93818                         3                             54.3454633123991              14.05523446795111             45                            416                           0.1215452329824762            
93989                         3                             584.2492222108175             145.1682646289833             477                           4679                          1.2688648134637788            
94744                         3                             661.6572831606163             160.16246757008685            530                           5241                          1.4036016365576294            
94900                         3                             98.17282906135816             21.37528942321614             72                            771                           0.18906288421868128           
96289                         3                             661.6572831606162             158.72892568004647            538                           5290                          1.4054134866229746            
96649                         3                             196.6527273895788             42.68693464320374             140                           1613                          0.37181315971540035           
97756                         3                             661.6572831606165             142.36648823003964            473                           5240                          1.2506723605677683            
97861                         3                             661.6572831606163             145.2369672818419             490                           5184                          1.2839495613734837            
99099                         3                             20.85082068108701             4.066432076589226             13                            159                           0.034975484637848914          
99585                         3                             661.6572831606165             152.86359092548466            512                           5266                          1.350576844496187             
81                            4                             58.068974261741225            15.737253733531954            53                            451                           0.13861389142484812           
102                           4                             661.6572831606162             167.86073325695904            552                           5271                          1.4627878709158133            
548                           4                             661.6572831606164             161.27754366059577            540                           5265                          1.4268779733644492            
1148                          4                             661.6572831606165             167.37379410590617            555                           5170                          1.4629029373268976            
1217                          4                             661.6572831606165             165.1864528034175             547                           5166                          1.4492515578677738            
1453                          4                             597.0374849105292             144.7293368352982             489                           4684                          1.2871389546290681            
1860                          4                             661.6572831606165             154.65698522708388            513                           5114                          1.356829122546012             
1880                          4                             661.6572831606162             161.04842276072597            536                           5263                          1.4146509511872267            
2164                          4                             555.1265686056003             135.31357619187278            448                           4384                          1.1862210993914095            
2390                          4                             285.094066585691              69.81504814092533             232                           2233                          0.6122767119115122            
2677                          4                             368.85683174095345            78.86241666250541             265                           2803                          0.696120718533912             
2721                          4                             661.6572831606165             163.91564963131677            540                           5082                          1.4281237621421052            
4309                          4                             661.6572831606165             168.76901860869856            559                           5291                          1.4819370587769314            
4323                          4                             661.6572831606164             146.13915257735545            484                           5187                          1.2810843955121314            
4497                          4                             335.5692689026499             81.09242748732308             267                           2420                          0.7104083508440169            
4718                          4                             661.6572831606163             166.46502130366758            544                           5153                          1.4503800846551926            
4967                          4                             95.02626100358155             24.006464567387155            81                            760                           0.21460138873922774           
5038                          4                             661.6572831606163             162.00120043843592            535                           5217                          1.4176729946875164            
5111                          4                             432.59102686528985            100.60996126485477            333                           3403                          0.8810144454288118            
5219                          4                             661.657283160616              162.37403776458294            536                           5339                          1.4195922414436082            
5670                          4                             160.96846116164508            40.27304603730676             133                           1198                          0.35013316574440256           
6270                          4                             214.5023071097582             43.55266929447753             146                           1623                          0.3839962911180076            
6376                          4                             661.6572831606165             151.23285200313364            502                           5230                          1.3310493819623246            
6720                          4                             661.6572831606165             170.49950339402727            556                           5304                          1.4812936831093593            
6940                          4                             111.84532609609462            28.955616564069967            91                            828                           0.24523060412696326           
6957                          4                             661.6572831606165             164.6964610142519             546                           5288                          1.4438498652189513            
7537                          4                             661.6572831606165             168.02203383996115            556                           5227                          1.4703792328480139            
8103                          4                             661.6572831606168             168.78028505797138            558                           5450                          1.474576240669537             
8892                          4                             566.9582341775325             135.3306122292794             456                           4421                          1.1946167306759463            
9532                          4                             164.67604571093509            48.34660778182125             161                           1327                          0.42329523108146927           
9645                          4                             661.6572831606162             162.24931251368537            541                           5253                          1.42832643797214              
9834                          4                             661.6572831606164             159.52070595288328            526                           5256                          1.3995445309344525            
9843                          4                             16.76364150710086             5.935243108374123             19                            122                           0.050670195822187694          
10208                         4                             257.0691067278099             66.3039451726273              222                           1929                          0.5837143928414876            
10661                         4                             661.6572831606167             152.41397035009794            500                           5182                          1.3284138560059429            
10747                         4                             661.6572831606163             159.24655386036628            530                           5198                          1.3998425546127649            
11195                         4                             661.6572831606163             159.9609092015511             535                           5150                          1.4138867303739493            
11284                         4                             531.4898174779848             117.88078541645547            396                           4063                          1.039738185230572             
11352                         4                             544.6781435902084             135.82503211202433            450                           4267                          1.1881234733981596            
12445                         4                             661.6572831606167             165.35603291886804            540                           5282                          1.4422544329335159            
13178                         4                             661.6572831606162             157.94115613150143            526                           5127                          1.3901435464403018            
14311                         4                             658.2336635145155             173.67159185311965            576                           5122                          1.5169731423556092            
15038                         4                             511.4327469000435             131.85628423093064            437                           4123                          1.1518196533984768            
15040                         4                             661.6572831606168             160.12446954887636            536                           5141                          1.4088573500413388            
15044                         4                             36.316793481313226            5.405038393939339             19                            236                           0.04877245023080863           
15203                         4                             239.56556178184638            54.21299931803559             178                           1861                          0.47372992045273987           
15212                         4                             661.6572831606167             156.9849616915882             516                           5123                          1.3711293815173837            
16606                         4                             661.6572831606165             160.40113702061174            538                           5428                          1.4137668599142965            
16796                         4                             661.6572831606161             173.60977333653585            580                           5275                          1.5305049521242124            
16826                         4                             32.205406287465465            6.936931013052326             24                            233                           0.06365092072041148           
17336                         4                             661.6572831606165             152.04926555406058            507                           5200                          1.3392678817466592            
17600                         4                             661.6572831606164             158.92425047417228            528                           5304                          1.3963236524659206            
18618                         4                             661.6572831606165             150.32493842687373            495                           5068                          1.311133078883269             
18714                         4                             585.998328525493              154.9479826083176             511                           4654                          1.3527032915972779            
19405                         4                             56.77173933981373             12.962156704078067            42                            426                           0.1117712018142719            
19665                         4                             661.6572831606163             160.62146054206147            535                           5361                          1.4095812941877117            
19820                         4                             661.6572831606164             157.4571400034199             523                           5362                          1.3784069024236942            
20099                         4                             44.31478162703183             10.175585920986622            34                            317                           0.0895158394570894            
20489                         4                             147.19948981560466            30.95998819884376             106                           1062                          0.2774187629996622            
21452                         4                             174.06937923020797            41.8242014134022              138                           1466                          0.36550413074190224           
21776                         4                             661.6572831606159             158.86349691723345            526                           5320                          1.388362159382245             
21801                         4                             661.6572831606165             165.23949215313783            539                           5066                          1.4322354727062558            
22273                         4                             36.39217989211886             10.925389258571194            35                            264                           0.09395576058641911           
23404                         4                             661.6572831606167             166.4902018854496             551                           5251                          1.4547736440450714            
23766                         4                             78.07383901624654             18.17663598055776             61                            627                           0.1602357565893981            
24131                         4                             661.6572831606164             167.511202732473              545                           5233                          1.45116447728229              
24418                         4                             661.6572831606165             163.55970744242862            542                           5250                          1.4296388998830332            
24638                         4                             661.6572831606167             148.7366917672801             490                           5292                          1.3014707077453531            
24757                         4                             661.6572831606163             165.78562611604715            548                           5333                          1.4530108622548359            
25720                         4                             324.13467299563075            83.09680151919288             276                           2533                          0.7295943074390963            
27133                         4                             617.0859167949131             160.20960476580242            532                           4987                          1.4065331103979561            
27564                         4                             661.6572831606165             165.42825936117538            546                           5306                          1.447992078238693             
28332                         4                             185.88245148862103            48.131139731568915            160                           1448                          0.4245467696410834            
28460                         4                             97.46076050707875             23.36532539603919             74                            695                           0.20026922344399656           
28647                         4                             466.8090238961979             109.50779155816146            364                           3461                          0.9614164249804534            
29626                         4                             661.6572831606165             174.13674385488022            571                           5314                          1.525624252518992             
29782                         4                             661.6572831606163             161.87418149402689            537                           5267                          1.4209994845275262            
30386                         4                             83.03761041224331             19.202936428860674            63                            586                           0.16578024493196047           
30822                         4                             661.6572831606161             155.97977796378436            514                           5342                          1.3623399211916865            
31594                         4                             661.6572831606164             176.16080115786966            570                           5129                          1.520330880328253             
32328                         4                             71.03849508365147             19.818998958773015            64                            592                           0.17156461442238471           
32559                         4                             661.6572831606165             165.89490516130044            545                           5215                          1.4516281503738835            
32893                         4                             32.205409042548425            11.170191393560634            36                            252                           0.09746114938692964           
32962                         4                             661.6572831606161             169.27874272298666            565                           5303                          1.4872299624851406            
33517                         4                             173.28679551985368            40.666166292909445            135                           1296                          0.3561825673737864            
34482                         4                             661.6572831606168             155.38839843940153            519                           5334                          1.3690956354368025            
34525                         4                             32.205664249776234            5.205068004826536             17                            241                           0.04497760423653696           
34635                         4                             38.510771188585366            9.928282647332779             32                            310                           0.08576088561873599           
35101                         4                             366.5358684585978             99.75071338741807             326                           2971                          0.8660198835760428            
35269                         4                             661.657283160617              164.45760322556467            544                           5355                          1.440791267943824             
35777                         4                             661.6572831606164             161.66792205771313            549                           5260                          1.4344422136933392            
36043                         4                             661.6572831606164             169.75838994664167            565                           5382                          1.4921550579095961            
37447                         4                             661.6572831606165             151.67789728884463            506                           5192                          1.3321900543052274            
37534                         4                             509.73677794080066            126.89335858348682            416                           4111                          1.1032972187401773            
37642                         4                             661.6572831606167             150.52459849824655            508                           5190                          1.3315836256431508            
37700                         4                             618.8900199932003             145.3145317109582             488                           4893                          1.281962228451432             
38305                         4                             11.88173216123937             3.364086975908738             11                            103                           0.02874776370653743           
39088                         4                             661.6572831606168             164.16929934592852            544                           5260                          1.445512737517931             
39164                         4                             186.90408575036386            51.28223672750441             172                           1501                          0.4522851899857379            
39546                         4                             661.6572831606168             152.46009523714085            499                           5197                          1.3270670394885011            
39876                         4                             210.80811744082047            52.08450100998494             167                           1671                          0.44900855442115384           
41449                         4                             661.6572831606164             172.40759782109123            569                           5304                          1.504667813523794             
41918                         4                             634.5362905309344             155.89521762628868            512                           5154                          1.3577856330468314            
41936                         4                             661.6572831606165             161.7119330177711             541                           5350                          1.4220128318402585            
42861                         4                             661.6572831606163             179.55096412637525            592                           5220                          1.5693191605233812            
43305                         4                             59.36055555249181             14.387954177959253            49                            441                           0.12840833675731106           
44087                         4                             512.5959437125275             122.14964103751437            405                           4080                          1.0703032949659528            
44293                         4                             661.6572831606165             177.69850718862432            587                           5356                          1.5547414830381532            
44660                         4                             661.6572831606167             158.11131778953978            530                           5255                          1.3940463273019712            
45250                         4                             514.9265250710716             136.91373537018433            452                           4140                          1.1978274340479942            
45893                         4                             485.73804169348864            126.0132702209385             417                           3967                          1.103463004342026             
46011                         4                             661.6572831606162             163.12726509848034            542                           5285                          1.4326194876381466            
46357                         4                             661.6572831606168             177.24172662925912            586                           5316                          1.5499275750389703            
46853                         4                             151.39967345439814            34.1739810729518              114                           1199                          0.3001977502088996            
47122                         4                             374.8536738846677             96.54300003069201             314                           2945                          0.8407082365687467            
47648                         4                             108.39388815511317            22.26986593720963             78                            809                           0.201247900575478             
47774                         4                             108.07342025376853            24.406913228596334            84                            857                           0.2186388767754556            
48187                         4                             427.0857168055651             110.6252778458271             372                           3207                          0.9789851251037831            
48537                         4                             661.6572831606165             179.23579916016257            590                           5369                          1.5673228058937676            
48708                         4                             661.6572831606167             162.73465626790212            540                           5145                          1.4278876321393361            
48752                         4                             661.6572831606164             153.29148281303378            516                           5322                          1.3567748451099932            
48890                         4                             252.0296600200542             63.41669753388065             208                           1963                          0.5515337934971916            
49534                         4                             661.6572831606168             164.22471112427323            542                           5186                          1.4387201696193204            
50802                         4                             304.03252353865764            70.66183823781756             235                           2269                          0.6196644116099284            
50865                         4                             661.6572831606168             157.9074486405591             527                           5218                          1.391429828937539             
50885                         4                             661.6572831606164             167.8284663634303             563                           5376                          1.4828044983195254            
51876                         4                             661.6572831606167             159.7237727202639             524                           5238                          1.3896456101798051            
52822                         4                             661.6572831606163             164.36286261707323            547                           5098                          1.4460797846206463            
53582                         4                             661.6572831606162             160.53799165512427            527                           5431                          1.399593370352504             
54508                         4                             661.6572831606162             170.52993049932186            563                           5312                          1.4891501301563799            
54514                         4                             661.6572831606163             148.57063724426658            485                           5131                          1.29088760315057              
55378                         4                             661.6572831606164             144.59997581611952            482                           5173                          1.2710041948403012            
55816                         4                             391.8438100066048             106.5991613778178             360                           2990                          0.9464388063438494            
56381                         4                             661.6572831606163             162.06336207304466            537                           5161                          1.423045158772584             
57428                         4                             661.6572831606165             157.33029146203518            534                           5270                          1.3979151532613896            
57907                         4                             661.6572831606167             177.09885643125273            583                           5335                          1.5482556527546525            
57973                         4                             661.6572831606167             166.23032994413984            564                           5284                          1.473870797518551             
58371                         4                             92.96458646739093             18.84881729735943             63                            700                           0.16503608562235753           
58444                         4                             661.6572831606164             158.35904658213155            526                           5200                          1.390494584075321             
59046                         4                             478.34291279111625            130.73800063860043            434                           3918                          1.1502312508307386            
59135                         4                             661.6572831606164             169.64900547679193            562                           5388                          1.4887655187018773            
59155                         4                             661.6572831606163             149.16974530593419            497                           5144                          1.314252348649585             
59259                         4                             661.6572831606165             171.95438640869813            563                           5302                          1.4944022837584083            
59414                         4                             505.179758885392              125.73813985636168            417                           3918                          1.100839079204491             
59853                         4                             482.5670968626175             116.76119159557781            384                           3869                          1.0181267137952188            
59905                         4                             201.66558313473774            43.00295018653715             140                           1534                          0.3724921464065767            
59984                         4                             661.6572831606169             166.53381207932046            557                           5346                          1.4673883074438647            
60821                         4                             661.6572831606164             181.32796579186288            601                           5430                          1.592928511132295             
60886                         4                             661.6572831606164             179.0639754247734             592                           5274                          1.5718791227548867            
61101                         4                             661.6572831606167             151.5261346056378             501                           5415                          1.3251976607729488            
61360                         4                             651.287175474417              158.09086049419784            534                           5037                          1.4004752716505233            
61949                         4                             661.6572831606167             146.10468073719647            475                           5064                          1.2662277762738225            
62319                         4                             661.6572831606165             154.4080204496237             510                           5247                          1.3494135414548667            
62418                         4                             661.6572831606165             160.09020585567282            528                           5289                          1.4010742470161572            
62603                         4                             390.5186857738054             91.01147077923173             302                           3246                          0.7980947079134822            
63361                         4                             661.6572831606165             159.082583762973              523                           5160                          1.3868756977317294            
63757                         4                             661.6572831606165             158.2378394562471             521                           5460                          1.3821995297488616            
64491                         4                             661.6572831606168             164.66691851429425            547                           5246                          1.4469185645309932            
64819                         4                             661.6572831606169             163.58896365724445            543                           5326                          1.4315999004337494            
65134                         4                             661.6572831606167             178.90355188167794            594                           5266                          1.5669529980396328            
65423                         4                             600.4853913434407             125.45465178511682            420                           4649                          1.1067295577804677            
65654                         4                             204.11746623756088            47.7795615349574              154                           1569                          0.4104712100790381            
65689                         4                             150.41553818937277            37.49138641826907             123                           1132                          0.32713005108785986           
65958                         4                             351.9575086759417             83.53297599721195             276                           2906                          0.7307894041626057            
66129                         4                             661.6572831606165             154.91363867549316            523                           5297                          1.3737417231111646            
66146                         4                             661.6572831606163             154.2823587339231             525                           5350                          1.3716801555201528            
67286                         4                             661.6572831606165             162.87191245379614            554                           5299                          1.4459791169874654            
67302                         4                             584.096562073978              140.19706551792382            470                           4633                          1.2390743626971799            
67459                         4                             661.6572831606167             165.72068023411433            545                           5394                          1.4458452391781873            
67806                         4                             661.6572831606162             161.02945435655172            540                           5206                          1.4205206337685452            
68170                         4                             661.6572831606168             159.7007753195082             526                           5290                          1.3963972391274078            
69449                         4                             661.6572831606168             157.00517595036217            513                           5047                          1.3677099664392844            
69551                         4                             661.6572831606164             161.38272423586164            532                           5283                          1.4099565012310293            
69908                         4                             661.6572831606163             177.4322096589627             582                           5518                          1.5434662662966052            
70363                         4                             335.73632171489413            84.05179702854149             281                           2531                          0.7361669857398394            
70474                         4                             661.6572831606165             167.23353101446395            552                           5247                          1.4611324013941074            
70558                         4                             551.4495296211088             140.8480261876072             467                           4273                          1.2359200050657084            
71254                         4                             661.6572831606165             163.40504319915152            539                           5145                          1.4268410272465393            
72522                         4                             661.6572831606168             146.32299659318045            491                           5060                          1.288040821716531             
73011                         4                             148.4033190402742             38.454850685113186            123                           1173                          0.32837698788390013           
74190                         4                             127.71721063709339            29.111311113594297            99                            1025                          0.2602420889801546            
74428                         4                             520.7576955564475             123.263025512369              414                           4081                          1.090252997409201             
75330                         4                             25.413061517221003            5.403341314352623             17                            156                           0.04548758013580656           
76006                         4                             661.6572831606165             169.75297971003678            555                           5293                          1.4845468793528078            
76228                         4                             661.6572831606167             169.43926081621157            563                           5364                          1.4850290209960773            
76820                         4                             36.39200251770592             6.526711152607464             21                            271                           0.056113942298412815          
76930                         4                             260.8030208599074             65.97692982456991             217                           1991                          0.5749382441889139            
77294                         4                             661.6572831606164             171.69451834381516            571                           5358                          1.50404276980391              
77320                         4                             337.8626825577683             77.98919402323288             256                           2490                          0.6811290408775118            
78049                         4                             661.6572831606167             174.416386436877              582                           5460                          1.5298131039811493            
78270                         4                             32.20570403994967             5.9861492201014554            21                            227                           0.053690675024765835          
78892                         4                             97.1358762057398              18.28774390262368             64                            628                           0.16581504576541034           
79364                         4                             335.6365255006758             77.42779122293095             262                           2522                          0.6858617804335058            
79401                         4                             297.33788299609216            73.9981608916394              242                           2310                          0.6413068775317345            
79519                         4                             661.6572831606165             162.6442722451238             538                           5274                          1.4212883398469485            
80410                         4                             661.6572831606168             157.77339744913428            520                           5154                          1.3780254210914218            
80936                         4                             661.6572831606169             157.94836824145165            533                           5370                          1.4016697078712044            
81453                         4                             102.61599936511692            24.005418327197788            78                            755                           0.20670271623706818           
81622                         4                             606.2178572318091             151.53116603101842            507                           4777                          1.3352383527656149            
81835                         4                             426.60845261167606            108.46886752320901            351                           3412                          0.9396776550497279            
81860                         4                             661.6572831606165             184.45075133718845            604                           5402                          1.6041732647232134            
82763                         4                             661.6572831606165             159.99745772242437            537                           5222                          1.4096013915875323            
82779                         4                             661.6572831606165             150.14596291237078            504                           5270                          1.326203433116894             
82812                         4                             661.6572831606165             171.84864552161008            570                           5353                          1.5116171083185868            
82954                         4                             343.6445323396215             75.31327741837046             253                           2403                          0.6668009803657633            
83097                         4                             661.6572831606165             164.13738705104024            535                           5320                          1.4285863114872768            
83289                         4                             661.6572831606165             164.01975565287995            553                           5270                          1.4511749162901746            
85043                         4                             113.85578834058009            28.013110292682835            93                            847                           0.24552873002277156           
85443                         4                             661.6572831606164             162.65030407658634            538                           5294                          1.4219432063399964            
85940                         4                             661.6572831606168             174.8291864878332             574                           5261                          1.5302495069542905            
86002                         4                             452.34587286231397            116.73921683904625            397                           3792                          1.0397349260174384            
86438                         4                             218.83766189366986            58.34992691522469             194                           1725                          0.5120488120670819            
86893                         4                             78.38162897797307             17.914583462042362            61                            589                           0.1601852801509029            
87088                         4                             661.6572831606164             169.80421985162604            561                           5188                          1.4863352591158117            
87106                         4                             204.04818226421148            62.497194199991704            207                           1657                          0.5490604397280148            
88085                         4                             661.6572831606164             166.05317772776337            554                           5296                          1.4607313813206084            
88464                         4                             417.42666288512976            102.50681711269024            343                           3312                          0.905191189381428             
88526                         4                             75.25                         18.583471468362802            61                            604                           0.162440476238184             
88738                         4                             661.6572831606164             161.7292610650461             532                           5255                          1.4075818145475276            
88898                         4                             661.6572831606165             164.429524320493              553                           5250                          1.4541469047778135            
89017                         4                             462.01403899100893            117.96463533511897            391                           3650                          1.031074545890922             
89103                         4                             661.6572831606164             172.98257650063582            573                           5233                          1.5184921365915547            
89315                         4                             31.81890801250936             6.41304747549416              20                            212                           0.05403227223937866           
89341                         4                             32.20567200601748             8.364114497057116             27                            244                           0.07167479306338914           
89439                         4                             186.4663097439892             44.77184415619292             150                           1420                          0.396252601154975             
89597                         4                             507.08673361782104            126.27305681231636            417                           4005                          1.1009059117353297            
89613                         4                             661.6572831606164             150.80274182672164            506                           5325                          1.3285362378886147            
90011                         4                             92.0077964145298              21.476167833212642            69                            692                           0.1856836626239777            
90466                         4                             206.57563755324867            52.98973621186701             176                           1667                          0.46421074942259244           
90745                         4                             661.6572831606167             161.81392318636466            537                           5338                          1.4190601696040064            
91468                         4                             661.6572831606169             165.50323218162055            547                           5428                          1.4494342710605592            
92403                         4                             661.6572831606164             167.79820908001966            545                           5131                          1.454066643981058             
92762                         4                             661.6572831606168             158.34187752491604            533                           5303                          1.4037959628055665            
93026                         4                             661.6572831606165             160.79652156135518            534                           5353                          1.4124602821212962            
93147                         4                             661.6572831606165             141.98972013773496            470                           5014                          1.243032851798834             
94327                         4                             251.326681938906              58.84845510543052             194                           2007                          0.513538296717458             
94705                         4                             661.6572831606167             169.7539606235311             557                           5335                          1.4744763608691402            
95210                         4                             661.6572831606167             153.37691514437188            509                           5054                          1.342112618747627             
95718                         4                             661.6572831606167             173.94874777870703            572                           5114                          1.5170734767524787            
96278                         4                             661.6572831606165             162.29677607813687            534                           5370                          1.4129118251814066            
96638                         4                             661.6572831606168             172.91257076688476            575                           5259                          1.5172158707119334            
96864                         4                             661.6572831606164             158.21502337926302            523                           5174                          1.3806831743134387            
96917                         4                             661.6572831606164             150.87383253705428            499                           5329                          1.3165762320693104            
97272                         4                             661.6572831606168             162.06926748067255            539                           5511                          1.4266568548676952            
97491                         4                             110.42660073510194            21.420582565994746            71                            847                           0.18659480451322577           
97906                         4                             661.6572831606167             165.39460727228504            550                           5440                          1.4517933518955886            
98673                         4                             139.1208176251689             39.77585515491414             128                           1111                          0.3420643533506813            
98714                         4                             522.9652161802139             131.81122655849063            443                           4180                          1.1608337403744264            
99166                         4                             661.6572831606168             170.16483151313824            572                           5181                          1.5026678441090766            
99599                         4                             540.6384002543547             122.66794552052204            407                           4224                          1.0757738743148095            
99719                         4                             661.6572831606163             164.29868684449033            550                           5268                          1.4467185806585983            
333                           5                             661.6572831606167             165.9854236002574             550                           5267                          1.4558303560754209            
822                           5                             661.6572831606163             170.90085898512535            564                           5306                          1.4903237798454891            
1009                          5                             661.6572831606162             155.76867123813187            519                           5230                          1.3707585844407961            
1361                          5                             661.6572831606167             177.54265411447804            591                           5250                          1.5611167136773005            
1397                          5                             8.449491939123808             0.9900307678160001            3                             56                            0.008115383905729964          
1446                          5                             661.6572831606167             167.74856364579563            552                           5085                          1.4666926878265076            
1526                          5                             661.6572831606165             174.44786344201393            577                           5197                          1.5295080580884028            
1924                          5                             191.25165821751136            47.19726439174906             155                           1430                          0.4091555955874832            
2664                          5                             647.9297280197248             164.54539887282252            549                           5141                          1.4479298778946326            
2700                          5                             661.6572831606165             174.11166628288373            570                           5264                          1.5203841015697281            
3272                          5                             387.8467166223639             103.95851783728442            346                           3100                          0.9163326853093093            
3508                          5                             661.6572831606165             152.3846942696121             506                           5101                          1.3373180068270052            
3910                          5                             661.6572831606168             167.4458582118439             549                           5167                          1.4589584125184794            
4591                          5                             661.6572831606163             154.0514867343677             509                           5262                          1.3525573976607783            
4779                          5                             616.9832584202884             142.45045991288953            468                           4891                          1.2396817078286846            
4802                          5                             661.6572831606165             177.35468981400072            590                           5512                          1.557746453101422             
4805                          5                             37.26063912332822             8.412329985715392             28                            260                           0.0748424646361256            
4812                          5                             424.15209694898664            104.99679711001734            350                           3274                          0.9223913579815558            
5105                          5                             661.6572831606165             148.98085837964035            498                           5104                          1.308550492814848             
5153                          5                             661.6572831606165             156.4451993288314             522                           5193                          1.37480159153835              
5649                          5                             661.6572831606167             174.64315616073804            583                           5294                          1.5339883769863862            
5692                          5                             661.6572831606168             153.30837558244923            501                           5192                          1.3347218974452255            
5725                          5                             661.6572831606163             162.2766423399811             531                           5244                          1.41313578382144              
5865                          5                             599.1182051036706             150.18132563624573            499                           4708                          1.3174826071248296            
6469                          5                             32.20577642704998             4.484593485296884             15                            223                           0.03910917438485911           
7513                          5                             661.6572831606165             169.36517736991465            566                           5388                          1.4922798660262435            
7700                          5                             661.6572831606165             174.93926331105288            587                           5297                          1.5454441527260898            
8199                          5                             661.6572831606164             168.6626160332721             555                           5172                          1.470383108494381             
8974                          5                             462.6318337286273             110.63831300752946            369                           3561                          0.9685876146282189            
9076                          5                             661.6572831606165             175.0528594009295             577                           5152                          1.5301406247154623            
10327                         5                             661.6572831606165             166.32804155462753            555                           5218                          1.4597885816821585            
10850                         5                             661.6572831606168             166.09115861492984            552                           5122                          1.4573867533280966            
10853                         5                             661.6572831606164             170.1972188195264             560                           5089                          1.4907384683898317            
11182                         5                             661.6572831606164             165.10438097724844            550                           5312                          1.4556179740182782            
11916                         5                             32.20546141742429             5.949040629009175             20                            211                           0.05263767820827548           
12047                         5                             231.31644148509545            59.092753194639634            196                           1803                          0.5195572456101246            
12094                         5                             661.6572831606165             176.29714402113564            588                           5261                          1.5494216122168072            
13163                         5                             661.6572831606167             171.18400915386857            567                           5231                          1.5064126049501612            
13529                         5                             661.6572831606167             166.23716656515757            551                           5186                          1.4596318859112558            
13950                         5                             661.6572831606167             172.87362579877185            573                           5204                          1.518570879357467             
14891                         5                             661.6572831606162             166.70925809375584            549                           5341                          1.4566827113004126            
14911                         5                             135.61941679190153            31.439191940729017            105                           1083                          0.2770633731516474            
15398                         5                             548.3847141090486             134.41837473328158            453                           4428                          1.1892579054437504            
15687                         5                             661.6572831606167             160.61998640026056            531                           5230                          1.410263806311098             
15777                         5                             661.6572831606168             172.48724886070397            573                           5245                          1.5149798480393373            
16209                         5                             36.31679296386426             8.058371915893256             27                            244                           0.07010083476509239           
16411                         5                             433.4271061033595             107.90619357938763            354                           3421                          0.9408755998332924            
16620                         5                             32.20557243334513             6.040999302440376             20                            184                           0.05257782920316361           
17741                         5                             407.0244326638066             102.72415005906343            346                           3323                          0.9078123511864008            
18273                         5                             32.20568892549454             6.247988546091184             22                            206                           0.057165956510029536          
18398                         5                             573.9921831606165             147.1304429716027             482                           4583                          1.2781581009286165            
18465                         5                             661.6572831606163             160.20710100121892            530                           5370                          1.4078850729852157            
18753                         5                             661.6572831606164             162.18751995254985            547                           5299                          1.4329620600418516            
19296                         5                             258.2626096316199             70.7722160873784              237                           2113                          0.6258747900939157            
19576                         5                             477.1211418896742             116.22823975593217            385                           3834                          1.0149462188264264            
19584                         5                             383.50088008696963            111.26426772485428            365                           3089                          0.9731852381896795            
19929                         5                             661.6572831606165             164.9638327749656             545                           5245                          1.442296097202075             
19958                         5                             81.19895563509539             18.961415435607535            61                            665                           0.16326737735613986           
20371                         5                             661.6572831606163             165.26343351144595            549                           5113                          1.4547873812326344            
20421                         5                             661.6572831606164             170.69236372479736            570                           5317                          1.5078917160348841            
20707                         5                             632.1162752053435             150.7235154125624             502                           4927                          1.32129743401795              
20955                         5                             124.50409821136486            25.874831213294495            86                            896                           0.2265365527667793            
21084                         5                             125.83909271372804            28.325424840927813            96                            972                           0.2534148607572718            
21593                         5                             661.6572831606163             170.10540461002066            561                           5303                          1.4854136867599674            
22277                         5                             661.6572831606168             168.82332497655207            558                           5403                          1.4771374889311857            
22833                         5                             356.0895059376688             99.52684115117796             331                           2938                          0.8722738655449808            
23233                         5                             73.03899999999999             19.999281735374662            65                            602                           0.17250119946190762           
23591                         5                             661.6572831606168             161.34680192102232            539                           5302                          1.4240977202597116            
24156                         5                             207.381036173846              49.89381456731221             172                           1702                          0.44737800799000194           
24782                         5                             661.6572831606165             162.04784469770317            533                           5265                          1.4141614840059478            
24941                         5                             661.6572831606164             165.17399785160134            545                           5374                          1.4375591472927978            
25034                         5                             32.20552241684476             8.7077117225977               28                            238                           0.07485204038691638           
25564                         5                             661.6572831606164             164.1722172148404             544                           5360                          1.4351863837761392            
25574                         5                             231.90496501733938            67.09395827817957             224                           1842                          0.5882684435036482            
25994                         5                             661.6572831606167             152.2458852688309             513                           5099                          1.3489438498341095            
26292                         5                             661.6572831606165             170.12916912848198            564                           5340                          1.494926949342374             
26660                         5                             661.6572831606165             162.63490356956962            539                           5368                          1.425370835140801             
26711                         5                             661.6572831606167             168.50934063267894            552                           5193                          1.4650351991416617            
29067                         5                             661.6572831606167             160.21606930259316            533                           5200                          1.4089281542382566            
29789                         5                             661.6572831606168             155.9725064712647             515                           5163                          1.3647920371772164            
29972                         5                             624.2190835068618             156.9151754352267             513                           5032                          1.367909823348473             
30491                         5                             661.6572831606165             162.4073641351833             529                           5312                          1.4111088227576087            
30563                         5                             661.6572831606169             167.8527600096841             560                           5379                          1.4742312276090601            
30642                         5                             661.6572831606168             177.6486330435132             591                           5240                          1.5594206384075808            
30933                         5                             661.6572831606163             156.4041744050411             522                           5310                          1.3780198125475067            
31030                         5                             661.6572831606165             171.77909332523143            569                           5250                          1.5079878209969753            
31216                         5                             190.81622441356126            47.8812491027277              160                           1446                          0.4235331891455818            
31342                         5                             513.8593613867591             118.12946592437874            388                           3973                          1.02852897998581              
31371                         5                             182.99329303347906            44.18280726615568             146                           1420                          0.38512324884123517           
31553                         5                             557.7335962973668             150.92289448491604            500                           4447                          1.3247345332017564            
33196                         5                             661.6572831606165             179.6824455914353             600                           5367                          1.5826281019170427            
34702                         5                             661.6572831606167             177.33047307648317            584                           5462                          1.54812900772373              
35369                         5                             554.8321504589372             145.15288845676875            483                           4330                          1.2782918498496052            
35583                         5                             247.37640107095663            56.410753193654074            188                           1911                          0.49560129843512696           
36087                         5                             661.6572831606165             164.0030578112058             539                           5179                          1.424385622611836             
36285                         5                             661.6572831606167             152.74782803882414            512                           5168                          1.3497212806802645            
36458                         5                             166.3179973994029             42.24299138004629             138                           1227                          0.3659253428035607            
37345                         5                             661.6572831606165             172.99163340501462            582                           5348                          1.5257373878819287            
37733                         5                             661.6572831606163             174.11721758878147            586                           5226                          1.5400391395494712            
38160                         5                             661.6572831606167             161.54636576286626            540                           5144                          1.4231891755000996            
38272                         5                             661.6572831606163             163.5865757516368             535                           5258                          1.4195380025863016            
38893                         5                             195.66005211880102            45.9773459474797              151                           1614                          0.4001978962458522            
39070                         5                             235.81899639457367            46.77381973365608             157                           1785                          0.41166416819142215           
39083                         5                             505.75461262242953            130.98214893339235            426                           3990                          1.1322183373857517            
39095                         5                             661.6572831606164             162.42424053112106            530                           5298                          1.415792442115869             
39149                         5                             661.6572831606168             158.8269202450486             525                           5244                          1.3890479958070021            
39543                         5                             661.6572831606165             162.15155198068953            538                           5068                          1.4264958453974976            
39586                         5                             372.27738075081385            91.09354330131806             304                           2907                          0.805943943491009             
39702                         5                             661.6572831606165             160.64656595796723            538                           5191                          1.419732352295575             
39983                         5                             661.6572831606167             173.83970610512893            573                           5360                          1.5222142178870113            
40582                         5                             661.6572831606164             165.69057613603968            549                           5217                          1.4541892896450361            
41177                         5                             256.74180070744535            65.33832654793807             215                           2032                          0.567752669079919             
42036                         5                             534.4547259743031             146.80919879181084            486                           4317                          1.2864597257399257            
42470                         5                             661.6572831606163             158.15258738376284            527                           5307                          1.39175148212561              
42900                         5                             661.6572831606165             164.81652224806245            549                           5284                          1.4497833661572928            
44055                         5                             661.6572831606165             165.23999874960398            548                           5341                          1.4500573618947605            
44107                         5                             661.6572831606165             186.88922904347524            610                           5310                          1.627614411144523             
44497                         5                             661.6572831606165             166.0140573490254             551                           5344                          1.4558969522350242            
45160                         5                             661.6572831606167             166.68934109032247            554                           5313                          1.465964575007615             
45221                         5                             379.843730694217              90.79334161031845             305                           2913                          0.8015358662185993            
45320                         5                             661.6572831606165             163.01117459385972            534                           5206                          1.4229147630695729            
45372                         5                             661.6572831606168             169.34392762635767            562                           5192                          1.4884932152499721            
45720                         5                             17.008307874986414            5.100959269729965             18                            118                           0.046566122786588345          
45822                         5                             661.6572831606165             153.5523912723474             505                           5178                          1.3347337418571734            
46428                         5                             661.6572831606165             160.2865727859883             539                           5206                          1.4169408125182452            
46510                         5                             26.301514729294315            8.08581406850277              26                            189                           0.06975316939398883           
46554                         5                             562.0484949360837             140.03413338450454            456                           4490                          1.214089914353138             
47105                         5                             661.6572831606165             163.90889372466197            542                           5297                          1.4350867853324194            
47212                         5                             661.6572831606164             164.98448814879174            555                           5260                          1.4562487720526354            
47265                         5                             661.6572831606161             164.94437046748766            547                           5252                          1.4482338677772408            
47901                         5                             661.6572831606165             167.68747995178413            561                           5222                          1.4749728955652297            
47961                         5                             397.59243179401795            98.5598300863551              338                           3240                          0.8838574388596565            
49423                         5                             661.6572831606167             159.9411607538083             536                           5082                          1.4110879194228736            
49459                         5                             118.500560504431              26.742838745626333            91                            936                           0.23583243573222631           
49643                         5                             362.9816601444959             93.30927292845568             307                           2802                          0.8147068299939917            
50093                         5                             661.6572831606165             166.8372439934286             560                           5389                          1.4714740655578893            
50629                         5                             661.6572831606165             162.81824383978383            555                           5242                          1.4521508532596723            
51065                         5                             661.6572831606165             164.5563079948492             544                           5256                          1.4383282264867128            
52536                         5                             82.08210404625248             20.813134778051886            72                            655                           0.18648180333405406           
52615                         5                             661.6572831606165             168.59329811621382            558                           5135                          1.4769463285835445            
52813                         5                             638.5920973128119             161.23369489346888            538                           5097                          1.417966703675122             
52869                         5                             661.6572831606163             173.69965031160476            568                           5283                          1.510325341012598             
53003                         5                             661.6572831606163             165.5190464734285             552                           5228                          1.4564587072125934            
53196                         5                             132.6086926204622             29.796205580593988            98                            1040                          0.2604235559273645            
53481                         5                             661.6572831606165             155.18006806350704            518                           5166                          1.3670435852990395            
53616                         5                             661.6572831606165             169.988829027423              574                           5130                          1.5036040792388747            
53745                         5                             661.6572831606165             177.39131714431466            590                           5410                          1.5607973816218061            
54198                         5                             174.64246586150637            44.81079589122805             148                           1414                          0.39235225782598904           
54694                         5                             639.2963816664602             153.07938308887307            519                           5109                          1.3639810809002166            
54948                         5                             484.932585545764              121.67158940991008            402                           3754                          1.0643418641063302            
55205                         5                             586.5932831606165             148.26153342763436            487                           4574                          1.2958583509822519            
55338                         5                             661.6572831606165             167.31876085421743            566                           5303                          1.4847428636882514            
55759                         5                             540.7891128232267             144.19005849558428            478                           4171                          1.2630127231385289            
56054                         5                             528.2407718451492             121.58470629330209            406                           4040                          1.0676311731123487            
56223                         5                             554.8667130693384             144.09853984005525            478                           4340                          1.2644522552117483            
56465                         5                             661.6572831606167             171.433583080899              567                           5156                          1.5041555363252828            
56591                         5                             661.6572831606164             164.74634740564966            547                           5265                          1.4436334108089754            
56639                         5                             661.6572831606167             159.48275969527708            529                           5120                          1.3954805448934007            
56678                         5                             661.6572831606164             169.78976204199427            561                           5368                          1.4840386358617712            
56740                         5                             661.6572831606169             163.59641957968574            532                           5000                          1.4186486813437185            
56892                         5                             201.39054372457053            47.19503295226609             159                           1588                          0.41910231638566187           
56937                         5                             661.6572831606165             160.7607966795491             533                           5250                          1.4106834062350564            
57218                         5                             456.9288828320795             104.81383667978724            355                           3672                          0.9301239779684494            
57389                         5                             661.6572831606167             170.7826556796521             564                           5174                          1.4930240792891802            
58253                         5                             661.6572831606162             161.8031255504204             538                           5282                          1.4221423860270352            
58381                         5                             526.9086666782281             132.96124594504283            438                           4079                          1.1592937551552158            
59486                         5                             661.6572831606165             177.61015391688477            592                           5226                          1.5595605409040638            
59973                         5                             75.25000000000001             16.99410212460005             53                            543                           0.14426972175589664           
60196                         5                             661.6572831606164             155.7465307967992             512                           5164                          1.3569134798303983            
60665                         5                             602.402677694598              149.21488553923285            490                           4712                          1.3004696873163644            
60819                         5                             661.6572831606165             178.5426312173557             582                           5343                          1.5523569203326266            
60898                         5                             98.53801952712035             24.376597963169335            80                            742                           0.21132584203973093           
60981                         5                             661.6572831606165             146.94790406602195            486                           5018                          1.290892102641713             
61112                         5                             140.12546620214246            30.299206363385014            103                           1019                          0.27029539242947015           
62219                         5                             661.6572831606165             167.69065760026714            556                           5328                          1.4711538179761354            
62446                         5                             661.6572831606164             162.22424481581382            540                           5342                          1.4284708103042818            
62779                         5                             661.6572831606165             169.7315892556036             565                           5320                          1.4974382988932526            
63635                         5                             568.9266349111932             136.65056066777396            450                           4407                          1.1925842866227008            
64206                         5                             661.6572831606164             176.11391045511994            581                           5291                          1.5396253884759443            
64579                         5                             661.6572831606165             160.5711051392052             537                           5208                          1.415130091976874             
64799                         5                             563.1788685348848             154.55186744561067            518                           4624                          1.3655185573586852            
65377                         5                             661.6572831606164             165.84466051057376            558                           5227                          1.4693277304665462            
65571                         5                             365.6093037811399             96.39190743687868             316                           2931                          0.8394544930353047            
65886                         5                             238.34352411889253            64.42490580934998             217                           1860                          0.5707599439251392            
66286                         5                             661.6572831606163             171.43753160495325            577                           5341                          1.5137339815205326            
66446                         5                             661.6572831606163             155.74950685188773            523                           5128                          1.3790088354182055            
66580                         5                             661.6572831606164             160.71331658652247            535                           5189                          1.413768998577627             
66754                         5                             131.65578213751536            30.976131915186446            102                           1016                          0.2699439753509014            
66798                         5                             661.6572831606162             171.67768617790654            567                           5245                          1.5030428196316636            
66880                         5                             31.818451410616124            6.8110646888509105            22                            223                           0.05916634271410769           
66883                         5                             661.6572831606162             173.47755607098767            571                           5234                          1.5167317132874194            
67220                         5                             233.15089833193042            57.8060147760254              192                           1836                          0.5071175342928755            
68167                         5                             661.6572831606165             161.38592630305237            532                           5249                          1.411018991870769             
68188                         5                             507.7544697755965             133.64527435685693            442                           3921                          1.1693626089167548            
68817                         5                             661.6572831606163             187.6262329166849             623                           5269                          1.6505175246073964            
69091                         5                             536.4677557799109             131.55983776507145            435                           4277                          1.1538550040946776            
69417                         5                             661.6572831606163             173.725464938294              575                           5329                          1.5224915730608306            
69746                         5                             661.6572831606162             164.20613580707075            542                           5317                          1.4357824379567417            
69927                         5                             661.6572831606165             157.0366038557942             520                           5249                          1.377729756665306             
70544                         5                             661.6572831606167             166.86632728095148            557                           5268                          1.4682010275580601            
71510                         5                             419.3017326603298             100.67827661550453            332                           3060                          0.8816549477740854            
71696                         5                             137.59485056728465            31.033978816474345            104                           1107                          0.2736268732518217            
72066                         5                             593.0530080743117             145.67273771151991            489                           4840                          1.2831659811897036            
72327                         5                             190.99295573635408            41.5603662610492              139                           1412                          0.36520204331650286           
72789                         5                             404.2093482941882             94.60577322188556             313                           3190                          0.8305809237866949            
73490                         5                             661.6572831606163             174.5906065785002             585                           5356                          1.5420684046022255            
73640                         5                             661.6572831606167             157.76584257148247            533                           4984                          1.3998178821938039            
73808                         5                             661.6572831606165             159.28088987330074            534                           5337                          1.4043138858055295            
74342                         5                             661.6572831606164             171.63869310000874            561                           5453                          1.4955884999779934            
74928                         5                             661.6572831606165             172.15053747680176            571                           5213                          1.5059432219328988            
75657                         5                             420.5295017142465             94.67295352602041             323                           3129                          0.8401651851393155            
75853                         5                             661.6572831606165             174.9475442445425             578                           5382                          1.5295924160205419            
76787                         5                             661.6572831606167             159.4124859755293             533                           5325                          1.4037678063680126            
77132                         5                             661.6572831606164             163.4227594688521             546                           5214                          1.4393215895372782            
77186                         5                             661.6572831606163             171.53463590162073            571                           5080                          1.5086914130923044            
77305                         5                             661.6572831606165             175.91313659639943            579                           5277                          1.5328982475015893            
78108                         5                             661.6572831606165             166.55888611460583            545                           5452                          1.4483341340511549            
78122                         5                             244.93794456517756            53.26009235007119             180                           1914                          0.47326252226568627           
79267                         5                             661.6572831606164             153.57114922563767            508                           5253                          1.3421168734198634            
79784                         5                             661.6572831606167             161.39642301536566            535                           5215                          1.4166102371724167            
79865                         5                             75.25                         24.923721981498392            81                            624                           0.2170266351990534            
79970                         5                             661.6572831606163             165.4746957378164             546                           5315                          1.4470121667557148            
81034                         5                             661.6572831606163             164.9935756299794             551                           5198                          1.448962836603073             
81485                         5                             528.060934410338              123.24581111784936            408                           4069                          1.0826416671147476            
81508                         5                             661.6572831606165             168.4607799209126             557                           5271                          1.4751750904014196            
82799                         5                             484.84013230074123            132.3390151720196             437                           3951                          1.154619479591613             
82814                         5                             661.6572831606168             179.64556159603927            589                           5354                          1.565832403714247             
83163                         5                             661.6572831606167             173.88460016                  583                           5588                          1.5310602352327027            
83737                         5                             500.6532103964151             130.1158901948842             429                           3987                          1.1386940019434793            
84613                         5                             661.6572831606165             165.90219303478577            556                           5280                          1.4618682798685791            
84647                         5                             329.9527553219795             93.627516702639               315                           2644                          0.8317459169456385            
85150                         5                             510.9388210786264             128.66108204943538            420                           4103                          1.1197378274456484            
85432                         5                             661.6572831606163             163.74475647365983            544                           5212                          1.4344918752098699            
86377                         5                             661.6572831606164             174.3917237979571             579                           5348                          1.5268602778852642            
86405                         5                             661.6572831606164             156.17859993096266            516                           5187                          1.3662209687345908            
87031                         5                             661.6572831606164             160.84025973137383            536                           5172                          1.4143165035971483            
87540                         5                             661.6572831606163             177.3653205056206             589                           5389                          1.556114249294556             
87901                         5                             661.6572831606163             172.86044563728834            575                           5491                          1.52081406358326              
88000                         5                             661.6572831606163             162.1369228836471             540                           5115                          1.4239626504114242            
88531                         5                             661.6572831606168             178.55317805459433            595                           5204                          1.5738630346388471            
89121                         5                             460.711688792031              107.44737854801237            366                           3652                          0.9600235048124862            
89273                         5                             400.35107147044795            98.93166434685553             322                           3220                          0.8563067441345263            
89398                         5                             60.988616866600125            15.024042957373965            51                            430                           0.13371436351583518           
89460                         5                             661.6572831606162             169.8488922704626             567                           5261                          1.4938591292087238            
89594                         5                             562.3174532477856             143.15909679812933            466                           4376                          1.2443465122702642            
89613                         5                             661.6572831606168             167.0359436019057             550                           5200                          1.4570818172412925            
89690                         5                             295.88989967917723            77.23876013919619             255                           2318                          0.6774644863615938            
89864                         5                             579.4461388231784             156.1222881509738             519                           4695                          1.3716322526905769            
90268                         5                             661.6572831606165             170.93206400804686            569                           5286                          1.4991945950999992            
90730                         5                             199.6436598457134             51.18271773218225             170                           1661                          0.4499514808179469            
90857                         5                             661.6572831606168             173.88519544565574            576                           5273                          1.5227161725404472            
90920                         5                             661.6572831606165             175.87078806146616            581                           5276                          1.5398176996782738            
91496                         5                             184.85078797865748            43.357914577555704            144                           1380                          0.38158722968749914           
91593                         5                             661.6572831606169             172.00931528990787            566                           5256                          1.5070524910487695            
91625                         5                             661.6572831606164             155.35033222863925            520                           5274                          1.3762733382225063            
92649                         5                             661.6572831606168             162.92246907657665            537                           4961                          1.4285508683874049            
93647                         5                             542.9420671761306             130.55965218139522            424                           4081                          1.1324799761326576            
94255                         5                             661.6572831606168             171.89724427382083            564                           5299                          1.4983001068806163            
94376                         5                             591.0592892591603             152.33868621511192            507                           4584                          1.340865947873361             
94569                         5                             661.6572831606164             170.8110079738143             557                           5103                          1.4840835238805874            
95302                         5                             54.803839202470115            17.39565745688079             56                            436                           0.1486465252223883            
96128                         5                             36.3169062106994              10.724659875160482            34                            262                           0.09139596639766581           
96252                         5                             90.70247381287078             24.075170740948757            80                            696                           0.21027012404698533           
96507                         5                             123.33033637129694            30.65165099641213             101                           1005                          0.26841648495464865           
96854                         5                             661.6572831606165             173.98742782463933            577                           5406                          1.5269691091463924            
96924                         5                             606.7120308477473             148.51980974878538            495                           4837                          1.3075307791377626            
97325                         5                             661.6572831606167             167.15105694400754            554                           5320                          1.4611763424082365            
97534                         5                             661.6572831606165             158.35187568346362            527                           5192                          1.3958551277119733            
98079                         5                             148.7370265360798             37.521966877378915            124                           1140                          0.3288217488885505            
98330                         5                             499.75794646737313            118.49610852527697            389                           3965                          1.0284510644945846            
98482                         5                             32.20568999265044             9.830207210545737             32                            242                           0.08458617599661444           
98543                         5                             661.6572831606168             166.49659105446509            559                           5226                          1.4659504380469048            
98599                         5                             661.6572831606167             178.8493905995838             577                           5321                          1.5423150650888475            
98659                         5                             661.6572831606163             161.89340622908972            532                           5091                          1.4156819646097185            
98879                         5                             661.6572831606164             165.93114769786075            559                           5305                          1.4651343366691902            
99089                         5                             661.6572831606163             167.3038269872152             554                           5171                          1.465013603028591             
99440                         5                             661.6572831606164             167.15165497589234            553                           5276                          1.4649101465292218            
99494                         5                             31.818725446370088            6.512542753224989             21                            213                           0.05539966571738729           
99591                         5                             661.6572831606167             180.35568959135526            597                           5322                          1.5778984753644238            
21                            6                             596.565762759929              155.47058046971065            518                           4839                          1.3673776723668576            
336                           6                             455.6873550597811             106.30294528803995            357                           3591                          0.9379250199514572            
571                           6                             661.6572831606165             161.20492469181292            536                           5314                          1.4151177763049914            
655                           6                             488.3131523651858             116.48152379193928            381                           3877                          1.0137219718400856            
2314                          6                             438.3329814289635             96.00347883474561             319                           3279                          0.8424071403510837            
2727                          6                             661.6572831606165             151.44024273325567            507                           5148                          1.3350385501820414            
4638                          6                             661.6572831606164             168.436299075789              556                           5408                          1.4713895851376777            
5145                          6                             152.79641598170642            32.241682968998596            109                           1132                          0.28575954385873176           
6530                          6                             661.6572831606165             156.63974992085858            517                           5136                          1.3660299724541634            
6775                          6                             661.6572831606165             175.12952342584433            585                           5291                          1.5419376306308679            
6815                          6                             331.54743014277255            80.24424733276139             264                           2549                          0.6986737271208984            
7236                          6                             661.6572831606165             157.3665532416166             529                           5170                          1.389590560095096             
7597                          6                             661.6572831606165             167.82941436697865            554                           5365                          1.4658510442682902            
7667                          6                             577.5372535280204             143.24843648318895            470                           4615                          1.2515103417420583            
7902                          6                             327.6686908278225             80.52829788987022             269                           2649                          0.7054330477114853            
7941                          6                             556.864387529718              137.48353496207804            449                           4397                          1.1930761250190267            
8550                          6                             661.6572831606168             184.7131917212524             613                           5318                          1.624155665083546             
9459                          6                             661.6572831606167             158.59294815922166            517                           5313                          1.3756962825612653            
9461                          6                             661.6572831606162             163.36566979493261            548                           5307                          1.4356583210622724            
9527                          6                             661.6572831606163             172.7675227546196             562                           5270                          1.497537093427026             
9908                          6                             320.6394955689365             88.123425293129               298                           2637                          0.7827608624793037            
10045                         6                             32.20560761216926             8.557613539224194             28                            226                           0.07356038803103518           
10193                         6                             37.244728218419866            7.016259974732162             22                            264                           0.059412354357829995          
10311                         6                             661.6572831606167             174.64871401515566            580                           5414                          1.5295373477952512            
10988                         6                             661.6572831606164             159.36241198253418            523                           5280                          1.3887483848005655            
11490                         6                             661.6572831606165             159.76524058626146            531                           5288                          1.4030070450272507            
11872                         6                             661.6572831606165             159.32018440612583            531                           5275                          1.4032282501423925            
11950                         6                             661.6572831606164             176.22779848983294            587                           5287                          1.5497170993142972            
12293                         6                             661.6572831606165             167.34617676419998            555                           5415                          1.4677242503263344            
12467                         6                             661.6572831606167             168.32520275049552            561                           5205                          1.4815513979095802            
12598                         6                             661.6572831606164             154.9563347061241             517                           5265                          1.3631329147712556            
12871                         6                             468.5804165079791             112.53876818025273            378                           3707                          0.9922671381425671            
13024                         6                             661.6572831606167             148.1244405568524             502                           5180                          1.3182147051226312            
13136                         6                             176.71448524652084            45.13949532140346             148                           1300                          0.3929274472618266            
13481                         6                             661.6572831606165             144.41822603379603            483                           5182                          1.2745400553706498            
13648                         6                             661.6572831606165             163.3579720214307             542                           5166                          1.4327256359059528            
13787                         6                             584.2502831606168             137.35757887576386            452                           4605                          1.201854649487196             
13888                         6                             661.6572831606168             156.9854192920763             520                           5027                          1.3752744523544949            
14171                         6                             200.68462283675694            53.58239959884707             174                           1478                          0.46530395370881417           
14450                         6                             661.657283160617              163.0429942421413             527                           5088                          1.4067727874793554            
14557                         6                             661.6572831606168             165.993210088662              549                           5265                          1.4526276177302857            
15177                         6                             212.5134781308797             53.37065870974865             173                           1687                          0.46228364248967646           
15641                         6                             430.29669740173875            108.4148138716954             358                           3446                          0.9518648017469654            
15986                         6                             661.6572831606167             161.56593229147438            534                           5133                          1.416037825383353             
16028                         6                             117.47836020425083            27.311729128776427            92                            922                           0.2407177151128404            
16299                         6                             661.6572831606169             172.156603494043              566                           5266                          1.4985324872336685            
16412                         6                             661.6572831606167             167.52416646878072            561                           5275                          1.4751743449145265            
16600                         6                             222.215448004569              44.043993612101204            145                           1677                          0.38320518317159824           
16763                         6                             455.94486000792324            94.92564976562971             313                           3699                          0.8271732618948058            
16775                         6                             661.6572831606165             171.2940269515137             572                           5522                          1.5117245328800726            
17315                         6                             661.6572831606165             172.20270927055844            571                           5429                          1.511465504057551             
17941                         6                             661.6572831606163             170.09850886649454            556                           5264                          1.4814836227938075            
18549                         6                             661.6572831606164             154.92263601910915            505                           5425                          1.339157938021729             
18955                         6                             214.38673266039387            52.913320348320426            169                           1711                          0.455134458185889             
18989                         6                             661.6572831606167             155.32175525978826            518                           5275                          1.3656273387842264            
19036                         6                             661.6572831606167             161.47460935478188            534                           5155                          1.4128823763963556            
19085                         6                             661.6572831606165             157.08449953310583            517                           5157                          1.368119186223399             
19567                         6                             661.6572831606168             156.3993803255511             516                           5419                          1.3706457882318517            
19723                         6                             489.92742841511654            109.65867266070254            368                           3698                          0.9635187969888869            
19766                         6                             121.19902649452636            31.783587788207967            106                           946                           0.27985998522873756           
20421                         6                             661.6572831606165             165.87840519400874            542                           5265                          1.4430580940450077            
20654                         6                             661.6572831606168             177.98723158697962            592                           5311                          1.5638844929482292            
20883                         6                             661.6572831606165             162.6910738695389             539                           5223                          1.4201300671147812            
21729                         6                             61.0466457300662              17.18823981270798             57                            514                           0.1525099706920842            
22012                         6                             458.7714614429282             103.75389792636747            346                           3659                          0.9120747320947423            
22317                         6                             661.6572831606163             157.7639074583896             523                           5244                          1.3800592742116464            
22341                         6                             487.96316007560415            125.84302188773704            421                           3926                          1.1073981336771435            
22988                         6                             91.45417390516019             22.612241643077986            75                            756                           0.19912534580604577           
23286                         6                             661.6572831606165             168.04954267374706            549                           5402                          1.4587730545375388            
23405                         6                             661.6572831606164             158.9079281008857             529                           5389                          1.393098669257009             
23554                         6                             661.6572831606164             153.78311976079155            513                           5081                          1.3536200052726224            
23601                         6                             661.6572831606164             163.32667452543194            544                           5271                          1.4402453826626453            
23998                         6                             401.5514389069644             102.21252134318169            338                           3108                          0.8958587199287676            
24681                         6                             661.6572831606168             158.92711326258248            520                           5317                          1.3795926048376845            
25203                         6                             96.42804396635945             26.008478944416797            87                            761                           0.22867206886818867           
25836                         6                             590.8492244275542             142.6234444285549             469                           4572                          1.2465571718153146            
26249                         6                             397.11098962206853            100.98490904975036            329                           3035                          0.8762301167876028            
27151                         6                             661.6572831606167             159.22645344187205            533                           5180                          1.4000752889349142            
27289                         6                             661.6572831606167             163.1309469399488             546                           5313                          1.4360055182364242            
27867                         6                             595.4169456763722             135.92586968166424            456                           4661                          1.1990818832074213            
28061                         6                             661.6572831606163             170.0266164839191             561                           5383                          1.4845879628228535            
28192                         6                             471.72996123683356            121.1583095846094             399                           3712                          1.0603774785965705            
28642                         6                             460.0895435860219             105.66080234854408            354                           3679                          0.9295397030453076            
29325                         6                             626.3699514124944             168.27757047578334            553                           4988                          1.4620404774306492            
29831                         6                             661.6572831606165             166.49128087242914            547                           5386                          1.4524027818067542            
30093                         6                             661.6572831606164             158.53554074936474            522                           5172                          1.3842571017298495            
30553                         6                             318.35276696634776            77.57769553866952             251                           2510                          0.6710416121070881            
30623                         6                             661.6572831606169             163.6515903851263             539                           5151                          1.4329115276415878            
31080                         6                             109.09396767895585            20.50939095915377             65                            682                           0.17433018716022283           
31360                         6                             311.5108350900307             76.4683040856598              252                           2501                          0.6667396765113724            
31544                         6                             516.7810718737699             136.38226797903516            446                           4191                          1.186598790179521             
31610                         6                             661.6572831606163             162.0382515564944             537                           5171                          1.418078991048723             
31939                         6                             661.6572831606164             171.85237390331784            570                           5388                          1.5094657588113822            
32513                         6                             373.85905495031847            94.82161310827462             316                           3031                          0.8314911680490485            
32917                         6                             661.6572831606164             161.07349348908147            531                           5334                          1.409687969447142             
32960                         6                             31.755814466164395            7.028500479459981             24                            227                           0.06231173382418491           
32984                         6                             87.65570000000001             25.492517608994003            82                            700                           0.21765257834895715           
33020                         6                             661.6572831606165             162.47482292416035            532                           5343                          1.415172300602707             
33473                         6                             441.5860817833237             103.36978288319483            340                           3334                          0.9025876966721471            
34695                         6                             218.38209328070738            54.659691679254024            175                           1723                          0.46905163726076393           
34725                         6                             405.64738179230926            92.87851452299213             313                           3268                          0.8206015442644558            
34876                         6                             147.02506344976922            34.250149696029304            109                           1120                          0.29387867766449577           
35350                         6                             661.6572831606165             158.31046209628465            526                           5283                          1.3935646111290112            
35732                         6                             661.6572831606165             165.56268049437486            552                           5220                          1.4521388316949468            
36446                         6                             661.6572831606165             159.82897693612685            534                           5068                          1.405740292765894             
36509                         6                             661.6572831606168             167.85867559089365            561                           5214                          1.475517544752292             
36920                         6                             258.94255939590136            60.37879071078559             200                           1994                          0.5285016572318696            
36935                         6                             639.7216438068987             142.40107291667763            472                           4911                          1.2467868476503048            
38308                         6                             326.56780193934776            82.97627775847926             272                           2672                          0.723338395918103             
38994                         6                             661.6572831606167             157.91469083088617            528                           5193                          1.3916806473158227            
39281                         6                             661.6572831606164             162.09407420075752            529                           5337                          1.405482306056765             
39398                         6                             275.17929209865764            64.34618590469671             212                           1979                          0.5628721345642425            
39475                         6                             661.6572831606164             172.95174675087225            571                           5245                          1.5132930863163851            
40363                         6                             661.6572831606162             146.1643015623048             482                           5381                          1.2749385787767435            
40624                         6                             183.99465616319242            43.27707821671799             140                           1362                          0.37427283254569066           
40644                         6                             661.6572831606168             154.50051894577837            510                           5245                          1.3491834652116586            
41047                         6                             661.6572831606167             166.17235137366637            551                           5394                          1.4549828511067604            
41166                         6                             646.1965526167694             145.09243661558702            485                           5124                          1.2808535654353568            
41822                         6                             32.205376029401286            6.009692022782167             20                            223                           0.053324224669366684          
42156                         6                             661.657283160617              164.55382650227526            539                           5354                          1.433331106768517             
42500                         6                             451.9608413435794             110.51893229824834            365                           3492                          0.9702556782217092            
42692                         6                             661.6572831606167             175.7303821885468             583                           5243                          1.5396601662920495            
42802                         6                             587.4166944708296             139.5809802716143             454                           4519                          1.2099477516693278            
42844                         6                             132.8108694299922             32.87853240409989             109                           1057                          0.28826805239654374           
43123                         6                             495.97807644088357            125.29569193502596            414                           4029                          1.0966086530138075            
43318                         6                             661.6572831606165             153.84478954889306            498                           5227                          1.3310678301580985            
43363                         6                             149.94809286660796            36.04236148263567             115                           1159                          0.30912867297559915           
43623                         6                             661.6572831606165             153.00775058102286            512                           5139                          1.34852216440763              
44073                         6                             425.2120690212551             110.00057750563707            368                           3464                          0.9683563040367855            
45403                         6                             653.2957272477013             169.43720479547642            558                           5232                          1.4830835133303375            
45955                         6                             155.68760855781983            39.24349680594499             133                           1169                          0.3486004879289548            
46173                         6                             661.6572831606167             163.33732451058052            541                           5237                          1.4284693105543695            
46515                         6                             661.6572831606168             166.97690001924198            553                           5353                          1.4641486445986303            
48168                         6                             661.6572831606164             156.47457391518265            516                           5130                          1.3643639484673162            
48254                         6                             522.7064825918685             131.22847357246448            428                           4101                          1.1347388037059662            
48474                         6                             140.24646143949306            37.2921904551444              124                           1128                          0.33065447077310794           
48678                         6                             661.6572831606163             155.34091121843986            515                           5270                          1.359060230841372             
48766                         6                             28.635868836792923            4.699350515975913             15                            210                           0.040391515514525064          
48957                         6                             627.450862204331              159.93395101491976            528                           4963                          1.3958837480623651            
48965                         6                             661.6572831606167             150.0338392044411             495                           5392                          1.3151690185989726            
48992                         6                             661.6572831606168             174.39512825619266            578                           5447                          1.5308683887324666            
49487                         6                             591.5531294205446             166.07452962951095            551                           4795                          1.454113893899949             
49633                         6                             661.6572831606165             175.97935970471698            583                           5408                          1.5416947057952022            
50218                         6                             584.3707002330821             153.39286639513662            512                           4706                          1.3501726945225874            
50416                         6                             661.6572831606167             159.86492201609698            525                           5315                          1.3931577966393742            
50564                         6                             88.0321636905498              20.168754817991246            70                            718                           0.18189254928204512           
50930                         6                             470.1959277445281             117.81447454688687            396                           3785                          1.0400815593224724            
51183                         6                             14.00119204774741             3.15989097642782              11                            99                            0.02821096751044451           
51239                         6                             661.6572831606163             155.67580061649454            508                           5243                          1.3506470261028392            
51481                         6                             661.6572831606165             161.7888928681903             533                           5068                          1.4196055141665471            
51808                         6                             74.25423743184523             16.998157147115812            56                            596                           0.14791012269711845           
52352                         6                             228.65067392984696            50.358826666080134            162                           1772                          0.43407187625107013           
52446                         6                             661.6572831606168             149.97427005840007            493                           5133                          1.3069062094063177            
52555                         6                             661.6572831606167             165.46478016999922            546                           5089                          1.4461592055985886            
52612                         6                             661.6572831606165             161.54553670178882            540                           5235                          1.42454939716079              
52637                         6                             602.8995938740358             143.72299488581405            475                           4733                          1.2589314409974899            
52910                         6                             376.408366546623              95.06312959307581             315                           3030                          0.8322756865774641            
53639                         6                             338.4645077949343             94.66784135699899             311                           2623                          0.8238390098431201            
53748                         6                             436.9430645054163             102.7141293827264             345                           3543                          0.9056067906189375            
53773                         6                             661.6572831606163             168.2281507740152             560                           5384                          1.4773924747645242            
54095                         6                             125.09711242951423            31.244946647682927            102                           913                           0.27091549330661163           
54550                         6                             390.9297606171328             94.33146688938533             316                           3134                          0.8312030967274249            
54801                         6                             408.5582795804696             98.96854438200955             328                           3263                          0.8683141263977583            
55357                         6                             32.20538980267742             9.632004447746015             33                            246                           0.08593762457608825           
55390                         6                             240.11183299138662            52.928156131905               180                           1905                          0.47001641544589856           
55441                         6                             661.6572831606164             154.3891463350227             513                           5226                          1.351500374731296             
55786                         6                             437.11522856705346            108.65397109820714            353                           3530                          0.9417956239864316            
56078                         6                             85.23540000000001             27.986676551548044            95                            738                           0.24829476311602006           
56567                         6                             661.6572831606165             144.20269453542488            481                           5103                          1.2665528483946051            
56748                         6                             661.6572831606165             160.8269149003378             539                           5107                          1.4197001142746979            
57386                         6                             661.6572831606165             156.2010483613687             522                           5149                          1.37571561750478              
58112                         6                             342.16926722721655            82.45249111476666             274                           2650                          0.7253516482307032            
58393                         6                             90.82606144524553             18.90207738268377             65                            737                           0.17091860557651228           
58421                         6                             573.992183160617              135.29849279069145            452                           4688                          1.1887683252333803            
58786                         6                             661.6572831606167             172.81000244752644            571                           5186                          1.517335557343229             
59509                         6                             661.6572831606169             156.46681523393224            521                           5277                          1.375029271916754             
59683                         6                             661.6572831606168             164.7394679033423             550                           5235                          1.448347848148583             
59720                         6                             661.6572831606167             166.56049326436582            567                           5335                          1.4829908746859373            
60040                         6                             661.6572831606164             153.7586076997408             507                           5222                          1.34634281400211              
60131                         6                             653.2677498829872             165.60203160764073            546                           5186                          1.4484663661009227            
60271                         6                             75.24999999999997             13.703436019761149            44                            420                           0.11665825364055757           
60539                         6                             600.5679841225212             132.5038841598636             439                           4761                          1.1623606086105818            
61654                         6                             595.399834917219              125.01340482674811            405                           4414                          1.0831494933419838            
62156                         6                             661.6572831606162             162.93438305958406            543                           5415                          1.43424647544677              
63231                         6                             447.3872080638015             114.64376139295638            370                           3494                          0.9890366176873576            
63393                         6                             175.5337119995305             49.27066892755986             164                           1379                          0.43017807482772197           
63671                         6                             661.6572831606167             166.7679253795181             559                           5396                          1.4694914575533438            
64189                         6                             415.8320971839836             108.60806775318605            361                           3303                          0.9576215346309367            
64717                         6                             18.65710865112835             6.657587591675815             21                            142                           0.05734779448379351           
65595                         6                             542.380990891391              139.00866692641904            462                           4356                          1.220548939173503             
65725                         6                             661.6572831606164             150.61168921798514            507                           5179                          1.3345305295920498            
65850                         6                             221.5988225049385             54.90377496649051             178                           1690                          0.47547058506834033           
65921                         6                             661.6572831606167             169.80938585867028            560                           5272                          1.4834622414291267            
66690                         6                             661.6572831606167             165.49538858829987            552                           5167                          1.4539839839834992            
67101                         6                             661.6572831606167             150.84258074493448            504                           5362                          1.3242125038271269            
67659                         6                             262.93370981617085            64.21076101733684             211                           2089                          0.5563809016973658            
68476                         6                             661.6572831606163             174.19574283644073            575                           5372                          1.526759246621141             
68969                         6                             8.339497372021665             1.4647661305652886            5                             66                            0.013781542543451247          
69015                         6                             661.6572831606164             165.73643896290048            552                           5189                          1.4620534586351321            
69744                         6                             661.6572831606167             156.29181266502468            515                           5169                          1.3664196638833674            
69895                         6                             661.6572831606163             161.32792933390667            529                           5239                          1.4058347421989534            
70188                         6                             448.49471282663797            114.88580169593959            379                           3536                          1.0019804383490536            
70519                         6                             661.6572831606163             156.74612684374534            521                           5125                          1.3757623973018474            
70527                         6                             564.2612291705805             133.33850208791455            445                           4554                          1.175229651399119             
70604                         6                             661.6572831606167             167.2914614998968             553                           5150                          1.4682114138585254            
70754                         6                             118.85309491380343            32.878207751009725            109                           953                           0.2867708610620916            
70798                         6                             661.6572831606164             170.99997827017083            560                           5292                          1.4882996837265225            
71199                         6                             661.6572831606168             157.26700287544006            514                           5365                          1.3688102894236411            
71289                         6                             661.6572831606162             159.3689493175393             527                           5307                          1.3934542002104338            
71655                         6                             661.6572831606168             157.48586006971985            527                           5285                          1.3904216698835357            
71844                         6                             661.6572831606164             158.4011122407412             527                           5284                          1.3933986460815415            
71966                         6                             407.21712845176455            105.39696164174079            345                           3317                          0.9119768964784892            
71971                         6                             661.6572831606165             161.23237620298653            537                           5447                          1.4153556773503708            
72330                         6                             654.4239729940255             158.22330599372606            521                           5221                          1.3788524279534848            
72470                         6                             661.6572831606164             176.1939254992138             577                           5273                          1.530541060287418             
72495                         6                             425.2647105846363             113.76158164745769            370                           3336                          0.9869067712876851            
72869                         6                             46.75097566376362             12.526190705146474            44                            377                           0.11332310165730682           
73176                         6                             661.6572831606165             155.76472449329268            515                           5198                          1.3634253356912747            
74220                         6                             624.8317696323686             165.2536263527406             546                           4959                          1.4475412617267103            
75143                         6                             661.6572831606165             167.50831107388817            564                           5246                          1.4838749146368588            
75222                         6                             95.60597937190884             24.070507377305844            80                            779                           0.21140338217713114           
75645                         6                             134.1890754621709             30.423314151879946            100                           1076                          0.2669215947246683            
75981                         6                             661.6572831606168             166.25124966118517            550                           5292                          1.4548441395432468            
76841                         6                             612.2021713806686             141.6008692212919             479                           4912                          1.2577866580831891            
77132                         6                             661.6572831606165             149.91901853315736            498                           5164                          1.3151991832117251            
77584                         6                             465.78158222472035            133.581059491229              434                           3782                          1.1542374799518036            
77815                         6                             661.6572831606165             146.43728100538473            488                           5154                          1.2868443211370442            
78133                         6                             661.6572831606165             165.69840362162418            547                           5355                          1.451734194675792             
78136                         6                             226.41620948183711            61.818193374319705            208                           1836                          0.5447230993712509            
78171                         6                             661.6572831606164             165.67730327054068            549                           5328                          1.4551520637445121            
79008                         6                             661.6572831606164             155.82751615141305            519                           5252                          1.3704323264718115            
79342                         6                             661.6572831606165             161.3248942523436             535                           5391                          1.415853095433593             
79387                         6                             128.25119961969705            29.11470628674523             97                            975                           0.2556108154273958            
79665                         6                             661.6572831606168             160.1110222849337             528                           5249                          1.3964746953884724            
80019                         6                             661.6572831606167             159.0593328309123             529                           5178                          1.3936903799322788            
80587                         6                             118.27116897228296            28.624252416206506            93                            878                           0.2469638687675028            
81566                         6                             661.6572831606167             166.1443060072399             558                           5235                          1.4677720168700044            
81945                         6                             446.57652905450817            116.68654831510526            392                           3577                          1.0314151298418754            
82051                         6                             661.6572831606165             158.895126051862              526                           5085                          1.39304872213279              
82232                         6                             661.6572831606163             158.35843146483552            521                           5335                          1.3826581834880527            
82624                         6                             617.5811014484293             161.46585746631064            535                           4998                          1.4160175333019098            
82771                         6                             661.6572831606164             163.1427865025094             549                           5337                          1.4426131260240096            
82885                         6                             661.6572831606165             165.43862280322156            555                           5216                          1.4631275820079712            
83607                         6                             661.6572831606165             159.69932881181086            531                           5255                          1.4039853131299371            
84051                         6                             265.0597323874291             68.96679466693016             223                           2196                          0.5939324960339558            
86374                         6                             201.31297830797246            45.18129218832761             146                           1466                          0.3908479166942285            
86925                         6                             661.6572831606161             173.01663195798898            575                           5400                          1.5174701239754476            
87275                         6                             588.5802326376663             147.5806707571708             485                           4781                          1.2870409451592717            
87517                         6                             632.154278240076              152.6960614478025             507                           5048                          1.3409868723699927            
87833                         6                             661.6572831606167             152.9247169700433             513                           5174                          1.351510339108685             
87936                         6                             661.6572831606167             152.60933374312205            513                           5247                          1.3446059444892626            
89073                         6                             661.6572831606163             153.3499367376902             510                           5371                          1.342958472062174             
89940                         6                             661.6572831606165             167.81776355593195            551                           5347                          1.4601256650130163            
90838                         6                             635.1077757036328             162.49820487143396            532                           5012                          1.414588751006012             
92152                         6                             420.89000244322904            110.20887729346792            368                           3452                          0.9694044761737466            
92306                         6                             582.0515786909186             133.00635167539173            446                           4563                          1.171263845356401             
93803                         6                             576.406447695229              133.89264403845033            445                           4454                          1.1779241968612542            
94214                         6                             53.092057736285575            13.536040491021721            45                            415                           0.11923203344701007           
94215                         6                             167.5655872846687             32.402525504317836            110                           1357                          0.28970460864692843           
95479                         6                             661.6572831606165             166.58305155684064            541                           5321                          1.439389099916515             
95565                         6                             661.6572831606164             154.5318400915051             521                           5271                          1.3685275181024938            
96236                         6                             568.1723410148383             137.52435577695886            450                           4494                          1.198217047085195             
96285                         6                             25.918931507402206            3.7028073481275308            13                            173                           0.03307575582555431           
96327                         6                             661.6572831606164             165.2324635808928             558                           5270                          1.4612108778262216            
97581                         6                             661.6572831606165             166.71489995164453            550                           5403                          1.4623171538962125            
97885                         6                             661.6572831606168             152.2167850057065             518                           5291                          1.3503813236162738            
98314                         6                             134.6292751495293             35.14855902311542             118                           1098                          0.3101117189291325            
98327                         6                             580.3269895171031             146.40852843813428            490                           4672                          1.292802891268425             
98606                         6                             661.6572831606164             172.36117765262748            569                           5362                          1.5089391390267106            
98650                         6                             661.6572831606165             164.73857102286595            552                           5381                          1.4486733978225343            
99016                         6                             661.6572831606163             155.23381629197453            511                           5067                          1.3540696604024072            
99251                         6                             661.6572831606164             147.5177911485991             480                           5045                          1.2801846491700966            
99624                         6                             123.2001394104888             29.42101176560118             100                           950                           0.2626492448463158            
99900                         6                             661.6572831606168             156.7525282796108             524                           5170                          1.380411530163201             
769                           7                             661.6572831606165             170.54115292154611            568                           5308                          1.500363228965556             
1562                          7                             467.01125542205335            125.00757379291304            416                           3847                          1.098030482362402             
1991                          7                             661.6572831606164             167.40571436437875            551                           5323                          1.462759118650608             
2829                          7                             203.2743733271075             51.92312905481471             168                           1584                          0.45063801411192184           
3825                          7                             661.6572831606167             163.31058166779633            548                           5509                          1.4396741653706515            
4298                          7                             661.6572831606163             170.76472142276157            563                           5269                          1.4956776542010934            
4716                          7                             661.6572831606168             179.7692956219465             594                           5409                          1.5732717596910986            
5188                          7                             422.33530565329545            97.69144237832167             331                           3310                          0.866130811300074             
6000                          7                             5.632685227844769             1.3451633983537783            4                             31                            0.010826761687237299          
7032                          7                             661.6572831606165             182.69142279161633            600                           5333                          1.5911722454009791            
7101                          7                             537.6234908428651             127.39616283829879            422                           4108                          1.1205441983387614            
7681                          7                             661.6572831606167             167.9320050702888             564                           5299                          1.4822472329004035            
8054                          7                             194.8763760189937             47.607182680418724            158                           1478                          0.418143116059971             
9049                          7                             661.6572831606164             160.6374323811003             531                           5329                          1.4069497557831412            
9442                          7                             566.3813176636668             141.04886266465445            461                           4365                          1.22478136490138              
9489                          7                             661.6572831606167             169.5446077743367             561                           5331                          1.4847141942887536            
10170                         7                             191.36636488214396            48.50959082042094             157                           1521                          0.4211988982445082            
10720                         7                             661.657283160617              150.6114735130302             494                           5152                          1.3124174577982866            
10911                         7                             661.6572831606163             160.68909593339777            533                           5188                          1.409260877836256             
10954                         7                             337.6608330391718             81.10120363208755             272                           2874                          0.7156855564727403            
12629                         7                             558.0643014927671             131.8376926734766             443                           4221                          1.1639864291107518            
13181                         7                             661.6572831606165             174.3569508300926             576                           5207                          1.5264959608213815            
14008                         7                             194.97508660676777            50.64977121354209             166                           1552                          0.44274019171691714           
14332                         7                             113.02350152073838            32.24916145248498             104                           919                           0.2784217814330582            
14822                         7                             661.6572831606164             180.85852749322848            595                           5206                          1.575574094472241             
15024                         7                             661.6572831606165             171.54603435975721            574                           5246                          1.5102511736598783            
15433                         7                             101.77682910933117            27.956583954297095            91                            854                           0.24187338859666313           
15487                         7                             241.03744052730966            62.00373134395384             204                           1971                          0.5414421782691656            
15758                         7                             661.6572831606167             169.97839576774945            555                           5295                          1.4747163833727612            
16083                         7                             661.6572831606169             164.20963162580236            551                           5279                          1.452487123353022             
16595                         7                             495.1235245671189             134.4910842009499             446                           3979                          1.1809784338461298            
16774                         7                             661.6572831606165             159.84718234959064            535                           5198                          1.4097993580817372            
17159                         7                             661.6572831606167             167.42654339842682            556                           5257                          1.4715903123850484            
17279                         7                             621.1316751802892             163.0435129789976             528                           4980                          1.40946037409981              
17861                         7                             661.6572831606163             166.9719525803947             560                           5193                          1.4771794012450568            
19506                         7                             661.6572831606168             157.0493910786066             529                           5154                          1.3889142355667699            
19511                         7                             661.6572831606165             161.9345462111122             537                           5322                          1.4173057720586268            
20173                         7                             655.1374487030076             160.79042777090814            529                           5238                          1.3994626383145756            
20388                         7                             333.6298251454364             89.71911309264551             300                           2717                          0.78995515982783              
20516                         7                             581.6770366184471             144.78059966152765            477                           4554                          1.2651761891219406            
21383                         7                             100.82759422636356            24.71087251141671             81                            773                           0.2142609959320055            
21467                         7                             205.1536330885186             55.53192954097297             178                           1588                          0.47914504475105163           
21859                         7                             661.6572831606163             160.0152568979476             536                           5343                          1.4097884062337624            
22781                         7                             359.8527490328968             90.60569680368606             293                           2832                          0.7837704273217518            
23117                         7                             661.6572831606165             177.97934003868588            598                           5346                          1.5710089892231833            
23450                         7                             28.284373036950306            6.9184704061346425            22                            223                           0.05936202282752011           
23613                         7                             584.2502831606168             147.70518522103617            484                           4720                          1.2877185702038267            
24512                         7                             644.07297819946               156.52371387570994            511                           5020                          1.3618208224591164            
24746                         7                             73.03900000000003             16.397675855921925            54                            554                           0.14329947713753174           
26076                         7                             150.62168364990887            31.879703252965605            105                           1197                          0.2795348758885173            
26681                         7                             567.7263211398615             134.23751084708903            449                           4507                          1.1841905778819493            
26747                         7                             217.60570518215604            51.08755793906529             169                           1639                          0.44742369663034787           
27826                         7                             480.1251511217419             116.07394611261519            383                           3848                          1.0125555720756765            
27979                         7                             661.6572831606165             162.66113460451137            551                           5147                          1.4442841626820533            
28409                         7                             661.6572831606163             169.48887224794007            557                           5133                          1.4838138610217066            
28995                         7                             661.6572831606164             160.6897133621725             524                           5142                          1.3948664494635294            
29131                         7                             661.6572831606164             170.4018091003043             567                           5305                          1.4964467992499195            
29152                         7                             185.00072261151178            52.33172161838332             174                           1462                          0.4578322572469493            
29806                         7                             661.6572831606165             146.79613954452574            495                           5247                          1.3015128285006727            
29884                         7                             661.6572831606168             171.66147792583737            579                           5136                          1.5156386026037243            
29951                         7                             661.6572831606165             162.16973632379393            535                           5163                          1.4206120135086557            
30080                         7                             82.4592588522853              21.98665059256979             73                            619                           0.19363029172259522           
30167                         7                             31.81846149073585             7.248876725122342             24                            249                           0.0629914381412442            
30918                         7                             661.6572831606164             167.09600428067344            548                           5242                          1.453663548299363             
33059                         7                             385.17424656699586            94.34575063708267             313                           2984                          0.8296180786700343            
33136                         7                             417.2100868087212             104.99527684475541            341                           3284                          0.912479853322598             
33486                         7                             250.218738896302              60.228094038679444            197                           1959                          0.5280583430759959            
34082                         7                             305.34015825358847            87.92738445589939             292                           2466                          0.7717181436651082            
35482                         7                             661.6572831606164             156.23955905481495            517                           5170                          1.368309239761635             
37921                         7                             32.20578870117129             9.74233543615107              32                            260                           0.08561658623018553           
37956                         7                             274.1319550422803             65.76796517743918             214                           2017                          0.5729610421063849            
38310                         7                             535.6285475664686             121.87473491192227            405                           4157                          1.0742736358608127            
38683                         7                             32.20570086805489             5.155614389657558             18                            216                           0.04602606442589017           
38704                         7                             661.6572831606165             184.8668799511016             616                           5351                          1.624794653390655             
38864                         7                             648.7436819413526             149.31510221137094            492                           5145                          1.3067428783438633            
38874                         7                             661.6572831606163             180.2953709029107             597                           5277                          1.5785884529859318            
39002                         7                             661.6572831606163             165.99310332267672            549                           5156                          1.4520049130416035            
40202                         7                             326.0404796578491             81.03414988856979             264                           2555                          0.7028650236077671            
41449                         7                             661.6572831606165             162.17983424777535            538                           5413                          1.4233082373384454            
42449                         7                             237.403021440195              56.79549363903258             191                           1845                          0.5011052805154854            
42640                         7                             45.88068055010277             11.412559960861108            37                            369                           0.09798575663397661           
43075                         7                             661.6572831606165             159.52553517267413            525                           5225                          1.393846869148642             
43552                         7                             661.6572831606164             159.04524940191732            529                           5313                          1.3954633847845404            
43696                         7                             661.6572831606165             153.0992180287972             512                           5248                          1.3485333706190579            
43849                         7                             142.69968517782002            31.14075994426211             101                           1143                          0.2679042160239373            
44217                         7                             312.6557529757889             75.83956630703022             249                           2278                          0.6596794887622202            
44831                         7                             365.2954542629327             90.28436686155423             301                           2851                          0.7940289508498464            
45016                         7                             661.6572831606167             164.67988142005095            543                           5328                          1.441752029929785             
45173                         7                             661.6572831606165             171.05817010926876            569                           5473                          1.504183586032676             
45231                         7                             661.6572831606164             176.34566951674825            583                           5402                          1.5405685824717053            
45286                         7                             661.6572831606165             171.82908229015425            568                           5243                          1.5024693696581743            
45353                         7                             661.6572831606165             149.59893930550282            501                           5178                          1.3236289531100587            
46068                         7                             661.6572831606168             169.5293909318565             569                           5356                          1.4969166857358642            
46894                         7                             661.6572831606162             158.91945816155186            527                           5393                          1.3949664545610194            
47163                         7                             541.0081367449144             143.0790040155315             473                           4415                          1.2532133892516655            
47239                         7                             561.0332722761068             149.16172640101763            494                           4354                          1.3078780589167818            
47340                         7                             607.64106624572               135.47426465458972            452                           4661                          1.1903452172793803            
47415                         7                             661.6572831606162             167.5983897465386             548                           5168                          1.456829111113112             
48251                         7                             661.6572831606164             148.658789530526              487                           5309                          1.2989886078823778            
48288                         7                             661.6572831606165             163.26547517180373            541                           5374                          1.4323998165957863            
48428                         7                             661.6572831606167             172.50476726201683            575                           5187                          1.5136151046874153            
48667                         7                             38.21752624653868             8.71924490993478              28                            308                           0.07725508652055027           
50884                         7                             118.25641577193961            26.3129659303258              89                            890                           0.23264359556329198           
51165                         7                             661.6572831606165             166.16865567068427            550                           5342                          1.4554032360182558            
51343                         7                             612.9741161120049             157.50523417376638            518                           4996                          1.378217780662214             
51598                         7                             456.33402971069023            111.64649103415337            372                           3563                          0.979788930299621             
51608                         7                             661.6572831606165             155.00863094687054            516                           5237                          1.3617093847767747            
51624                         7                             124.51262973520713            34.82757762865313             114                           945                           0.30305595908473787           
52298                         7                             661.6572831606164             167.6562922477189             554                           5127                          1.4650853486665432            
52348                         7                             186.9862943127734             46.24357996212865             157                           1434                          0.41297181666799115           
52887                         7                             299.825840519672              76.37836074489314             251                           2432                          0.6659922644969436            
53008                         7                             661.6572831606163             154.9256155672063             518                           5157                          1.3603255331468564            
53752                         7                             661.657283160616              159.85950829046615            534                           5261                          1.4031000995203362            
53798                         7                             661.6572831606168             171.46261935091417            561                           5280                          1.4954006845748968            
53970                         7                             661.6572831606164             171.41719889634513            571                           5206                          1.5057936769499776            
54408                         7                             661.6572831606165             183.1450653148002             597                           5242                          1.5950696330193916            
55321                         7                             661.6572831606168             155.729551920831              516                           5086                          1.366842231844761             
55898                         7                             65.05480634442495             16.798411444624428            55                            530                           0.1463098545524324            
56160                         7                             334.0825578406559             76.5485310038241              257                           2710                          0.6736632261534505            
56524                         7                             661.6572831606165             155.69807508552807            522                           5241                          1.374038949164114             
56875                         7                             661.6572831606165             160.21287881577112            534                           5109                          1.409959186518111             
57006                         7                             661.6572831606168             165.47687858125622            546                           5386                          1.4521761244283211            
57530                         7                             661.6572831606168             160.69610019757883            518                           5289                          1.389215028918545             
57697                         7                             106.81056868851415            27.533632811596654            87                            860                           0.2345948988926994            
57775                         7                             661.6572831606168             157.16255927744126            521                           5230                          1.3724676742837294            
57839                         7                             185.2929369923028             40.311430507758594            134                           1518                          0.3532869592718124            
59224                         7                             461.3422062071772             105.5570559507491             349                           3715                          0.924285284784347             
59864                         7                             247.72786794281026            58.138343441816296            197                           1925                          0.5145520624441613            
60632                         7                             661.6572831606165             161.69099741591685            539                           5124                          1.4203728696655722            
61136                         7                             661.6572831606167             165.29823865449208            549                           5364                          1.449705096453013             
61797                         7                             661.6572831606171             149.76001969738567            500                           5220                          1.315380516541843             
62389                         7                             32.20554711767897             7.647750626350317             26                            233                           0.06770924104456501           
63729                         7                             661.6572831606161             154.07765982949525            508                           5264                          1.3486033505339945            
63829                         7                             661.6572831606164             173.92408457492238            571                           5295                          1.516690572176795             
63989                         7                             584.2502831606168             141.11359893777058            467                           4584                          1.2344855042687377            
64089                         7                             228.88443996499316            59.004506521091606            196                           1785                          0.5168643593915377            
64757                         7                             661.6572831606165             161.7537528942559             542                           5381                          1.4266486066911799            
64835                         7                             661.6572831606167             167.87441217617487            554                           5182                          1.4650904161970744            
65057                         7                             661.6572831606163             163.58818931730016            534                           5437                          1.420074758367058             
65758                         7                             661.6572831606167             161.22979787609842            529                           5314                          1.4082149158254524            
66525                         7                             571.6246831606165             141.65147758451832            483                           4578                          1.2598290437226467            
66667                         7                             661.6572831606163             167.01104106662277            548                           5299                          1.4561357527243466            
67025                         7                             661.6572831606167             158.0805560665132             525                           5207                          1.3858685464101614            
67630                         7                             75.25                         14.814217077859494            51                            444                           0.13261230547205916           
68195                         7                             661.6572831606164             165.08150031116745            546                           5375                          1.4489327238788814            
68343                         7                             661.6572831606164             148.592969676485              486                           5092                          1.2915521358536193            
69434                         7                             73.67634323770422             14.765949454441973            48                            556                           0.12873767726065144           
69955                         7                             251.2962690773567             57.25945258351201             197                           1965                          0.5139324622653176            
70026                         7                             661.6572831606165             155.45779952446617            520                           5202                          1.3686927977083498            
70592                         7                             661.6572831606165             159.17408909957163            528                           5247                          1.398539879119185             
70916                         7                             661.6572831606165             172.61224383238573            564                           5339                          1.5017165051880266            
71301                         7                             661.6572831606165             156.43936770119635            521                           5152                          1.3778531414073971            
71773                         7                             443.33447100011875            123.44347313738817            413                           3585                          1.0918334408939174            
72627                         7                             298.3940300596273             79.03931651025846             259                           2394                          0.6877234603869855            
72780                         7                             357.3294580381938             94.19084821372938             310                           2810                          0.8192297329980784            
72817                         7                             552.4298307805743             141.53577652996225            462                           4246                          1.2264647761612322            
74335                         7                             661.6572831606167             173.05165145407543            569                           5329                          1.5150574951781106            
74521                         7                             661.6572831606165             165.50187129763583            553                           5222                          1.4580888288940774            
74688                         7                             73.039                        22.331398975611165            75                            584                           0.19633731717281064           
74760                         7                             265.82679199933915            59.43069228725601             195                           2040                          0.5183914237917575            
74913                         7                             226.68627596438353            55.05883702899154             186                           1774                          0.48888426203339164           
75011                         7                             661.6572831606167             175.8034372083024             577                           5265                          1.5305990917360177            
75893                         7                             661.6572831606164             153.59629058696729            512                           5169                          1.3511877872418032            
77491                         7                             661.6572831606165             170.04852728100425            553                           5357                          1.475563140554173             
79810                         7                             661.6572831606163             165.34593594982138            542                           5205                          1.43876268632115              
80595                         7                             661.6572831606165             174.86504911083702            569                           5295                          1.516866669688823             
81242                         7                             354.0974416245837             82.04735093266859             269                           2706                          0.7141049284972828            
82603                         7                             661.6572831606169             173.45603011970087            570                           5223                          1.5119928890657839            
82636                         7                             449.25783650077216            111.73599853853126            368                           3652                          0.9735926992314001            
83069                         7                             643.3257724159548             160.67992657887467            530                           5191                          1.4026860039021125            
84062                         7                             36.39225698134692             9.210994701725598             30                            240                           0.0800264163698312            
84834                         7                             32.20571276197916             8.732360411402807             29                            249                           0.07596227986385348           
85266                         7                             581.5313154730974             153.07626373121138            513                           4721                          1.351054599365216             
86238                         7                             661.6572831606165             163.7932762682715             536                           5184                          1.4269547521006491            
87493                         7                             661.6572831606164             154.5982430856259             521                           5083                          1.3733674024856148            
88108                         7                             661.6572831606165             162.24817788914007            537                           5167                          1.4195867349392048            
89157                         7                             661.6572831606164             163.94639608896094            549                           5367                          1.4437997454652451            
89194                         7                             661.6572831606165             175.7426956633909             581                           5435                          1.5387651943471705            
89326                         7                             66.0915975388047              15.718269682107909            52                            511                           0.13808729128615424           
89458                         7                             661.6572831606165             167.9672716461501             550                           5367                          1.461312902305604             
89565                         7                             661.6572831606165             164.36366489554467            542                           5224                          1.4364782371244438            
90210                         7                             661.6572831606164             171.58890779792904            567                           5351                          1.5003362421037416            
90450                         7                             661.6572831606164             175.9038167180828             576                           5319                          1.531454734773492             
91043                         7                             661.6572831606164             160.43090894968915            528                           5169                          1.3964312810104031            
91496                         7                             661.6572831606164             154.14616942738263            508                           5243                          1.3486325031280157            
91532                         7                             199.6999174525685             50.46141501692945             167                           1566                          0.4416813367970537            
91558                         7                             661.6572831606167             160.79272198115547            536                           5225                          1.4190510273591759            
92617                         7                             661.6572831606167             161.2225710172973             530                           5182                          1.407387773249391             
92867                         7                             661.6572831606165             171.41548135267072            572                           4932                          1.5043276349378703            
93176                         7                             177.35274261296527            39.193505028760256            130                           1430                          0.34425977492618787           
93692                         7                             371.85454230205585            84.12443146117269             273                           2862                          0.7279256043081848            
94155                         7                             556.5756519563128             147.3344605389158             491                           4340                          1.2959847493984893            
94702                         7                             661.6572831606163             163.42165751222174            547                           5271                          1.4423469829734168            
95231                         7                             661.6572831606164             165.18215733438115            550                           5203                          1.450631420433517             
95281                         7                             382.57103289521166            81.67771866651181             270                           3145                          0.7176925757902404            
95416                         7                             661.6572831606165             154.47286196057348            513                           5139                          1.3575701934697337            
95904                         7                             661.6572831606168             160.38281315771636            536                           5336                          1.4134737034840699            
96343                         7                             410.8751585605589             112.47563895718595            376                           3325                          0.989326118249817             
97018                         7                             477.9242470977347             121.82627386241398            406                           3790                          1.0718106792106656            
97079                         7                             661.6572831606164             177.4355748898783             590                           5284                          1.5615996975130386            
97199                         7                             461.9564372073145             112.17457027053845            374                           3602                          0.9888160865432742            
97457                         7                             661.6572831606167             169.34901476262786            557                           5272                          1.4784365478520147            
98100                         7                             385.6859706719338             103.44262489283491            342                           3177                          0.9066678534202384            
98204                         7                             661.6572831606162             173.5712231360213             567                           5271                          1.5079626364195757            
99085                         7                             36.658231818080495            9.294485536285674             32                            275                           0.08400908126921663           
99188                         7                             661.6572831606163             166.55926007596426            550                           5305                          1.4525427904333115            
99906                         7                             94.59093530144457             25.684617776780765            86                            762                           0.2249941876824957            
617                           8                             661.6572831606164             140.91383460246533            477                           4998                          1.2495596220834622            
693                           8                             342.3237161110524             80.6490534720634              271                           2718                          0.7138878900201754            
1252                          8                             217.71092521453463            58.93246102572779             197                           1858                          0.5204749756516248            
1687                          8                             661.6572831606168             155.6547979499997             511                           5282                          1.353860145355922             
2215                          8                             661.6572831606167             153.85058205361202            509                           5330                          1.345411692931519             
2592                          8                             152.1312989071238             34.079591592487915            112                           1196                          0.2975496497856327            
2847                          8                             174.7578126592384             44.01753952837453             142                           1322                          0.3779287971043112            
3348                          8                             572.3169808243387             141.619798310586              472                           4480                          1.2432686042058725            
3660                          8                             361.5268184446932             85.87756380222024             281                           2919                          0.7501867081006756            
3743                          8                             661.6572831606165             168.98394234033444            564                           5303                          1.4891812952628016            
3805                          8                             185.15069975305832            47.38899529491126             158                           1374                          0.4156833874638843            
4013                          8                             126.84543874655729            32.09555914423685             105                           942                           0.2781941346412903            
4353                          8                             440.57517945063125            102.63084932322967            335                           3329                          0.8913303236560002            
4945                          8                             661.6572831606165             157.05173806382726            525                           5209                          1.3844382629034278            
4963                          8                             501.23870564722677            126.96707877639214            421                           4033                          1.1131938766447391            
5964                          8                             31.818832431924697            5.215633053125584             16                            203                           0.045376620576000656          
6433                          8                             351.6494524846338             85.85413068063791             293                           2690                          0.7640179064526607            
6656                          8                             220.4359104910578             49.46491903013491             168                           1694                          0.439344895546449             
6819                          8                             661.6572831606162             171.0760894653729             568                           5350                          1.5011726001354764            
7231                          8                             661.6572831606167             161.70273589464637            537                           5100                          1.4168270898289106            
7434                          8                             661.6572831606167             166.3084109620789             556                           5253                          1.4654216126161386            
7654                          8                             30.254769523541004            5.863297751726336             19                            231                           0.05071903990473925           
7913                          8                             661.6572831606164             166.48478891517465            555                           5308                          1.4619233051025438            
8946                          8                             586.5932831606166             138.7109645196554             465                           4730                          1.2244961637681473            
9988                          8                             341.69506139851774            84.1809920659717              280                           2792                          0.7386485576079873            
10659                         8                             469.0441893574794             107.21373451132398            355                           3701                          0.9413429364596384            
10811                         8                             661.6572831606164             175.51925254520182            580                           5240                          1.5373183368311687            
10851                         8                             661.6572831606163             173.4879241575397             566                           5392                          1.503517570679147             
11055                         8                             333.4617478596018             79.18924764445546             266                           2544                          0.6997992557555164            
11307                         8                             661.6572831606165             167.49332207372154            553                           5289                          1.4706598392745462            
11425                         8                             661.6572831606167             156.42717569814386            522                           5302                          1.3768535515475886            
11666                         8                             661.6572831606168             160.91447732295194            531                           5132                          1.4026305022182377            
11757                         8                             550.8269882702666             132.44021692160905            446                           4302                          1.1743871278965539            
13063                         8                             661.6572831606167             166.63546655881993            550                           5426                          1.4532493291192052            
13523                         8                             661.6572831606168             161.63170892853867            545                           5161                          1.4261349630378501            
13917                         8                             420.867380652812              115.38218527927107            378                           3491                          1.004461409367801             
14100                         8                             184.71680012210192            47.05148660529185             153                           1413                          0.4063870408706215            
14905                         8                             661.6572831606163             160.12347177014718            526                           5279                          1.392140235851123             
15154                         8                             234.35341280754716            55.85941399599547             184                           1802                          0.4895564739702106            
15417                         8                             45.837991785736776            12.69286476677634             42                            363                           0.11120787926530505           
15539                         8                             661.6572831606168             183.7524890161256             602                           5256                          1.6027620094133264            
16130                         8                             652.5250856492937             159.54047149677174            524                           5191                          1.3908390583282526            
16146                         8                             573.9921831606165             153.1549123537992             515                           4687                          1.3514362452869086            
16430                         8                             661.6572831606167             170.61399379719768            563                           5442                          1.4893232909383545            
16880                         8                             661.657283160617              169.78791252634892            555                           5249                          1.4792116154992432            
16989                         8                             69.8832558572109              14.161469184798916            47                            502                           0.1235810597860031            
17007                         8                             661.6572831606164             151.51609704615396            506                           5194                          1.3360807902035656            
17257                         8                             145.3644170292969             37.37603799825435             120                           1094                          0.32271604955562405           
18016                         8                             599.7799965517272             148.53690238453373            499                           4625                          1.31469694857986              
18076                         8                             661.6572831606164             169.92307340045346            571                           5275                          1.5006594599367342            
18844                         8                             571.7008770660992             142.49900027030534            472                           4443                          1.2516590603563336            
19336                         8                             289.11902702997094            71.95194998913136             236                           2267                          0.625487561105065             
20130                         8                             661.6572831606165             169.32945946924698            555                           5209                          1.4745746936258               
20444                         8                             661.6572831606167             160.96403472245325            533                           5357                          1.4126957552289716            
20665                         8                             661.6572831606168             160.340881124542              526                           5285                          1.398268412750439             
20997                         8                             364.32446093481366            91.02031503711457             296                           2984                          0.7880776461881249            
21313                         8                             661.6572831606165             168.45648298613565            558                           5197                          1.4713719786582242            
21343                         8                             661.6572831606165             160.92770367683553            533                           5165                          1.412310074875506             
21662                         8                             563.973695170139              138.79845341269794            462                           4414                          1.2181154121403677            
22940                         8                             661.6572831606164             168.29158302863098            548                           5307                          1.460285666627326             
23439                         8                             661.6572831606165             163.8562517351726             538                           5300                          1.4299559683463574            
23520                         8                             99.69578581927206             25.91279831074315             87                            825                           0.22751503863888453           
24956                         8                             611.8285291075929             140.92301924356002            473                           4682                          1.242324562246599             
25053                         8                             661.6572831606165             164.1849941568875             546                           5366                          1.4403364380187456            
25318                         8                             566.4008234908456             134.7350396621352             455                           4527                          1.1945709636780848            
25747                         8                             404.5967509229353             94.96347826846704             317                           3229                          0.8372861774133679            
25912                         8                             661.6572831606164             151.14320707914308            505                           5153                          1.3283077088509763            
26376                         8                             661.6572831606165             175.10394553860573            574                           5277                          1.5261960199881246            
26479                         8                             328.8024630690401             87.59982996785409             288                           2576                          0.7660485821030922            
26483                         8                             226.9884632066558             58.25206404087193             193                           1812                          0.5073999980946365            
26854                         8                             214.40618897642528            57.71522398174096             194                           1762                          0.5078167126730908            
27143                         8                             661.6572831606165             161.03025454344626            530                           5256                          1.406951902002839             
28173                         8                             257.0914281048519             58.86434150052682             197                           2015                          0.5170845138471846            
29153                         8                             661.6572831606163             155.57282932506186            513                           5408                          1.3575546792520492            
29910                         8                             661.657283160617              166.25786498344218            553                           5309                          1.4589651529302663            
29964                         8                             661.6572831606165             155.1998210155953             513                           5078                          1.3580967949831202            
29982                         8                             661.6572831606164             160.11000119804166            531                           5384                          1.4033130525747528            
30928                         8                             661.6572831606165             174.54198295009505            572                           5168                          1.5176260258615755            
31095                         8                             661.6572831606165             146.60484932405157            487                           5255                          1.2881598906202827            
31156                         8                             170.93691829736179            36.892253412955704            125                           1292                          0.3313197167376981            
31550                         8                             448.7904032871127             107.92457925028377            358                           3576                          0.9462736607385865            
31575                         8                             661.6572831606162             169.64798964841478            561                           5420                          1.4910908076108276            
32286                         8                             661.6572831606165             166.42848317907556            541                           5249                          1.44111805127418              
33074                         8                             661.6572831606167             158.4602071525459             525                           5165                          1.389829678649321             
33297                         8                             476.30380487158607            119.2357874578843             390                           3802                          1.0390564972961016            
34388                         8                             54.724086006086495            10.56629425039746             35                            453                           0.09221371554858854           
34781                         8                             50.51571217883556             15.748957088756038            49                            417                           0.13457361142488544           
35864                         8                             654.854893316382              154.4688567208903             513                           5154                          1.3615870256527036            
36442                         8                             661.6572831606164             161.5389121283275             539                           5166                          1.4187861171999607            
36702                         8                             661.6572831606164             153.84949982585638            507                           5116                          1.3416566276704933            
36718                         8                             661.6572831606163             172.21964395510443            573                           5342                          1.5170574604334597            
36720                         8                             358.5640155226175             79.19807949288257             258                           2756                          0.6882679831888339            
36848                         8                             661.6572831606167             167.69021263213466            552                           5224                          1.4679636338891955            
36991                         8                             661.6572831606165             161.95461168954913            529                           5272                          1.4081942426436704            
37029                         8                             661.6572831606164             166.47356243004225            554                           5276                          1.4594568186195365            
37428                         8                             661.6572831606167             166.77594742356095            547                           5217                          1.4588345942744556            
37672                         8                             661.6572831606164             153.79731391521346            510                           5279                          1.3495349254035598            
37728                         8                             110.57219244724553            22.010333717288884            74                            676                           0.1949635208562256            
38332                         8                             637.4025783785347             150.10200032027632            504                           5068                          1.3315483683132576            
39213                         8                             560.7748659975354             131.81658638239904            435                           4451                          1.1521599095211308            
39215                         8                             661.6572831606164             164.92630763045497            546                           5139                          1.4450188157487256            
39507                         8                             661.6572831606163             165.6650604741944             548                           5124                          1.4512992145891324            
39821                         8                             661.6572831606168             172.931022919834              577                           5355                          1.5239842130644368            
40156                         8                             222.30293597450546            54.06556962979291             182                           1744                          0.47842198182132833           
42328                         8                             16.50686156238479             2.4681712860839675            8                             133                           0.021220836656322295          
42501                         8                             135.42263452351332            31.262546234207754            103                           952                           0.2722512742478048            
42948                         8                             661.6572831606167             154.9759739448643             512                           5127                          1.352790675979878             
43191                         8                             661.6572831606165             152.40280244928402            509                           5033                          1.3417728880159014            
43211                         8                             661.6572831606164             165.93630925160343            550                           5361                          1.4571666669537504            
43765                         8                             142.34468139789283            36.635202552813325            119                           1155                          0.31835611683203413           
45073                         8                             661.6572831606162             162.2924251964377             538                           5331                          1.4223985288604106            
45156                         8                             661.6572831606168             172.34278580525498            569                           5334                          1.507039295985062             
45528                         8                             661.6572831606167             164.2977262529131             544                           5262                          1.4394525570687744            
45710                         8                             661.6572831606162             175.4073821770807             578                           5409                          1.53370920077889              
45730                         8                             275.7956936731904             72.71173450025277             241                           2227                          0.6362296837441699            
46022                         8                             661.6572831606164             160.9169282457831             535                           5195                          1.4133795648618999            
46431                         8                             661.6572831606165             160.12225105421388            525                           5291                          1.3958658903775154            
46621                         8                             661.6572831606168             154.75912620587644            511                           5102                          1.3534261297746695            
46785                         8                             661.6572831606167             167.4843096480846             547                           5244                          1.449115212851404             
46851                         8                             661.6572831606165             147.10100699291968            489                           5168                          1.2935409096761972            
46861                         8                             661.6572831606167             160.709568979778              521                           5254                          1.391974295816794             
47159                         8                             661.6572831606168             161.62350375749227            540                           5351                          1.4251458433485398            
47164                         8                             636.3487641811705             161.61889319405196            537                           5170                          1.4177240839184826            
47947                         8                             661.6572831606165             172.7683716473004             564                           5274                          1.4997905131769067            
48172                         8                             661.6572831606169             172.94320566127493            574                           5314                          1.52388038572169              
48177                         8                             574.4000996231811             151.87403225067513            500                           4696                          1.323523406617341             
48395                         8                             661.6572831606164             158.13698962445093            520                           5131                          1.381638093090765             
48677                         8                             85.36419386892787             20.073000496069096            66                            670                           0.174769100193428             
51783                         8                             661.6572831606167             166.32290910444624            549                           5227                          1.454326673063889             
51857                         8                             330.2000546577264             77.07810265520038             255                           2629                          0.6731110984497527            
52111                         8                             661.6572831606164             173.7246890716646             584                           5247                          1.5383723657609898            
52226                         8                             661.6572831606165             170.75447943694886            567                           5264                          1.4982166882399912            
52295                         8                             232.82424632367525            58.94427683933664             200                           1899                          0.5213821045545937            
52312                         8                             153.9052643699103             41.00859436040456             138                           1274                          0.36353762493549746           
52342                         8                             485.9642784780552             123.71503875426535            412                           3805                          1.0866205778927296            
52554                         8                             555.0302821387676             143.55721456347476            476                           4365                          1.2588250877027334            
53651                         8                             661.6572831606165             154.00361034659377            517                           5213                          1.3636846548975055            
53938                         8                             661.6572831606169             160.43254442798568            534                           5393                          1.4090285552182407            
53989                         8                             661.6572831606165             158.04288496454396            522                           5209                          1.3869133817694137            
54173                         8                             483.93808917301465            108.38448349911273            362                           3781                          0.9539576428316805            
54336                         8                             402.2026439667253             98.03908399969973             320                           3055                          0.8532633521705077            
54368                         8                             661.6572831606164             160.5650029776736             534                           5313                          1.4103740500938589            
54881                         8                             661.6572831606164             159.88491348835166            532                           5130                          1.4060461924947667            
55644                         8                             661.6572831606167             160.6161555520799             533                           5247                          1.4093262843334944            
55803                         8                             661.6572831606163             164.93739220917283            545                           5375                          1.4442220048457206            
56025                         8                             661.6572831606165             173.83791012120102            572                           5383                          1.5140403828744968            
56126                         8                             661.6572831606163             153.5671591923055             505                           5265                          1.3409697625833572            
56502                         8                             661.6572831606165             169.98448595181992            565                           5291                          1.4925049645882895            
56931                         8                             653.275412823334              161.9752986967354             528                           5085                          1.4044453408548014            
56943                         8                             661.6572831606167             138.54912836350636            457                           5295                          1.213164878290223             
57062                         8                             661.6572831606164             166.59469595181872            547                           5206                          1.4556905995202527            
57282                         8                             661.6572831606164             172.0347498517376             578                           5351                          1.5216749580632754            
59395                         8                             74.0232394070072              21.244804923879666            70                            593                           0.18454274721773073           
59657                         8                             661.6572831606167             169.00215720042897            562                           5225                          1.4909500832586067            
59747                         8                             661.6572831606165             176.4978325578128             587                           5253                          1.5501628624676955            
59797                         8                             661.6572831606169             158.5066829169911             525                           5369                          1.3856652538970238            
60303                         8                             661.6572831606165             155.32135980286262            514                           5206                          1.364423562955026             
60363                         8                             564.3435409233732             138.69555944259736            456                           4513                          1.211387975127344             
60719                         8                             185.65625968442004            46.61553642050921             157                           1493                          0.41157024216512833           
60875                         8                             661.6572831606164             159.8513363569656             529                           5165                          1.4019399810545266            
62185                         8                             153.63358734263886            31.120785423836146            99                            1107                          0.2670059094146032            
63653                         8                             530.8289140531667             133.9990804470525             441                           4275                          1.164945223170199             
64473                         8                             584.3011938866766             140.48957612787123            464                           4585                          1.2268550957068896            
64664                         8                             661.6572831606168             158.62897290552462            535                           5202                          1.4099895596146748            
64723                         8                             592.8405520342494             164.19944991522837            537                           4760                          1.4342155336196303            
65494                         8                             661.6572831606165             160.236413347205              525                           5134                          1.3955460715317594            
65840                         8                             661.6572831606165             166.98293691077393            557                           5407                          1.468459281699352             
66862                         8                             661.6572831606165             167.19781306604915            559                           5337                          1.4736156422429088            
66984                         8                             661.6572831606168             165.78803061711173            554                           5357                          1.4623657680454976            
67519                         8                             620.2406203477783             163.50210641682392            534                           4939                          1.4176519826765024            
68897                         8                             661.6572831606165             155.87650596547473            516                           5259                          1.3619312342717598            
70050                         8                             661.6572831606163             173.40973158438533            568                           5297                          1.5109559225790687            
71137                         8                             661.6572831606165             166.2928975013944             547                           5183                          1.4484227342719618            
72251                         8                             195.06837362380304            53.34173587648581             173                           1499                          0.46303900552307975           
72289                         8                             31.818827799686083            6.047434869132599             21                            232                           0.05430544455874321           
72489                         8                             661.6572831606165             165.64434782935902            547                           5403                          1.4481921210687716            
72776                         8                             312.11283381503523            72.27951874033367             234                           2354                          0.6268334200986638            
73123                         8                             661.6572831606168             161.56830859510742            537                           5159                          1.4224175426674883            
73777                         8                             212.33481398937533            53.39370304686054             179                           1728                          0.46941165162188275           
74196                         8                             661.6572831606165             164.2930767455263             547                           5298                          1.4433285178052357            
74253                         8                             121.74255937528235            29.75000134719838             101                           887                           0.26631676875910965           
74684                         8                             596.389053938192              150.36555447565541            494                           4680                          1.3114964229284278            
74703                         8                             32.205833582808616            4.6393789527543605            15                            240                           0.03973663617103373           
74753                         8                             661.6572831606165             163.5544375256023             543                           5109                          1.4367779719123561            
75770                         8                             661.6572831606167             161.3676241498655             530                           5050                          1.4101097966894507            
76133                         8                             411.4767571061579             93.21559855833263             308                           3227                          0.8156854178488835            
77037                         8                             661.6572831606169             168.718356464377              548                           5213                          1.4643229928635577            
78309                         8                             99.62739548425044             20.77130208506818             70                            815                           0.18386523659170909           
78758                         8                             661.6572831606164             157.80788146618343            517                           5251                          1.3709654529169932            
80246                         8                             661.6572831606164             175.0247206594871             581                           5410                          1.5368116104348353            
80385                         8                             51.747220805466775            10.14549812538206             33                            419                           0.08882559101461918           
80618                         8                             44.92014541975684             11.646547154816313            39                            305                           0.10182878181524559           
80667                         8                             29.95716309328341             7.374343382432418             24                            206                           0.06328181550346101           
80824                         8                             347.85180049351925            89.75974491474943             293                           2643                          0.7808107110836091            
81044                         8                             661.6572831606165             172.70269479013922            577                           5297                          1.5209318890482084            
81463                         8                             661.6572831606165             167.92233564710938            553                           5347                          1.470351489920769             
81526                         8                             661.6572831606167             162.7992256730228             539                           5308                          1.4276896086324085            
82656                         8                             348.93426252678177            92.3877841093678              300                           2828                          0.8002239693825274            
82775                         8                             232.034835408672              59.43141707219981             206                           1844                          0.5369843676604881            
83243                         8                             143.00474582373468            33.073553121149985            106                           1094                          0.28561983771251465           
84133                         8                             661.6572831606165             172.29420357330957            574                           5280                          1.5132995349475242            
84255                         8                             2.1395167756185214            0.27964351251270725           1                             14                            0.0025204926054868044         
84467                         8                             661.6572831606162             185.3936255801698             612                           5444                          1.6224031689900111            
84782                         8                             151.43429183995875            32.89858734493887             109                           1192                          0.28945143212446783           
85686                         8                             661.6572831606162             147.64077061221477            491                           5302                          1.2929164811719174            
85875                         8                             661.6572831606165             172.09143881000506            577                           5242                          1.517793330348709             
86023                         8                             661.6572831606164             153.9659090499199             512                           5259                          1.3521215328785174            
86400                         8                             661.6572831606161             158.89598825110224            530                           5135                          1.397329172342963             
88092                         8                             661.6572831606168             160.50104982514415            542                           5067                          1.4198241764548811            
88213                         8                             661.6572831606168             157.50679642815822            520                           5047                          1.3758301253595793            
88414                         8                             643.6439481395358             156.55197697688922            519                           5018                          1.3725715739500328            
88900                         8                             661.6572831606168             189.58479548389096            625                           5283                          1.6553903794590785            
89224                         8                             661.6572831606165             166.57487440861837            549                           5312                          1.458421414399208             
90462                         8                             75.24999999999999             16.672134904280675            56                            586                           0.14859467836252122           
91052                         8                             573.9921831606164             151.28190042524704            501                           4557                          1.3253396972369007            
91070                         8                             661.6572831606165             146.03151814244808            488                           5142                          1.2858112873808059            
91083                         8                             154.01389111950283            33.49005192928151             111                           1235                          0.29553793997972977           
91531                         8                             661.6572831606167             168.11284449519744            563                           5263                          1.4790971293666817            
92015                         8                             32.20564005004499             7.487867933209625             25                            262                           0.06634990396268751           
93149                         8                             661.6572831606165             164.6779099145744             546                           5220                          1.4445161642389965            
93275                         8                             295.82329698802494            74.58198290984782             247                           2365                          0.6534529224314499            
93283                         8                             617.1462026655631             152.60903880050245            505                           4837                          1.3354774901955597            
93395                         8                             92.23329811215653             27.702475717077203            93                            731                           0.2454746109013466            
93401                         8                             661.6572831606165             159.80553660359834            533                           5330                          1.4018078828793108            
93510                         8                             661.6572831606164             154.5275308097185             514                           5247                          1.3588228878759123            
93716                         8                             661.6572831606168             185.1316479153511             612                           5463                          1.6193910085899024            
93979                         8                             573.9921831606162             149.8991827854435             512                           4704                          1.336362026580881             
94322                         8                             661.6572831606165             169.86433173981754            565                           5280                          1.491906833349137             
94680                         8                             661.6572831606167             150.15450980027126            501                           5155                          1.3208372279680727            
95806                         8                             661.6572831606162             173.15826327555465            579                           5439                          1.522776977987315             
95938                         8                             487.3494543078286             120.55750985690743            409                           3917                          1.0753813551994835            
96140                         8                             661.6572831606165             162.8752177306473             540                           5201                          1.4296841471708628            
96729                         8                             329.33728554212684            89.19509239522904             292                           2655                          0.7764357565044138            
96770                         8                             661.6572831606165             181.856961759716              602                           5343                          1.5942384354441126            
96801                         8                             661.6572831606165             170.35047709164309            560                           5286                          1.483952909252243             
97008                         8                             108.45073280430262            26.230284035540166            91                            890                           0.2358019409985669            
97064                         8                             210.338233031049              53.996075204476604            180                           1639                          0.4751076309468736            
97262                         8                             609.592843231755              149.3568638808379             502                           4897                          1.3161779247761058            
97359                         8                             661.6572831606165             166.43809169913374            554                           5333                          1.458455807900036             
97823                         8                             661.6572831606164             174.42781336344865            584                           5369                          1.532589661572515             
98169                         8                             661.6572831606163             165.78421874825898            554                           5253                          1.4586389711013106            
98366                         8                             83.19667891494655             21.259181371988316            71                            650                           0.18668853449874284           
98438                         8                             661.6572831606165             178.55622268645314            595                           5365                          1.5697318252897192            
98598                         8                             469.5594629926457             125.18472725797234            420                           3777                          1.1060053254088973            
98814                         8                             661.6572831606164             166.8438933924951             548                           5454                          1.4561557503784819            
99066                         8                             661.6572831606165             171.85168552583045            573                           5249                          1.5121797723430426            
99291                         8                             573.9921831606164             152.89134929462034            510                           4614                          1.3436879908298094            
99397                         8                             661.6572831606165             168.50074261206976            556                           5436                          1.473225518010255             
99657                         8                             661.6572831606163             146.2950374705949             489                           5339                          1.29006418652446              
99834                         8                             519.5882437900868             129.74268043082552            421                           3993                          1.1210907600281335            
1117                          9                             661.6572831606164             168.4516510187753             562                           5205                          1.485483376633196             
1378                          9                             91.02016551624189             24.972863283709415            83                            777                           0.21901881038372895           
1824                          9                             509.64574904285496            128.14736724018792            425                           3960                          1.1210829949121457            
2314                          9                             661.6572831606167             154.9993439970082             510                           5145                          1.3506539973785965            
3308                          9                             110.90302885208612            25.310989809054004            82                            892                           0.21794459392891233           
3708                          9                             661.6572831606167             160.89344981210093            541                           5244                          1.4243041454752596            
4071                          9                             661.6572831606168             160.63018729738613            527                           5232                          1.400091646847626             
4142                          9                             490.04483517287025            127.84774938929105            424                           3952                          1.121880641776476             
4757                          9                             376.54964612772585            88.67453308417335             297                           3112                          0.7797966055481131            
4967                          9                             661.6572831606164             157.25836670629297            515                           5275                          1.3728449833749097            
5122                          9                             32.205381448669996            7.6806447803741635            25                            231                           0.0662066925637716            
5886                          9                             231.13916855950015            51.88058459142902             170                           1768                          0.4513574529416805            
6271                          9                             661.6572831606168             166.67030769248206            550                           5164                          1.4552557287764702            
6282                          9                             311.8101197497959             65.72995555202539             216                           2314                          0.5737576737512221            
6298                          9                             411.2562223845969             96.82359610910707             320                           3124                          0.8498837761949583            
6470                          9                             267.9461882350924             61.13405971156359             198                           2061                          0.5303162727944808            
6621                          9                             427.8446438147516             105.72046511626417            349                           3417                          0.9232657266178904            
7604                          9                             661.6572831606162             170.13986947424684            560                           5228                          1.4870391761071562            
7929                          9                             661.6572831606168             180.0511990220113             599                           5159                          1.5822103558793217            
9183                          9                             661.6572831606164             174.67850797854805            579                           5291                          1.5290876257741575            
10031                         9                             661.6572831606164             155.5795421846773             514                           5361                          1.3584597764502444            
10047                         9                             504.21873331779733            125.68779801693246            417                           4082                          1.1009593141148264            
10512                         9                             661.6572831606168             167.13937179463966            556                           5170                          1.464854087890016             
10559                         9                             499.2648529964476             134.26917803860218            443                           3896                          1.1710468854411236            
10946                         9                             490.8643662578117             117.5549275547135             388                           3970                          1.0224348167171649            
11092                         9                             661.6572831606165             159.8260572713231             520                           5188                          1.38487169147689              
11167                         9                             661.6572831606163             164.46737646935745            546                           5445                          1.4468009844683238            
11784                         9                             472.085667889783              105.46527231035807            349                           3758                          0.9225577372248166            
11986                         9                             661.6572831606165             181.2436254957327             607                           5315                          1.5971123706895818            
13090                         9                             661.6572831606165             167.78709754666858            557                           5293                          1.4730108460384246            
13108                         9                             661.6572831606165             164.91659458674613            550                           5235                          1.449250481497876             
14133                         9                             661.6572831606167             163.0802499118433             547                           5292                          1.4415593264833522            
14261                         9                             661.6572831606164             148.88955210336675            489                           5207                          1.2966191808513092            
14305                         9                             284.79280357590716            83.71478046559001             277                           2295                          0.7366570727778123            
15014                         9                             591.5665882875962             144.47395043857338            477                           4705                          1.266317511134988             
15564                         9                             661.6572831606163             168.53977429154824            556                           5294                          1.476443310848715             
16597                         9                             494.21267240123615            133.2344089847923             447                           3967                          1.1716978283160984            
17154                         9                             200.18124718602124            49.87231681599907             165                           1569                          0.4367661852324319            
17355                         9                             661.6572831606164             171.21065407910126            565                           5225                          1.4950589643969483            
17779                         9                             661.6572831606164             162.18516796773207            540                           5280                          1.4226538833001403            
18184                         9                             347.73078753367395            82.59167527231705             273                           2876                          0.7209196719966602            
19555                         9                             103.53085080245727            24.67322841714019             83                            831                           0.21762910936822355           
20073                         9                             295.8603525786212             77.66047497234766             256                           2368                          0.6768725729927393            
20270                         9                             661.6572831606167             155.75300003852897            518                           5273                          1.3694547452539683            
20874                         9                             661.6572831606168             163.05042659971               526                           5218                          1.4046427243721227            
21171                         9                             31.818565861404757            6.267765076320178             22                            194                           0.057144145456605504          
21300                         9                             661.6572831606164             161.76812298226653            526                           5135                          1.4033567254835753            
21345                         9                             661.6572831606167             155.83146529069273            523                           5363                          1.3746805538223559            
21464                         9                             59.26672397588128             14.65653725595199             47                            457                           0.12551223570809722           
22119                         9                             661.6572831606168             168.9562745777466             557                           5227                          1.475031313987289             
22597                         9                             130.98845647590275            29.4390124559144              96                            928                           0.2553605923069797            
22723                         9                             661.6572831606163             158.06803546932542            524                           5150                          1.3831285555407544            
23184                         9                             661.6572831606163             181.21022347433785            600                           5321                          1.5892505813046407            
23970                         9                             535.1365476928883             142.43749483849922            472                           4111                          1.2485116147564401            
24093                         9                             661.6572831606165             168.20239722765146            550                           5221                          1.4623520718822092            
24223                         9                             661.6572831606167             171.1800228511565             562                           5222                          1.490459585955679             
24301                         9                             661.6572831606168             161.3875865172811             533                           5267                          1.4172949550080431            
25700                         9                             661.6572831606164             173.96685874051204            572                           5269                          1.5215627724731693            
26157                         9                             661.6572831606164             173.35550561446684            571                           5436                          1.5159032344132841            
26520                         9                             661.6572831606165             178.61525756948237            589                           5407                          1.5647243186634605            
28454                         9                             661.6572831606165             164.80890642322564            544                           5161                          1.4401059063654649            
29165                         9                             622.0127843729                152.523701261684              519                           4815                          1.3577520661381093            
29579                         9                             496.37185268058187            118.8462506357637             392                           3874                          1.0416118672303307            
29708                         9                             360.2173151784609             81.69976687385365             275                           2827                          0.7199575200332471            
29830                         9                             661.6572831606165             159.94236613739952            528                           5263                          1.4018184867865526            
30700                         9                             111.91299770154016            30.317594894179265            100                           876                           0.26515185013080034           
31483                         9                             661.6572831606165             170.33328795300542            557                           5468                          1.4843435880096738            
31544                         9                             661.6572831606165             169.4196899154387             557                           5430                          1.4755584084089426            
33175                         9                             661.6572831606169             167.40097378273444            554                           5212                          1.466361120576083             
33253                         9                             661.6572831606165             161.43584858901895            541                           5203                          1.4252417341012915            
33382                         9                             337.6653181489635             71.55712901648391             235                           2660                          0.6244975356531322            
34021                         9                             610.8753135817135             143.73400210131248            476                           4615                          1.2581712736215445            
34643                         9                             661.6572831606165             166.4628203109568             552                           5295                          1.4596351667268275            
35762                         9                             370.73290017085515            99.58453907236706             329                           2902                          0.8708190662566297            
36043                         9                             661.6572831606165             169.7291033237588             552                           5255                          1.471717203769028             
36574                         9                             661.6572831606165             145.67905767111347            487                           5013                          1.2874708226782234            
36700                         9                             368.6770042395233             86.41986567821682             283                           2885                          0.753319534471392             
37226                         9                             661.6572831606167             164.24251880895523            539                           5099                          1.4320246527721534            
37354                         9                             661.6572831606165             153.09039950529495            501                           5170                          1.3330094207736347            
37385                         9                             617.1767771794732             160.16055368777106            542                           4984                          1.4194334318581603            
37540                         9                             34.287287625073745            6.90140920602006              22                            261                           0.05900505355039595           
37660                         9                             661.6572831606167             160.39925766398792            535                           5222                          1.4099836559277459            
38311                         9                             175.5848205101778             46.95845935856816             157                           1398                          0.413368720633841             
39090                         9                             661.6572831606161             164.66100593528836            549                           5358                          1.4451283070990066            
39396                         9                             661.6572831606168             171.74708003585013            561                           5458                          1.4983428972525235            
39611                         9                             661.6572831606164             168.37230761415506            559                           5458                          1.4780037066326872            
39721                         9                             661.6572831606164             168.76530338439036            566                           5248                          1.4874212234826447            
40145                         9                             661.6572831606168             162.99423615391586            538                           5178                          1.422592295235727             
40603                         9                             605.1181096930085             155.36977490797136            508                           4868                          1.3552539371093053            
42939                         9                             661.6572831606165             145.09930243197238            482                           5209                          1.2792720925842063            
42940                         9                             661.6572831606165             181.42057533291273            598                           5307                          1.5819384578970346            
43044                         9                             75.53121078258408             20.36215365298075             64                            589                           0.17303747674904468           
43060                         9                             661.6572831606165             168.3274578612925             562                           5419                          1.492008066045619             
43508                         9                             661.6572831606163             156.3217119569501             514                           5122                          1.368648411538981             
43534                         9                             661.6572831606167             180.6022207645677             595                           5233                          1.5818153866552986            
43702                         9                             661.6572831606165             171.10714823530085            562                           5034                          1.493743096711528             
44282                         9                             661.6572831606167             170.0156291197799             564                           5165                          1.4862204848961604            
44286                         9                             647.5845273492973             161.5371598134749             539                           5189                          1.4259917280081424            
44978                         9                             92.01616447656323             23.497062579190636            78                            628                           0.20598303695476303           
45101                         9                             661.6572831606165             148.4087206606608             500                           5086                          1.3157621913880382            
45213                         9                             583.0562050211083             144.9176999084586             474                           4512                          1.260469105022547             
45561                         9                             596.400688156488              140.372593744938              468                           4709                          1.2353061643323988            
45995                         9                             661.6572831606165             172.82095090860128            576                           5200                          1.5142926802431194            
46022                         9                             661.6572831606165             170.46395195937438            570                           5329                          1.5051116313546173            
46730                         9                             476.76079101380566            127.22822966641742            424                           3894                          1.1220060384524524            
46773                         9                             366.4389931993589             91.9071346930993              307                           3018                          0.8062684995220607            
46851                         9                             661.6572831606167             164.05155353289524            539                           5136                          1.433733592247584             
47353                         9                             653.1641055904711             159.4559686627179             532                           5354                          1.4025967018799448            
47592                         9                             140.51573306056798            28.767743048439524            100                           1083                          0.2604139394169764            
47625                         9                             462.05629079256033            109.42763389974813            363                           3618                          0.9590739479793464            
48099                         9                             661.6572831606167             161.25315057220055            529                           5252                          1.4036315221344613            
48680                         9                             36.39171286305116             8.945665283851968             30                            272                           0.07860090553706787           
48778                         9                             91.64144790932882             26.107576848406413            86                            702                           0.22771230662678527           
48811                         9                             102.33406406262449            25.60438275269633             86                            815                           0.226682904894384             
48862                         9                             661.6572831606165             171.85671975578722            570                           5250                          1.5034261272852636            
48935                         9                             73.03900000000002             14.613776179914945            48                            605                           0.12751545296610803           
48942                         9                             661.6572831606169             162.32814808413198            526                           5350                          1.4075155985420653            
49008                         9                             661.6572831606164             159.0970932428336             527                           5281                          1.3927488646686554            
50259                         9                             645.1533943874309             165.08908287474515            548                           5118                          1.4513454321350394            
50525                         9                             168.69246507153323            42.85304310053968             141                           1326                          0.3728572529484282            
50821                         9                             661.6572831606165             153.99430603184163            507                           5029                          1.347335411851033             
51030                         9                             344.317213194711              87.19204377311404             289                           2740                          0.7635557022687602            
51267                         9                             567.385873400002              148.05683989491123            499                           4516                          1.3126257906387582            
51816                         9                             661.6572831606163             164.308440603734              543                           5183                          1.4438901257260985            
51966                         9                             333.4022958832346             83.4316686942538              276                           2578                          0.7303544335076666            
52717                         9                             602.3821870273096             161.97964833779164            539                           4837                          1.420693004218767             
52789                         9                             376.3429167289539             90.85599796915362             302                           3016                          0.7950256946145272            
53335                         9                             661.6572831606165             172.6459648075445             574                           5227                          1.5139604054684317            
53580                         9                             113.1762416836808             31.083992318045283            102                           859                           0.27060706878461954           
53844                         9                             117.41858445817446            21.508024326038388            71                            826                           0.18833616690811097           
54650                         9                             661.6572831606165             168.91494847479666            561                           5228                          1.480149669263642             
55055                         9                             57.633942796375585            15.556703881600162            50                            458                           0.13317461474730385           
55393                         9                             22.77891542363375             4.911843335452706             16                            163                           0.04294886415588145           
55405                         9                             73.03899999999999             19.73499231096539             63                            587                           0.16831300102701388           
56249                         9                             630.9156326934831             143.28879238278455            484                           4610                          1.266986609133101             
56934                         9                             196.92493405261604            51.487615742506186            173                           1620                          0.4526388949553579            
57246                         9                             661.6572831606163             172.2341515840179             565                           5225                          1.500872675702134             
57288                         9                             254.13934464551005            61.00006241690609             204                           2038                          0.5380316398118705            
57536                         9                             661.6572831606168             168.3493148331514             557                           5382                          1.476199805135519             
57663                         9                             661.6572831606165             161.8447083836894             544                           5238                          1.4303382967895804            
57821                         9                             332.33663885869834            89.80114627564852             297                           2662                          0.7866520341432399            
57824                         9                             56.891212972042545            15.149760212378265            47                            425                           0.12761943922629237           
57877                         9                             661.6572831606165             163.28478907184686            533                           5150                          1.4162508477112925            
59209                         9                             661.6572831606164             163.35405491027254            544                           5363                          1.438751770520506             
59961                         9                             70.26652525673606             18.989347869601243            63                            564                           0.16705435798466672           
60422                         9                             661.6572831606165             164.49911151214982            541                           5344                          1.4330943954514415            
60439                         9                             661.6572831606169             168.9469249702726             565                           5355                          1.485364599943932             
60806                         9                             87.63430243433642             28.25183165344123             92                            704                           0.24698967416348633           
61309                         9                             661.6572831606168             158.90024258622003            538                           5261                          1.4146380185088288            
62132                         9                             661.6572831606163             165.82556782584106            554                           5332                          1.452765082185309             
62406                         9                             661.6572831606163             173.15519362928157            574                           5391                          1.5184431921538262            
62655                         9                             73.039                        22.45148626067323             73                            523                           0.19361888688124734           
62728                         9                             334.06805361018246            90.38568342239324             292                           2749                          0.7794031263357852            
62733                         9                             661.6572831606171             152.1568552314035             495                           5183                          1.3166389877541969            
63402                         9                             661.6572831606164             155.2289774729263             513                           5143                          1.3568479399478552            
63709                         9                             36.31699817589771             7.343326814594181             25                            242                           0.06550314586708801           
63813                         9                             661.6572831606164             174.16792515114162            584                           5352                          1.5406439291199687            
64009                         9                             661.6572831606168             155.64353605214782            508                           5104                          1.3515654659224006            
64011                         9                             661.6572831606169             165.33260294682702            554                           5246                          1.4539495212517086            
64145                         9                             661.6572831606167             163.4216479785826             543                           5235                          1.4350102500714197            
65645                         9                             661.6572831606165             171.2428533504071             572                           5227                          1.507902279591632             
65888                         9                             661.6572831606167             175.73499254022875            588                           5414                          1.5448283529241147            
66102                         9                             661.6572831606165             154.6359257341145             513                           5277                          1.3573638022101513            
66297                         9                             661.6572831606165             172.34116246018942            570                           5328                          1.5130896321977796            
67792                         9                             661.6572831606164             161.9023608214389             541                           5236                          1.426389039647323             
68063                         9                             661.6572831606167             163.86049243023638            542                           5389                          1.435579755825217             
68187                         9                             661.6572831606164             165.56681990660832            547                           5337                          1.4533390690808095            
68274                         9                             661.6572831606169             166.14253802147272            552                           5236                          1.4562058020449886            
68326                         9                             155.89696595260477            36.75283790338814             120                           1222                          0.3168931637549963            
68394                         9                             661.6572831606165             165.76679203534997            549                           5148                          1.4535792931943254            
68497                         9                             661.6572831606163             148.19450335037726            497                           4986                          1.3062739268520402            
68735                         9                             195.00146331799965            47.25341454644798             153                           1522                          0.41017772368005545           
69724                         9                             661.6572831606164             161.05497041107665            529                           5029                          1.4063917640766928            
69735                         9                             120.36559101317064            27.337358783186588            92                            982                           0.24003226795693278           
69769                         9                             661.6572831606169             162.20860550438638            529                           5244                          1.4057698603228344            
69885                         9                             661.6572831606164             172.09755162086054            561                           5336                          1.4971931274132437            
70463                         9                             644.8850944920392             159.41351697732438            536                           5159                          1.410875786479008             
70475                         9                             384.4807432773074             94.85121397987992             311                           2935                          0.8244513486856926            
71336                         9                             64.23379838101583             23.355258240837905            73                            537                           0.19858512603282916           
72776                         9                             661.657283160617              164.0677547616776             547                           5354                          1.4411843257179942            
73018                         9                             76.4220899402286              17.996311418192757            61                            593                           0.1589310832543942            
73240                         9                             661.6572831606164             167.50555191785236            547                           5201                          1.458589774027843             
74143                         9                             260.3699058925551             63.37570487133134             214                           2062                          0.5633640620736888            
75121                         9                             661.6572831606165             151.3922205410901             500                           5248                          1.3248009414296003            
75269                         9                             661.6572831606165             174.89979327807055            578                           5322                          1.5354102473172522            
76365                         9                             661.6572831606167             144.42439384275437            478                           5164                          1.2626685992846085            
76854                         9                             661.6572831606163             172.85430598794878            576                           5341                          1.5180574977451435            
77181                         9                             280.52990468375526            62.965973586257654            209                           2099                          0.5498845039047645            
77244                         9                             661.6572831606165             169.5505443192032             561                           5278                          1.4836513769764843            
77282                         9                             661.6572831606163             168.94605315467587            557                           5461                          1.47920297600048              
77820                         9                             661.6572831606163             163.41320690427057            547                           5276                          1.440653632961507             
79068                         9                             661.6572831606165             168.450327119761              547                           5308                          1.4642600638405106            
79252                         9                             661.6572831606164             162.51834667486358            537                           5436                          1.4267066791089726            
79651                         9                             661.6572831606165             153.04746463279815            506                           5196                          1.33440153655054              
80646                         9                             661.6572831606165             160.865449824033              527                           5137                          1.3985310234317374            
81529                         9                             12.857506334914671            3.090021809291565             10                            90                            0.026827349825020098          
82012                         9                             661.6572831606167             155.4950102835345             518                           5182                          1.3662684138167607            
82173                         9                             521.4398970541316             124.39082253531451            415                           4170                          1.0934609360404708            
82215                         9                             661.6572831606165             156.17370018355868            518                           5174                          1.3663240647493209            
82978                         9                             418.1197381645634             101.10641935867004            337                           3314                          0.8892122529112718            
83835                         9                             661.6572831606165             170.42981031472272            571                           5278                          1.504220164474403             
84556                         9                             33.0432078452802              7.025327310816001             24                            226                           0.062110478805240406          
84692                         9                             661.6572831606168             152.48215016375718            505                           5312                          1.3342061161921346            
84924                         9                             661.6572831606163             171.85638165872226            573                           5487                          1.5081367522308518            
84951                         9                             338.92070275929086            86.09590227273048             281                           2712                          0.7495240370896172            
85190                         9                             142.2237537074671             40.359308051401975            136                           1137                          0.3578531684431747            
85424                         9                             661.6572831606168             157.17036709155               524                           5285                          1.382393419800258             
87371                         9                             661.6572831606165             156.2028065112605             520                           5130                          1.373766586443367             
87777                         9                             661.6572831606168             177.96385232060933            588                           5382                          1.5611340888827043            
88461                         9                             553.8741515755182             137.69994120656938            463                           4388                          1.216364680783339             
88577                         9                             114.4228444190536             24.460733665647655            83                            886                           0.21773012664684638           
88676                         9                             612.658090817098              158.34837989631455            527                           4779                          1.3876031988437196            
88846                         9                             221.4713145673343             57.4106897424636              195                           1752                          0.5109555340973768            
89031                         9                             661.6572831606168             143.8449001189963             477                           5163                          1.2630280678790058            
89629                         9                             661.6572831606163             169.4643680868531             558                           5444                          1.4772856450646157            
89966                         9                             31.81893333351841             8.93887123749818              29                            219                           0.07755488848465855           
90178                         9                             661.6572831606163             159.98539854812057            533                           5186                          1.4062053956143146            
90297                         9                             661.6572831606168             172.68837591200332            573                           5272                          1.5136487530706388            
90776                         9                             661.6572831606165             173.3497656647026             572                           5423                          1.5170481285407973            
91016                         9                             305.8011372029838             76.09193539079064             253                           2401                          0.6707653139018352            
91063                         9                             661.6572831606167             165.11513331762853            549                           5061                          1.4517651190067145            
91064                         9                             288.1791272506102             78.03586125392323             253                           2366                          0.6744971902864192            
91188                         9                             661.657283160616              161.67482382206987            541                           5283                          1.4204959498892027            
91707                         9                             661.6572831606165             151.8892219166288             498                           5195                          1.3226101600138416            
91744                         9                             112.57224657823294            33.26010471459307             109                           940                           0.29008004726388775           
92529                         9                             538.8507022602201             127.43909691449404            430                           4179                          1.1316368443179439            
92736                         9                             661.6572831606168             160.19875856992357            536                           5140                          1.411087097076971             
93358                         9                             201.42795665043877            42.9203364558343              145                           1515                          0.3803515803812936            
93730                         9                             661.6572831606167             166.91956668824378            550                           5212                          1.4585665092886542            
93937                         9                             487.3221522600013             120.82352290388356            404                           4056                          1.0686938773579158            
93980                         9                             234.7925978933058             59.88319264403718             195                           1772                          0.5217660692183339            
94158                         9                             661.6572831606164             160.09732598405583            531                           5163                          1.4018184799607618            
95260                         9                             382.5092178827174             95.79916661513079             314                           3059                          0.8370335042825073            
95756                         9                             156.06960292669967            36.1213896611473              122                           1269                          0.3188726991309417            
96821                         9                             142.8030434900244             35.015904691231036            117                           1090                          0.3075170421970932            
96851                         9                             117.31765762640721            28.225461568843812            91                            952                           0.2426604409112082            
97328                         9                             54.81580730096964             8.282856438741591             27                            399                           0.0719457414744647            
98973                         9                             112.21364240660583            23.455701447019035            81                            921                           0.2104365451080671            
99585                         9                             661.6572831606164             173.10767470990976            568                           5256                          1.504545826648951             
1324                          10                            536.2602309961323             119.57834570948488            400                           4204                          1.0510225695869984            
1397                          10                            661.6572831606168             170.68345531176007            560                           5340                          1.488975860720007             
1521                          10                            475.5858020536688             117.41168080373004            380                           3827                          1.0160525980675168            
1994                          10                            661.6572831606165             158.99949021331474            530                           5126                          1.3952835599950975            
2821                          10                            636.1598598897338             145.73118502178232            483                           4898                          1.2751015715891527            
3197                          10                            290.177396845519              72.34032784587318             227                           2343                          0.6133614204151094            
3547                          10                            661.6572831606164             179.40260792025612            597                           5320                          1.5791708215855085            
4172                          10                            324.850621490062              70.73010918448588             232                           2419                          0.6180896411084104            
4381                          10                            661.6572831606165             162.20174567579556            545                           5265                          1.4328501026354585            
5216                          10                            211.7608147311728             56.275060400933626            182                           1713                          0.4864384649577653            
5792                          10                            661.6572831606162             151.8699919473231             510                           5232                          1.3390559894490401            
7457                          10                            661.6572831606168             161.57445140661133            530                           5151                          1.4091584896741693            
7959                          10                            661.6572831606164             153.73443765027707            511                           5327                          1.3511803409713101            
8072                          10                            345.6017878669324             81.38613085131365             276                           2719                          0.7225238833943283            
8468                          10                            661.6572831606165             147.6538367892043             490                           5188                          1.2921933544622553            
8767                          10                            87.53399999999998             20.4040474046021              68                            648                           0.18094510344659526           
8850                          10                            661.6572831606168             152.6828616960231             502                           5344                          1.3311019440255514            
8913                          10                            661.6572831606165             154.44017398440695            515                           5320                          1.3578232206758742            
9122                          10                            661.6572831606163             159.70944958802008            534                           5348                          1.4084413386387804            
9125                          10                            553.7924116470576             130.07200310441917            430                           4214                          1.142839389237118             
9732                          10                            543.84576667702               152.2851295472995             499                           4182                          1.3296947655979525            
10600                         10                            661.6572831606165             142.1866966645826             471                           5451                          1.2488711712417464            
10915                         10                            661.6572831606164             133.40383821589052            448                           5217                          1.1783199090927128            
11233                         10                            57.71946290537561             16.680648237891962            54                            438                           0.14507701380320767           
11385                         10                            661.6572831606163             153.89176221977462            513                           5422                          1.3489620617983753            
12063                         10                            75.24999999999999             17.049659240568648            55                            602                           0.14697452099472613           
12106                         10                            661.6572831606165             160.6425642747702             532                           5357                          1.4097414371108377            
12190                         10                            614.3418930396537             152.58732983907618            503                           4777                          1.3337575722720478            
12403                         10                            661.6572831606165             144.6172173645235             477                           5147                          1.2611076352381672            
12803                         10                            632.1466445027528             159.25800273548472            526                           5143                          1.392896695457908             
13275                         10                            108.28585189157491            27.716361019934723            89                            886                           0.23889432869597182           
15282                         10                            661.6572831606163             147.3266427679694             485                           5220                          1.2913422795902862            
15518                         10                            661.6572831606165             149.46435681467813            495                           5036                          1.311002162143573             
15980                         10                            661.6572831606168             158.47839652961943            523                           5177                          1.3852841025272686            
16451                         10                            661.6572831606168             161.52123764183756            527                           5225                          1.4000467642816359            
16629                         10                            488.2567486784028             113.5459349403465             374                           4014                          0.9908216272369306            
17247                         10                            661.6572831606165             150.17649796807842            488                           5182                          1.297674032019272             
17661                         10                            661.6572831606165             157.8073219169989             527                           5432                          1.3885658123225961            
17783                         10                            313.42000539097785            79.86881819035568             263                           2555                          0.6967146801722965            
17926                         10                            171.10764933534486            38.13492822990361             123                           1263                          0.326488935959088             
18121                         10                            430.8967016411991             109.99660133549769            359                           3414                          0.9540117026371431            
18152                         10                            661.6572831606167             161.33799272179647            543                           5105                          1.424548736799867             
18321                         10                            661.6572831606165             167.64836723121203            562                           5222                          1.4803692516492095            
18500                         10                            661.6572831606164             154.0070210812934             509                           5215                          1.346287538583109             
18762                         10                            661.6572831606165             152.8526740797239             509                           5387                          1.339953293738382             
18768                         10                            533.5870735666563             123.63613207531857            405                           4335                          1.0750311840245184            
19346                         10                            661.6572831606163             167.7610068201284             551                           5136                          1.4621758443098285            
19635                         10                            661.6572831606165             168.4543990536661             558                           5249                          1.4754859364280417            
19781                         10                            661.6572831606163             153.59331946671145            497                           5163                          1.3258456711284783            
21337                         10                            661.6572831606165             149.2916308606375             500                           5304                          1.3231074357531574            
21545                         10                            661.6572831606165             146.39307201065566            486                           5011                          1.2809396351944584            
22035                         10                            661.6572831606169             149.1283016670897             500                           5223                          1.3176474404407452            
22319                         10                            59.71285291677806             17.433990579527187            58                            455                           0.15220891153652338           
23063                         10                            661.6572831606165             154.50475879657915            513                           5165                          1.3541836859822547            
23450                         10                            661.6572831606169             151.1529382453631             507                           5203                          1.332328974348075             
24491                         10                            278.43373534405646            64.95932271274627             216                           2224                          0.5698792802364103            
24668                         10                            661.6572831606168             147.3893519482804             495                           5298                          1.300374912955788             
25615                         10                            661.6572831606165             157.0704146407504             521                           5249                          1.3798669075297996            
25944                         10                            661.6572831606167             159.81146629802598            537                           5243                          1.4128873471879009            
26197                         10                            661.6572831606163             152.7979717547945             503                           5251                          1.3338556371677526            
26646                         10                            661.6572831606165             153.6707994438217             507                           5189                          1.3445642298625726            
26872                         10                            290.26082619137554            84.07500980096675             281                           2347                          0.7369666239695318            
27498                         10                            661.6572831606165             160.4640380799179             530                           5142                          1.4068890759772237            
27780                         10                            661.6572831606165             172.7424781386095             575                           5233                          1.5199329298367457            
28287                         10                            661.6572831606168             147.79363710200954            491                           5260                          1.296063883754974             
28355                         10                            661.657283160617              152.6098545173888             508                           5347                          1.3405814037762778            
28551                         10                            661.6572831606164             156.99388017707062            520                           5244                          1.3742585378314631            
28847                         10                            661.6572831606165             156.3071646949887             517                           5222                          1.3665211710595528            
29352                         10                            661.6572831606164             152.15587740752656            504                           5321                          1.3317783035738562            
29666                         10                            121.36348768467039            29.85041677640461             98                            939                           0.26069940638932426           
29680                         10                            661.6572831606165             152.22625359098112            500                           5078                          1.3258865479601871            
30657                         10                            422.7859902933425             95.63352721963109             319                           3206                          0.8400296542170976            
30904                         10                            661.6572831606162             154.40020641534088            518                           5332                          1.3639745126822413            
32195                         10                            661.6572831606162             154.27856968182536            509                           5278                          1.3454371426154275            
32238                         10                            65.87310605530759             13.292608326784908            45                            502                           0.11809435865701516           
32631                         10                            32.20579181183862             7.952418401413297             26                            252                           0.06850950281524469           
32658                         10                            661.6572831606164             152.23960930817321            497                           5159                          1.32518940104651              
32910                         10                            545.2040274074157             121.65179502823321            405                           4251                          1.0638503380196989            
33611                         10                            415.45770246205325            96.95112932573925             318                           3254                          0.8420125939375978            
34068                         10                            218.10868336129806            63.89337734778506             213                           1761                          0.5608034934873285            
34315                         10                            661.6572831606165             160.9020909808902             532                           5159                          1.4049824812437164            
34870                         10                            193.9893322712764             42.77730774830057             138                           1486                          0.3703081262722532            
35422                         10                            661.6572831606162             154.68812545076773            520                           5374                          1.3660212956378688            
35608                         10                            519.6850992466163             113.91499650326942            374                           4173                          0.995991301828735             
36778                         10                            661.6572831606164             146.86183632445767            493                           5172                          1.300328822589127             
36815                         10                            661.6572831606164             154.34649583406812            515                           5116                          1.3590876028073489            
36841                         10                            661.6572831606167             168.78459204866002            557                           5211                          1.4771617255828207            
37911                         10                            661.6572831606165             170.8247981400913             562                           5397                          1.4895737078031006            
38114                         10                            83.91742156983261             25.590881217886334            83                            693                           0.22125121251352256           
38485                         10                            329.6504318827641             100.42001853542126            329                           2619                          0.8786290613157               
39154                         10                            661.6572831606164             170.7012625708865             564                           5323                          1.4941812531158198            
39691                         10                            40.000713579340434            11.013069381661015            36                            311                           0.09622164504108044           
39791                         10                            0.4798065962298148            0.0                           0                             3                             0.0                           
40334                         10                            191.03791912284223            56.1325345548349              185                           1524                          0.0                           
40779                         10                            661.6572831606165             172.28922832609584            575                           5292                          0.4885877752863968            
40986                         10                            661.6572831606168             168.3291232147522             559                           5212                          1.5156014981575012            
41299                         10                            661.6572831606165             150.14541058986356            493                           5162                          1.4808906093025742            
41473                         10                            661.6572831606164             157.1813920885302             531                           5337                          1.3085428495082874            
42155                         10                            214.32619642651923            52.55639259571915             170                           1689                          1.391106991223638             
42460                         10                            661.657283160617              150.5750609478879             498                           5324                          0.45539832050581974           
42928                         10                            561.4589536468696             132.20930499338726            438                           4523                          1.316322316196124             
43744                         10                            661.6572831606164             148.95738691188637            492                           5331                          1.1583635117308761            
43812                         10                            515.5330514585837             124.93472901700227            404                           4055                          1.3038340435290925            
45174                         10                            661.6572831606167             184.33038051427175            619                           5349                          1.0770583247694234            
45230                         10                            173.42035243764764            40.883796429940595            136                           1347                          1.6205599864468638            
45315                         10                            661.6572831606167             149.89068196680398            496                           5213                          0.3595935763771855            
45705                         10                            661.6572831606165             149.74017743716706            490                           5247                          1.3124396948322758            
46190                         10                            661.6572831606165             171.94949086740283            574                           5335                          1.3001280536102133            
46325                         10                            375.78511740500187            90.6544169087621              293                           2991                          1.5107445515586448            
46526                         10                            574.9960609586611             134.60307737006423            443                           4368                          0.7863000575870681            
46679                         10                            661.6572831606168             163.09148090843237            541                           5276                          1.1787296556369498            
46867                         10                            557.3457269945551             128.57070581216877            422                           4487                          1.4297965184282333            
47028                         10                            661.6572831606165             160.56116553027192            526                           5261                          1.1221710093444481            
47527                         10                            661.6572831606167             159.0810702702819             523                           5343                          1.3948390768054564            
47650                         10                            36.3166716540864              7.248556162508076             23                            282                           1.3886889041324275            
47948                         10                            279.8271233229459             69.9115999982921              232                           2222                          0.062836309578038             
48814                         10                            435.50445099769934            101.90896750623624            338                           3500                          0.6127340301579339            
49021                         10                            410.14475345345187            94.98672280102744             321                           3264                          0.8929584700629534            
50268                         10                            573.9921831606165             139.73830345239375            478                           4777                          0.847243451001399             
51922                         10                            661.6572831606169             155.21355352721218            508                           5188                          1.2490223439744221            
52351                         10                            517.4797756393443             117.81439730932352            397                           4081                          1.349706561515764             
52524                         10                            661.6572831606165             184.13388838460608            606                           5113                          1.0415876672463162            
53474                         10                            31.818942509237225            6.407944916890901             21                            229                           1.6116418999566144            
53560                         10                            66.78384651249522             22.921061765829137            75                            492                           0.05521092292002372           
53951                         10                            661.6572831606167             164.07697652344078            548                           5238                          0.1996163516678179            
53986                         10                            554.5475447699134             123.28573238654936            405                           4215                          1.4410226717769832            
55302                         10                            520.5747657453674             159.95745720756688            525                           4087                          1.0787222710807622            
55843                         10                            661.6572831606168             165.60665872588254            548                           5205                          1.3928011939072156            
55983                         10                            661.6572831606163             165.65358437996719            541                           5305                          1.447898549042443             
56546                         10                            661.6572831606167             161.5236231923738             536                           5330                          1.4356094914811948            
56666                         10                            661.6572831606167             151.6021445045667             504                           5226                          1.4186312310262243            
57340                         10                            1.5903705051365513            0.0                           0                             7                             1.3281059495928103            
57379                         10                            661.6572831606163             159.72960775072667            531                           5130                          0.0                           
57798                         10                            387.3268606958343             83.25636956269135             269                           3155                          0.0                           
57977                         10                            661.6572831606164             151.3848486899499             497                           5296                          1.4029677896232595            
58496                         10                            104.90840799878654            16.253521444411444            54                            794                           0.7189450001592362            
58740                         10                            202.88059691097055            43.14926205880665             143                           1626                          1.3192075808888302            
59898                         10                            408.4114542563334             105.0764272338144             341                           3165                          0.14289282313007032           
60014                         10                            400.0851892825545             95.53831444696283             315                           3200                          0.37873013059973515           
60312                         10                            372.83526858774906            87.7007984460883              286                           2824                          0.911849912350463             
60491                         10                            661.6572831606167             153.19598778502467            507                           5269                          0.8357914358779442            
61061                         10                            661.657283160616              160.0269403770729             528                           5224                          0.7618423332180636            
61137                         10                            103.6371110872047             24.246887347896457            79                            827                           1.340818090009743             
61784                         10                            661.6572831606164             155.54287497706264            513                           5180                          1.3977085456687197            
61792                         10                            661.6572831606165             147.84870796960408            486                           5305                          0.2093120185362912            
62207                         10                            90.67299476665447             23.79707935011244             80                            724                           1.3578248493349174            
62502                         10                            661.6572831606167             143.27226437127854            480                           5299                          1.2933524428065937            
63339                         10                            661.6572831606167             167.8028159465639             554                           5069                          0.21211201708508834           
63826                         10                            661.6572831606165             164.6333115960046             547                           5365                          1.2627295431407313            
64219                         10                            661.6572831606165             146.11299622949306            483                           5163                          1.4699028752896854            
65000                         10                            456.2583424702862             112.62720057695797            376                           3730                          1.4444495616252082            
65788                         10                            661.6572831606165             150.8878877507469             502                           5008                          1.280050792819351             
65837                         10                            661.6572831606163             170.80578233110273            574                           5250                          0.9898359171940447            
66009                         10                            227.99541360494956            56.18727627808547             183                           1837                          1.3253539574284348            
66162                         10                            661.6572831606168             154.08333098435108            512                           5368                          1.5130796981684547            
66311                         10                            661.6572831606165             168.12066694950215            565                           5254                          0.4886186094280173            
67086                         10                            661.6572831606165             142.31442951462762            474                           5312                          1.3518791051742507            
68690                         10                            261.5148252920537             57.33075168336105             191                           1941                          1.48451464998197              
69064                         10                            661.6572831606165             151.25685784085863            502                           5177                          1.245409427405826             
70602                         10                            295.1176949598001             74.31409461124558             244                           2264                          0.5061167088861094            
70603                         10                            291.9262972598979             70.21125039510261             230                           2310                          1.3256033698322478            
70895                         10                            75.24999999999999             11.53908763990817             39                            548                           0.6483866248796165            
70924                         10                            295.10898190550023            76.83510901867221             254                           2298                          0.6078074631316739            
71458                         10                            661.6572831606163             150.77304346618996            496                           5132                          0.10235843145519505           
72427                         10                            661.6572831606165             151.26280142838786            499                           5252                          0.6683844204194377            
72498                         10                            661.6572831606163             142.25442744328734            473                           5299                          1.3130797516102501            
73229                         10                            661.6572831606165             153.01706825996092            504                           5350                          1.3211521118194807            
73273                         10                            661.6572831606163             151.7616415309771             503                           5193                          1.252416937655139             
73423                         10                            661.6572831606164             155.60297978701402            521                           5355                          1.3368974490768806            
73612                         10                            6.696410900044025             0.14191397536617545           1                             42                            1.3303920233612399            
74832                         10                            661.6572831606165             159.01422663067976            526                           5216                          1.375551913921607             
75635                         10                            540.3803259805516             126.70713713067785            420                           4327                          0.0020928323002346624         
76050                         10                            661.6572831606165             157.20478854534363            515                           5312                          1.397025484853708             
76879                         10                            661.6572831606163             158.42680392909656            532                           5230                          1.107279026148265             
77518                         10                            11.09546809345796             0.31432376900796477           2                             52                            1.3644806412752968            
77700                         10                            75.25000000000001             15.472034491227149            53                            538                           1.399532531090054             
77840                         10                            661.6572831606167             152.3425562061817             515                           5349                          0.004299462218997876          
78167                         10                            370.6855937021096             91.50692462047896             302                           2893                          0.13711509943890832           
78863                         10                            316.59361458878845            77.16328087676258             258                           2436                          1.3525319379253848            
79114                         10                            614.7245661661543             172.8072388271243             567                           4881                          0.799988698045186             
79257                         10                            271.187488159985              68.80706522833425             224                           2128                          0.6823767812297312            
79269                         10                            661.6572831606167             154.9898034730701             522                           5249                          1.5023226427828313            
79855                         10                            199.45454958509433            44.69225663269992             147                           1543                          0.5991655320998552            
79961                         10                            16.75002152041827             4.1237215266957294            14                            118                           1.3701728048931674            
80094                         10                            661.6572831606163             156.9875813942573             510                           5286                          0.3917512135943974            
80277                         10                            661.6572831606165             176.77307311889908            584                           5249                          0.036476860683508805          
80981                         10                            661.6572831606164             147.46367304112374            499                           5222                          1.3621602693843105            
81459                         10                            661.6572831606167             165.4197629174435             536                           5511                          1.5482775854047304            
81624                         10                            246.09217990178038            71.87475230363076             228                           2000                          1.3103477309680591            
81745                         10                            661.6572831606165             154.13362107357793            511                           5215                          1.431431988885842             
81925                         10                            661.6572831606167             154.5304523366313             508                           5179                          0.6151800563129792            
82138                         10                            661.6572831606162             151.1453349314825             507                           5349                          1.3460566092908826            
82478                         10                            661.6572831606167             149.42718930336162            498                           5048                          1.3480976036076933            
82705                         10                            428.84446883610974            93.41655446346003             311                           3235                          1.338106517355752             
82995                         10                            661.6572831606163             159.4802095444017             532                           5132                          1.3120433883932456            
83186                         10                            661.6572831606164             158.92650182220257            532                           5291                          0.8200809054339195            
84467                         10                            661.6572831606162             155.3559330727311             509                           5339                          1.4023358682997835            
85761                         10                            661.6572831606164             168.16791993339493            549                           5401                          1.398885685951961             
86044                         10                            661.6572831606165             155.7740234928889             516                           5280                          1.3513661503514367            
86599                         10                            661.6572831606165             153.14481072374514            502                           5220                          1.4569744236366786            
86775                         10                            28.612696088275992            8.157424663114709             26                            218                           1.3640465558938006            
87098                         10                            521.4485158566936             134.25586625752584            447                           4079                          1.3367035989867317            
87122                         10                            101.2556321489205             25.270473575000025            82                            793                           0.07033164664917485           
87143                         10                            661.6572831606165             155.4681055387269             514                           5179                          1.1788960080781643            
87809                         10                            455.325391934679              109.70943376974465            354                           3608                          0.21953161342871247           
88079                         10                            661.6572831606165             169.81722401786195            567                           5206                          1.3565033492653602            
89329                         10                            176.44577527201042            42.98928342187181             141                           1419                          0.9446624817982163            
89361                         10                            645.2453149203752             151.79445839173692            502                           5232                          1.4888732699306175            
89986                         10                            661.6572831606165             183.26243166242486            602                           5361                          0.37604255026295325           
90467                         10                            491.95779313615594            113.10749971649795            368                           3707                          1.3259223038529782            
90490                         10                            661.6572831606165             152.53135440318374            498                           5338                          1.6009834115551023            
90553                         10                            661.6572831606163             158.3237261772455             528                           5279                          0.980559442834557             
90720                         10                            147.7083425127872             34.11522907260474             110                           1132                          1.3287289742871031            
90931                         10                            109.6458596011503             27.003897868197758            90                            850                           1.3917944182801785            
91067                         10                            31.81851921798004             7.3115155478471845            26                            220                           0.2925061009011738            
91079                         10                            391.9374727141248             101.31390202853726            334                           3105                          0.23631499811701376           
91133                         10                            661.6572831606172             168.0101400407594             558                           5368                          0.0673320650904114            
91579                         10                            661.6572831606162             162.5037385633638             539                           5184                          0.8858561386621592            
91989                         10                            420.0872751293195             120.99958634676703            396                           3415                          1.4764933789885026            
92628                         10                            661.6572831606164             151.8813102246278             503                           5096                          1.4254238072857945            
92820                         10                            661.6572831606169             158.18029418518546            526                           5282                          1.0586974007670538            
93377                         10                            148.20851360907744            31.099131147267652            108                           1064                          1.3329323978101673            
93868                         10                            661.6572831606168             153.4171021413914             510                           5224                          1.3873579830025682            
93898                         10                            661.6572831606163             151.21367677843793            504                           5237                          0.27891402913515323           
93901                         10                            661.6572831606168             157.5307706236387             517                           5259                          1.3490863078580957            
94345                         10                            661.6572831606163             156.14755975122395            530                           5360                          1.3285271938324013            
95380                         10                            107.25860436215382            27.411411235413244            93                            871                           1.3753588774154057            
96333                         10                            661.6572831606163             159.87670841811627            533                           5310                          1.3881915713610549            
96815                         10                            661.6572831606168             156.8831571833055             516                           5080                          0.24443256338611793           
97200                         10                            661.6572831606164             150.93335152706783            508                           5357                          1.4093080056179197            
97359                         10                            539.3260537304845             112.38609503902556            366                           4268                          1.365067797879524             
97703                         10                            661.6572831606167             155.45486059838277            519                           5143                          1.330832549692412             
97747                         10                            386.2802206089931             91.43085328626593             299                           3086                          0.9759446291405631            
98357                         10                            170.19388522830792            37.54662314760477             126                           1388                          1.3738060874659075            
98932                         10                            661.6572831606168             152.9063003119145             506                           5194                          0.7943374492434794            
99480                         10                            577.1365343328223             137.5831403356306             460                           4509                          0.33338021027827536           
74                            11                            149.21302123076475            32.35021344006878             105                           1082                          1.3425467761279728            
286                           11                            314.5593270691239             77.48370742360113             255                           2554                          1.212257721971071             
448                           11                            661.6572831606164             152.11312084765214            502                           5202                          0.2793655388048223            
577                           11                            661.6572831606164             158.8256686049024             526                           5261                          0.6750352461917639            
724                           11                            233.97601613810167            53.05775741616937             180                           1810                          1.3325643391833641            
1514                          11                            661.657283160616              158.04636895991408            524                           5326                          1.39230481535062              
1899                          11                            78.04550241070162             17.12619226311741             53                            588                           0.4716689042568699            
2113                          11                            661.6572831606165             153.72313158018957            509                           5294                          1.3848819367320595            
2222                          11                            34.35375304716914             8.09399988941712              27                            263                           0.14477743121633843           
2581                          11                            661.6572831606164             150.15166692545878            497                           5331                          1.3464478719338944            
2716                          11                            458.33765821676053            104.64855554725466            343                           3491                          0.07112910380016674           
3141                          11                            661.6572831606164             189.03988644694886            637                           5093                          1.3152515355907843            
3401                          11                            661.6572831606168             147.23291741659273            480                           5283                          0.9125474369052688            
3437                          11                            661.6572831606168             155.81270929241657            524                           5288                          1.6755527475906247            
3574                          11                            329.83280362301707            80.55609700165395             264                           2567                          1.2757912236388442            
4037                          11                            661.6572831606165             156.22137566511563            511                           5210                          1.378127641777267             
4175                          11                            267.42929412747986            60.165391596310066            198                           2138                          0.7032854630019619            
4549                          11                            237.85127019737374            59.41393659965281             192                           1803                          1.361858873928421             
4633                          11                            210.81660529239585            59.93696524398504             198                           1716                          0.5249037808187791            
4659                          11                            207.72020673715332            47.55977504806603             156                           1693                          0.5137098636523691            
5217                          11                            661.6572831606165             157.63959625045425            524                           5170                          0.5247096733670122            
5546                          11                            565.0141707839985             123.25837318854059            409                           4479                          0.41514490270474863           
6777                          11                            661.6572831606164             165.41663147752197            549                           5320                          1.387401457657897             
7358                          11                            661.6572831606164             161.22316031612118            531                           5335                          1.0798396252947886            
8851                          11                            661.6572831606164             158.51742402232162            527                           5212                          1.4492359783981947            
9058                          11                            364.02250393592294            95.42936547721186             319                           2819                          1.4033122166146423            
9281                          11                            328.7584561365654             72.13755585132277             237                           2539                          1.393810047250831             
10355                         11                            499.03424645723373            121.86817021097183            406                           3968                          0.8405139100877239            
10771                         11                            28.043971451116583            8.331864381979843             27                            218                           0.6316746697725444            
10794                         11                            32.20573362513788             8.12510234954438              27                            219                           1.0748812929867406            
10955                         11                            459.82036163342053            96.63890338279272             325                           3659                          0.07241183037451522           
13576                         11                            661.6572831606163             144.0893160494971             474                           5040                          0.0710657780288872            
14079                         11                            493.5303921611584             129.0976327106101             418                           3964                          0.8503281171120824            
14162                         11                            661.6572831606163             146.92300091981093            485                           5203                          1.2610971123640349            
14815                         11                            661.6572831606165             150.6470554450368             497                           5295                          1.1168733110338613            
15065                         11                            661.6572831606164             166.67937331493263            543                           5286                          1.2794024608770367            
15089                         11                            133.83221368007253            33.53077036118432             108                           1028                          1.3168501208343926            
15883                         11                            214.04085239133292            60.10298893068607             196                           1594                          1.4447599515860117            
16215                         11                            642.3283259555224             134.9193998889857             448                           4898                          0.2902531913192345            
16562                         11                            106.71018869329552            21.16396296298303             72                            740                           0.5228730053082757            
16713                         11                            551.3466741208844             128.48449564193484            433                           4394                          1.1828766709263998            
16830                         11                            625.2575645281953             152.17789689268895            500                           5043                          0.18712792165295372           
17065                         11                            617.5151311101351             157.01660308028923            519                           5011                          1.137885175320865             
17080                         11                            661.6572831606165             156.24123213920078            519                           5126                          1.3247903823865625            
17704                         11                            536.7971994532628             126.27757323390632            421                           4170                          1.3732688798209383            
18001                         11                            661.6572831606167             156.1352975167199             514                           5329                          1.3711014590670956            
18248                         11                            584.4193030073957             166.08804154947282            548                           4624                          1.1078051193693663            
19481                         11                            152.41644707774284            27.737325151548703            90                            1086                          1.3628975531140508            
20436                         11                            661.6572831606165             166.18813548764325            553                           5335                          1.4519445629130343            
20796                         11                            631.2779540011483             160.45036502424406            530                           5053                          0.24233781781765362           
22349                         11                            369.67326694813323            92.40194610913088             305                           2941                          1.4577243527648318            
23453                         11                            382.47672923915883            95.14162003507305             307                           3005                          1.4074289296622888            
23481                         11                            561.4789754818098             133.99254787216097            446                           4512                          0.80583696978147              
24691                         11                            661.6572831606168             157.5749391356207             530                           5363                          0.8196790110077009            
24855                         11                            36.316839648237085            7.3621637570647716            26                            277                           1.1800558501298581            
25039                         11                            661.6572831606168             152.94771386701973            499                           5207                          1.393000402836455             
26587                         11                            661.657283160617              146.54876325867926            485                           5192                          0.0669281266587125            
28133                         11                            459.67817134460904            119.1427930171162             397                           3734                          1.3305850659837564            
30341                         11                            62.50134297952415             14.309194893250933            46                            462                           1.2801236665783844            
30342                         11                            661.6572831606164             147.27839892205424            487                           5176                          1.0487154171518531            
30457                         11                            661.6572831606167             167.11242972179437            556                           5327                          0.12303751555028077           
30767                         11                            193.67428837801873            44.79719534123119             147                           1460                          1.2912813763419702            
31017                         11                            532.9197833718348             124.17902851898891            406                           4189                          1.4690350718010794            
31429                         11                            661.6572831606168             162.60742173468506            538                           5155                          0.39121277910504654           
31757                         11                            661.6572831606165             146.47895307272037            491                           5147                          1.0806000698964322            
31951                         11                            661.6572831606167             191.4553085439702             628                           5254                          1.422596425724219             
31952                         11                            661.6572831606167             157.0190879448182             517                           5134                          1.2899801179178711            
32102                         11                            661.6572831606163             157.55420323164356            527                           5382                          1.6647030587685776            
32107                         11                            365.4440365701744             85.9660608183868              281                           2815                          1.3711191116215735            
32111                         11                            372.3312215711305             93.00791912852472             303                           2969                          1.3876959239666644            
32147                         11                            661.6572831606165             143.54787208693853            478                           5092                          0.746473225926963             
32260                         11                            661.6572831606168             157.58227761787126            522                           5234                          0.8103750400494323            
33228                         11                            294.480621934456              70.78689751434189             237                           2396                          1.2634165720458665            
33594                         11                            18.82256104439195             2.2644095178267123            7                             133                           1.3797195678623408            
33682                         11                            224.116236703546              56.18714445068377             181                           1762                          0.6240983002295427            
33926                         11                            661.6572831606165             144.08073363729466            483                           5236                          0.01891463396117809           
34049                         11                            372.37157244138496            85.49499244241771             286                           2920                          0.4833592705780939            
34207                         11                            661.6572831606163             157.2202743336077             519                           5266                          1.270141803131597             
35860                         11                            661.6572831606168             154.09783794582117            501                           5113                          0.7517221057508657            
36092                         11                            661.6572831606169             161.5805860125077             534                           5238                          1.3783310863579765            
36232                         11                            661.6572831606165             156.1432905510648             522                           5298                          1.3370712004787484            
37603                         11                            661.6572831606165             142.60736739294657            473                           5123                          1.4139694859558962            
37621                         11                            382.25759999224215            88.16003331736265             289                           3008                          1.3796973401623496            
37628                         11                            661.6572831606165             156.19520297754525            512                           5043                          1.2488604782739836            
39044                         11                            661.6572831606168             158.6024784183792             521                           5246                          0.7693481189326945            
39404                         11                            661.6572831606165             166.58596113222046            553                           5362                          1.360421945050049             
39717                         11                            661.6572831606164             147.24307910126478            486                           5273                          1.3809883128812133            
39840                         11                            573.9921831606167             139.2038586564045             466                           4665                          1.462914495846965             
39888                         11                            661.657283160617              148.2489798011443             500                           5298                          1.2883574296854348            
39947                         11                            661.6572831606168             156.2676286181129             521                           5321                          1.2250236465311346            
40418                         11                            350.2930170707194             80.39351575635597             267                           2752                          1.3124503902106976            
40723                         11                            655.0461551988298             154.51387803309095            521                           5200                          1.3772406241623094            
41436                         11                            661.6572831606168             149.63335911772444            499                           5315                          0.7065958513270605            
41556                         11                            661.6572831606163             149.72373823173803            488                           5193                          1.3685115329744448            
41633                         11                            171.58140933784813            32.253677824552625            109                           1206                          1.313418901317525             
42263                         11                            152.32834034324617            32.55327457801317             111                           1097                          1.3011931990253207            
43094                         11                            661.6572831606165             160.94542666341135            529                           5260                          0.28636705302767074           
43337                         11                            661.6572831606163             160.19853800573833            525                           5326                          0.2895896708943696            
43382                         11                            360.67348648123254            104.98635868340979            348                           2996                          1.4045925526104002            
43510                         11                            661.6572831606165             150.4717326443558             494                           5181                          1.393927744653594             
43815                         11                            441.58669451038253            104.12866861278926            346                           3577                          0.9190646677409329            
44364                         11                            661.6572831606163             161.46573772752853            536                           5389                          1.3062265762273029            
44408                         11                            31.818948160170365            5.374179546393137             18                            222                           0.9110237745633114            
45520                         11                            661.6572831606165             160.3438896179897             527                           5224                          1.41218954983092              
45854                         11                            661.6572831606165             149.532642206905              498                           5153                          0.047032992955943605          
46761                         11                            661.6572831606163             163.6568200600592             534                           5362                          1.399833150577601             
46775                         11                            71.9941156850593              17.160398011912356            56                            542                           1.3147622607489629            
46849                         11                            661.6572831606167             153.53603533960387            506                           5383                          1.4215841524461723            
46919                         11                            436.15499020481104            91.38388473190986             308                           3539                          0.1505765323016348            
47617                         11                            149.45874005601425            31.725954082918854            105                           1156                          1.3415152919917868            
47749                         11                            661.6572831606169             145.46173472219022            486                           5210                          0.8107565668117948            
48011                         11                            661.6572831606165             159.51610262541507            526                           5094                          0.2771439496847707            
49482                         11                            377.33080025391456            90.07246242862954             299                           2978                          1.2830694259884525            
49568                         11                            581.5790033512102             151.898026286672              496                           4627                          1.3947365568340975            
49636                         11                            661.6572831606165             154.32457774235928            507                           5245                          0.7892147447438898            
49735                         11                            661.6572831606164             158.30147438408184            534                           5197                          1.319472256744449             
49892                         11                            417.2040538535147             88.13615661651534             285                           3286                          1.3451443012456594            
50299                         11                            661.6572831606167             156.05236208259134            521                           4939                          1.39983592116557              
50322                         11                            661.6572831606164             160.51086737805952            529                           5104                          0.7641909923658716            
50739                         11                            661.6572831606165             144.75424879562195            484                           5128                          1.374742856053192             
50850                         11                            492.48025943205704            114.16604765847806            381                           3909                          1.4018231721054784            
51142                         11                            661.6572831606165             154.19624093653056            514                           5339                          1.2742231146472702            
51222                         11                            661.6572831606167             147.76984907822714            492                           5252                          1.0042943758313636            
51265                         11                            307.31781837413877            74.76227133995746             239                           2417                          1.3556213997620117            
51623                         11                            661.6572831606165             152.0980646136204             509                           5355                          1.2984007063955154            
51876                         11                            661.6572831606165             164.98853696913852            541                           5179                          0.6425650247128216            
52979                         11                            433.9981763556358             107.13173046720028            361                           3567                          1.3415267431860824            
53456                         11                            597.1825462121557             151.31660874484243            506                           4951                          1.4311667348506103            
53616                         11                            444.0391551731635             95.53939774845455             321                           3406                          0.9504941955943395            
53763                         11                            661.657283160617              156.59588389547176            519                           5373                          1.3345185461831088            
54094                         11                            465.7432424780359             126.70577938494884            420                           3544                          0.8402726982662685            
54123                         11                            505.36976726360325            120.35912376391916            396                           3965                          1.372738266482121             
54134                         11                            661.6572831606163             166.2898796418441             555                           5266                          1.1124833006370212            
54427                         11                            610.2246820813123             142.81870435367026            486                           4916                          1.0539286173345097            
57288                         11                            661.6572831606168             147.15641378607972            485                           5355                          1.4606579298911426            
57400                         11                            661.6572831606164             148.67896481052938            487                           5259                          1.2722415332871586            
58728                         11                            661.6572831606167             153.64317305771445            504                           5327                          1.2875225293200692            
59009                         11                            661.6572831606163             179.13637779653146            601                           5249                          1.2937526167144102            
59395                         11                            594.6616018239073             142.72552866109046            471                           4834                          1.335133261468628             
59545                         11                            554.2065992553315             115.13310599116738            382                           4270                          1.5855906327379423            
59781                         11                            225.8715934839143             50.55417466125238             170                           1719                          1.2472822116962408            
59969                         11                            371.7840044504078             86.49242638215114             283                           2966                          1.0098826842109045            
60007                         11                            314.55131127630676            129.05311912190788            423                           2346                          0.4470069328368065            
60225                         11                            32.20551474689893             6.711314399310433             22                            250                           0.7564452331450429            
60293                         11                            137.35462450948057            33.990424323767634            114                           1023                          1.1262132339860524            
60320                         11                            661.6572831606164             170.27313218479154            563                           5329                          0.05899896160005561           
60638                         11                            23.274792082130233            5.774978073831419             19                            169                           0.2990788897275027            
60799                         11                            661.6572831606165             149.65784605144302            494                           5034                          1.4938948143738218            
60925                         11                            661.6572831606163             154.48672459375666            512                           5163                          0.05020993802038106           
61379                         11                            661.6572831606164             162.85631887656413            539                           5398                          1.3084218425415775            
62396                         11                            661.6572831606164             160.32989338639211            530                           5295                          1.3528241889015662            
62999                         11                            661.6572831606165             147.00400908862025            484                           5078                          1.4223517938788315            
63246                         11                            661.6572831606165             161.1881664022771             540                           5224                          1.4052038572266994            
64814                         11                            661.6572831606165             146.8214941068533             487                           5284                          1.2829418575225298            
64882                         11                            162.22165851837428            65.72325704172947             213                           1287                          1.41950973738036              
64939                         11                            661.6572831606165             162.28127171746902            534                           5178                          1.2854892222306598            
65961                         11                            661.6572831606167             151.1259065879558             496                           5290                          0.5714568700982553            
66001                         11                            579.4488679471566             132.74683989983242            439                           4537                          1.4152946082451554            
66061                         11                            4.295246139029096             0.35578171858234564           1                             26                            1.313034820837832             
66281                         11                            204.74821610022974            51.46257484429333             168                           1585                          1.161299816047006             
66442                         11                            590.4093908921647             135.21782979712987            454                           4823                          0.0031868656679687676         
66810                         11                            661.6572831606165             152.81890582697724            509                           5142                          0.44597628785132715           
66901                         11                            293.11880963198854            71.72663243698796             236                           2332                          1.1958700231308361            
67231                         11                            521.8805207779753             116.65218082743048            398                           4100                          1.340232316728189             
68138                         11                            661.6572831606165             157.5559061845641             524                           5170                          0.6266339888419523            
69060                         11                            643.4918647145336             162.6175470917291             542                           5290                          1.0606215176386087            
69628                         11                            661.6572831606165             151.77065500906508            509                           5197                          1.3839005413341767            
69903                         11                            197.66424935087315            47.05859308352901             157                           1497                          1.4324505863010237            
70124                         11                            193.53544664975865            42.022123296069005            140                           1497                          1.336372374020291             
70431                         11                            661.6572831606164             157.4455918040479             520                           5405                          0.41363255938722815           
70544                         11                            580.8871952467538             131.48661364139437            429                           4654                          0.3698605275544942            
70732                         11                            661.6572831606164             154.81318794621936            513                           5389                          1.377909881636606             
71651                         11                            661.6572831606165             167.9623614408601             554                           5365                          1.1426992641678453            
72470                         11                            661.6572831606169             153.35149868158564            509                           5164                          1.3555491989614872            
72549                         11                            661.6572831606167             150.37186043285817            490                           5211                          1.4687360146365742            
72656                         11                            661.6572831606163             153.3680459858801             506                           5157                          1.3444202003459045            
73092                         11                            661.6572831606165             158.7071441252421             527                           5317                          1.303301291387621             
73492                         11                            274.9945067069711             59.11780582623256             197                           2066                          1.3474823822736248            
74157                         11                            272.164172592436              55.85821626839608             187                           2021                          1.3927009097795193            
74491                         11                            661.6572831606165             159.28468399721416            529                           5296                          0.5213776850507612            
74564                         11                            661.6572831606165             148.40200160547377            489                           5093                          0.4929832370351074            
74840                         11                            27.011435593292557            7.123827894900053             26                            233                           1.3983960536015305            
75167                         11                            438.2230282009616             106.21549207435919            349                           3456                          1.2934534073875732            
76256                         11                            661.6572831606167             145.9431220183651             485                           5165                          0.06585703887183013           
76876                         11                            661.6572831606165             163.03366684135872            534                           5175                          0.9278233304767465            
76884                         11                            661.6572831606167             170.02135155511635            563                           5232                          1.2824424470323996            
77715                         11                            234.2740633451122             58.092894171914196            187                           1867                          1.415418684076997             
77923                         11                            602.1899818755701             138.81117968422558            457                           4715                          1.4872562514691041            
78476                         11                            138.3566300887883             27.789943432916374            95                            1067                          0.500685268466424             
80388                         11                            661.6572831606163             154.79255623720147            523                           5334                          1.2138942509208999            
80404                         11                            661.6572831606168             160.02997138771605            530                           5310                          0.24926066109348494           
80646                         11                            661.6572831606165             159.98335343599044            525                           5207                          1.3721011733447863            
81257                         11                            661.6572831606165             168.2583904866346             551                           5226                          1.401662669156127             
81497                         11                            153.49971332910073            39.37617446264559             127                           1231                          1.3946112545673546            
81877                         11                            497.60976901383134            134.17653259008705            444                           4018                          1.4674174987649808            
82123                         11                            661.6572831606165             145.91717078843152            484                           5208                          0.3396507757566362            
83188                         11                            661.6572831606164             162.8611059027941             542                           5361                          1.1772528625217342            
83298                         11                            661.6572831606165             163.2627949760865             538                           5325                          1.2794942246223018            
84972                         11                            302.44020296949157            78.90067616515172             258                           2343                          1.4347124511410994            
85181                         11                            661.6572831606164             161.95877248269323            540                           5272                          1.4305168080055286            
85290                         11                            75.25000000000001             21.03337265686574             68                            589                           0.6834227520065117            
86567                         11                            661.6572831606167             151.17891118799812            500                           5187                          1.4243727591622553            
87042                         11                            661.6572831606164             166.95160889335685            540                           5203                          0.18218917439022797           
88229                         11                            661.6572831606165             151.20885045861027            504                           5206                          1.3217302602649423            
88775                         11                            661.6572831606163             157.39622870723983            519                           5454                          1.4417747872584945            
89478                         11                            661.6572831606165             147.34925740741357            491                           5370                          1.3296258408781025            
89599                         11                            661.6572831606168             163.3047707928679             542                           5430                          1.3813397584406728            
90486                         11                            31.830232227816555            6.25753170404159              21                            246                           1.2943245551833769            
91087                         11                            661.6572831606167             161.9774387267014             545                           5321                          1.4313163991727293            
91667                         11                            391.41019055356554            95.01023140695118             312                           3033                          0.0544587856636189            
91849                         11                            661.6572831606165             148.33119212753317            496                           5116                          1.432256187839958             
91894                         11                            591.1199175455722             133.15945662885233            448                           4704                          0.8253986880561663            
92252                         11                            372.35475003073725            75.24067104406316             248                           2906                          1.3050999431676242            
92286                         11                            661.6572831606163             143.04575312228295            470                           5280                          1.1747621121251086            
92454                         11                            247.95133520898696            53.128214820847695            181                           1998                          0.6567436090080964            
92485                         11                            36.316806793137836            6.4168320389321165            22                            280                           1.2477560493872915            
92587                         11                            357.1035638088654             76.12970087505465             253                           2788                          0.47353463193933054           
92649                         11                            661.6572831606165             156.6056491539814             513                           5209                          0.058094576563199316          
92864                         11                            661.6572831606164             159.16562365651527            528                           5174                          0.6674600672025071            
93183                         11                            201.65594373325274            52.82284227616859             173                           1654                          1.365460134714716             
93211                         11                            661.6572831606164             157.78042273590736            524                           5358                          1.3942773153938344            
93286                         11                            562.2572556643507             121.99436315178508            407                           4415                          0.46041747141908795           
93938                         11                            661.6572831606164             160.7643276933132             530                           5211                          1.3814332535024887            
95321                         11                            63.72379542393641             18.98177877899986             65                            452                           1.0735217584235197            
95833                         11                            661.6572831606165             168.53927935468315            549                           5157                          1.4022707186891585            
96202                         11                            584.6294198076641             147.54150444684237            492                           4728                          0.1704885001642561            
96739                         11                            661.6572831606167             173.5228185871327             572                           5466                          1.4623920439474185            
97101                         11                            661.6572831606165             151.02615540318814            494                           5237                          1.2969140174424363            
98568                         11                            661.6572831606165             148.53954418714744            489                           5151                          1.5204655592090446            
99455                         11                            661.6572831606163             157.32962567080986            536                           5421                          1.3109712196689456            
99460                         11                            661.6572831606167             149.2219968454393             492                           5362                          1.296024916234833             
99837                         11                            661.6572831606167             154.55889202937465            515                           5166                          1.402985509120593             
322                           12                            661.6572831606165             160.3739891337294             538                           5089                          1.3046840854875623            
644                           12                            661.6572831606165             176.64897900532392            585                           5314                          1.3552815875126738            
677                           12                            661.6572831606165             179.49627853992226            601                           5293                          1.4111877253945098            
890                           12                            497.42539370583665            130.56526057012564            432                           3897                          1.5467006213297843            
1220                          12                            355.5878231558529             101.34267390239658            335                           2775                          1.585125104833193             
1414                          12                            661.6572831606164             196.1273021229342             653                           5214                          1.1424411126840064            
2154                          12                            661.6572831606165             186.99944624180807            619                           5361                          0.8862916073844771            
2171                          12                            661.6572831606165             168.97714806350973            561                           5247                          1.7263714884861474            
2242                          12                            661.6572831606167             191.63099304786684            645                           5346                          1.6400814780361896            
2333                          12                            661.6572831606165             166.76642998857906            553                           5271                          1.4833855884000189            
3044                          12                            661.6572831606169             182.91423991465152            600                           5382                          1.6971526489638993            
3152                          12                            377.00579802272046            96.74128013755374             325                           2949                          1.4620691411118174            
3352                          12                            661.6572831606164             168.32795247979274            556                           5158                          1.5940713797136798            
3580                          12                            87.68292105839737             21.67037265900993             71                            700                           0.8538137517936963            
4245                          12                            32.20559015721802             8.298522507711876             27                            238                           1.471396232643948             
4337                          12                            661.6572831606165             175.88995884144524            575                           5299                          0.1900414211497427            
5014                          12                            661.657283160617              171.3460568444081             577                           5238                          0.07395784445053066           
5290                          12                            507.38828772093507            127.7079208738177             422                           4100                          1.5338443544835174            
5462                          12                            661.6572831606164             180.66418311300205            595                           5221                          1.5178596999176648            
5606                          12                            661.6572831606165             185.1228960796745             610                           5280                          1.1217519882015137            
6113                          12                            32.04319950594957             6.995075951001514             23                            222                           1.576788362522037             
6974                          12                            661.6572831606163             163.5353553417197             542                           5266                          1.6160212286547875            
6999                          12                            367.643603843077              86.59317728767982             288                           2961                          0.06081011013809091           
7613                          12                            661.6572831606168             164.75787113553525            544                           5068                          1.4359006178037186            
7707                          12                            103.68630712013906            24.063488181576403            81                            803                           0.7597907764860186            
8687                          12                            661.6572831606165             164.19790401594824            542                           5114                          1.445772628485329             
9038                          12                            661.6572831606168             163.8191497826321             548                           5358                          0.2131350408610037            
9208                          12                            114.24078825583561            27.218196966273172            90                            892                           1.4346383768445934            
9665                          12                            661.6572831606164             175.06943361265402            576                           5350                          1.4462676201286708            
9846                          12                            661.6572831606164             176.62429291376944            582                           5170                          0.2384589261777254            
10202                         12                            230.6388896382888             61.714922081399735            197                           1814                          1.5319467405883198            
10288                         12                            661.6572831606167             180.671154615544              604                           5408                          1.5458613368960368            
10443                         12                            93.84451896443387             22.586628118450335            74                            717                           0.5263132904743288            
10554                         12                            233.13120938004863            57.337079813343145            192                           1826                          1.5925055563668593            
11663                         12                            73.76472440641682             15.8495171142718              54                            515                           0.19683075833323066           
11939                         12                            428.1679904684352             99.39685942603106             329                           3345                          0.5065820365912901            
12186                         12                            661.6572831606168             176.63877206999604            578                           5093                          0.1404445548421232            
12197                         12                            661.6572831606164             185.78015472053087            610                           5463                          0.868040147467343             
12383                         12                            661.6572831606169             181.84148577287309            605                           5293                          1.5398968708495189            
13174                         12                            661.6572831606167             151.7776908424692             505                           5200                          1.6230199268777807            
13261                         12                            218.2633660270236             59.682644502386395            199                           1778                          1.596190982247145             
13418                         12                            661.6572831606165             176.17147552182615            586                           5402                          1.330275168288862             
13772                         12                            661.6572831606168             172.632283945972              569                           5288                          0.5235877421388331            
14054                         12                            661.6572831606165             186.07576631943476            613                           5414                          1.544562855208742             
14310                         12                            661.6572831606165             176.45699165147047            586                           5251                          1.5093888036102168            
15363                         12                            604.4937966103538             168.56891881044618            566                           4807                          1.62252353077539              
15578                         12                            661.6572831606165             185.95814405174136            616                           5474                          1.5520280634028327            
15624                         12                            661.6572831606167             164.67991370311677            542                           5077                          1.4899227087865508            
15841                         12                            470.9125399890612             125.91654443685854            416                           3816                          1.6295881408739552            
16333                         12                            661.6572831606168             181.5051525683961             599                           5290                          1.4386337997877736            
17320                         12                            661.6572831606165             175.5073345903361             582                           5272                          1.1048037698111273            
17389                         12                            251.67179150327783            64.39815911665976             211                           1855                          1.5883511033263795            
18198                         12                            181.22861537010846            41.63323693072484             137                           1403                          1.5406482382702151            
20028                         12                            661.6572831606164             163.67446340832154            549                           5127                          0.5617813098878626            
20625                         12                            164.1596705504033             38.467317938761404            129                           1246                          0.363807505861656             
21477                         12                            661.6572831606167             172.48072051477675            566                           5308                          1.4447080613390497            
21713                         12                            36.316697297747076            9.937969123707761             33                            271                           0.33748987983142975           
22896                         12                            472.57157179454606            137.0793040597442             462                           3859                          1.5045139245145822            
23005                         12                            661.6572831606167             164.7312245647705             548                           5020                          0.08627192096676899           
23417                         12                            534.2835886380985             127.78191731895899            425                           4082                          1.217344015557213             
23722                         12                            661.6572831606167             190.455112879857              635                           5253                          1.4504966250525704            
23745                         12                            166.1448693916825             42.11613767259426             138                           1230                          1.1198445606469223            
24024                         12                            512.3107163484714             136.99801980621936            447                           3929                          1.6779275291131621            
24283                         12                            661.6572831606167             176.22048721947561            580                           5102                          0.3661397564152532            
24860                         12                            478.4029999833179             116.38331009730375            387                           3713                          1.1929611093227428            
25197                         12                            156.36847897158677            41.87397218852889             137                           1228                          1.5413970370352237            
25261                         12                            86.67487135032663             19.776497492610076            69                            635                           1.0182979704946797            
25373                         12                            572.6713887159183             148.5944538569511             488                           4749                          0.36357951356185647           
26071                         12                            203.79134885026764            43.69601167282912             144                           1537                          0.17840039333676536           
26460                         12                            661.6572831606167             157.68139646534402            521                           5094                          1.2976723088074027            
29367                         12                            612.401181350724              161.2420983534572             533                           4913                          0.3827205296287431            
30022                         12                            36.39177444346009             8.980332302368463             31                            263                           1.3774398952920417            
30404                         12                            661.6572831606167             163.04635251880725            535                           5230                          1.4090556010348618            
30633                         12                            661.6572831606164             157.5884317530104             518                           5247                          0.08125857684602558           
31924                         12                            661.6572831606165             176.40909475568125            572                           5349                          1.4217212285671592            
32252                         12                            661.6572831606167             189.7083585681156             637                           5306                          1.3766649857440223            
32283                         12                            128.52934043766794            35.020393153158366            114                           1001                          1.5343431159221126            
32724                         12                            661.6572831606163             178.17479027147792            589                           5383                          1.6734641928509242            
33233                         12                            661.6572831606165             184.33196428205517            608                           5311                          0.3036256955078496            
33855                         12                            438.42114450623296            112.16152244459167            371                           3444                          1.5607260095966153            
33868                         12                            172.63191046932837            43.52638017181205             141                           1328                          1.6139876715082702            
34264                         12                            661.6572831606165             168.2045181775916             569                           5205                          0.9818859180690476            
34571                         12                            661.6572831606167             165.93455541678094            557                           5224                          0.37812695803817836           
34602                         12                            37.24476741438559             8.540762208014943             27                            291                           1.4911940606370835            
35194                         12                            661.6572831606169             172.48555802126697            567                           5237                          1.4658909378767926            
35306                         12                            661.6572831606164             180.40738315942204            594                           5335                          0.07368693647625195           
35463                         12                            636.1347473096246             165.65644049982117            550                           5011                          1.5094268565561908            
36194                         12                            620.7592045791127             152.16401610321003            504                           4862                          1.5759365881667378            
36302                         12                            613.7721347701206             170.62994997250138            567                           4928                          1.4498743207526947            
36774                         12                            661.6572831606165             169.43396532904356            569                           5097                          1.334030936337792             
37130                         12                            564.923809253844              153.79432824036786            514                           4674                          1.4965481987368678            
37919                         12                            661.6572831606165             164.39827030000166            541                           5243                          1.4968735113824283            
37961                         12                            661.6572831606167             173.6051446600171             572                           5285                          1.3590593928777566            
38540                         12                            661.6572831606163             168.012464105147              556                           5153                          1.4364522123318892            
39504                         12                            203.6436675952708             56.23332110295472             182                           1674                          1.5164777964928762            
39632                         12                            661.6572831606167             187.499128196036              611                           5269                          1.471079083757696             
39695                         12                            661.6572831606164             164.2806047104828             549                           5202                          0.48375102860614516           
39771                         12                            661.6572831606171             171.7845725110984             567                           5279                          1.617581729089942             
40351                         12                            143.3939226383223             35.40990132015938             116                           1144                          1.4482248137925917            
41436                         12                            661.6572831606163             157.29671318114154            521                           5268                          1.506086404188474             
41950                         12                            661.6572831606167             173.57791866606934            583                           5467                          0.30740935412310955           
42410                         12                            661.6572831606164             171.75268179846603            569                           5139                          1.3809370372944263            
42537                         12                            661.6572831606165             182.4093717323792             608                           5197                          1.5332625190282405            
42899                         12                            661.6572831606167             179.53966352828016            585                           5300                          1.504699705235307             
43623                         12                            661.6572831606165             173.5717765914385             565                           5367                          1.6083175143240873            
43832                         12                            661.6572831606165             164.88624965857298            550                           5090                          1.5525702360337874            
45077                         12                            661.6572831606165             176.70857203418404            579                           5311                          1.5103666140829983            
45155                         12                            661.6572831606165             165.87656988466688            543                           5149                          1.4471957399240318            
45180                         12                            661.6572831606167             172.7037951985067             572                           5288                          1.5358140571102266            
45769                         12                            246.6051427798413             60.32666275612466             201                           1911                          1.4435608228444687            
46293                         12                            661.6572831606169             166.12161169687909            550                           5368                          1.5114301676396138            
46546                         12                            295.7311194353615             71.74268479788682             234                           2302                          0.5307082957742334            
47548                         12                            36.31707004872378             8.437591149479287             28                            232                           1.453899875158302             
47752                         12                            604.3373508283951             162.54764146601093            543                           4871                          0.6217002938720129            
47924                         12                            661.6572831606163             175.94269186344886            589                           5094                          0.07338910627101021           
48793                         12                            460.17294522472827            125.53169153854755            414                           3701                          1.4326290012786858            
49195                         12                            661.6572831606167             155.04283934697753            522                           4948                          1.5533013242255342            
49604                         12                            661.6572831606163             177.37517524453634            587                           5144                          1.0976159477376082            
49875                         12                            540.3438588964177             132.91854233506547            443                           4218                          1.372865395098198             
50072                         12                            661.6572831606165             173.14118634599484            571                           5284                          1.5545239320587805            
50773                         12                            661.6572831606167             165.89597234128192            564                           5411                          1.1700969742695237            
50904                         12                            88.39205083076571             19.50920435869907             65                            647                           1.5067455284230515            
51073                         12                            37.244678194791874            10.408287651626944            33                            291                           1.4711094059357244            
51364                         12                            661.6572831606164             164.06459421157425            540                           5201                          0.1735031913232506            
51909                         12                            246.38949254793113            70.23178390409413             230                           1958                          0.08829754596845439           
51938                         12                            661.6572831606168             180.9212883641228             596                           5383                          1.4322606777050209            
52433                         12                            661.6572831606167             198.72086286700193            653                           5374                          0.612041965042689             
52585                         12                            653.0129264564883             170.71525755259026            571                           5119                          1.5851875890761302            
53065                         12                            661.6572831606163             173.2589779940377             573                           5216                          1.7358290820499593            
53132                         12                            447.2190364468247             118.09411240582865            386                           3615                          1.5024425180027439            
53145                         12                            661.6572831606164             180.2632575631159             596                           5253                          1.5163058732805466            
53675                         12                            661.6572831606168             170.98530034251218            572                           5213                          1.0297376688588193            
54256                         12                            610.3945269024359             164.66846922962645            547                           5069                          1.5783881538691151            
54283                         12                            661.6572831606165             175.02255707636888            581                           5149                          1.507579974735993             
54352                         12                            661.6572831606164             170.91216600619163            578                           5211                          1.445104244615381             
54932                         12                            584.2502831606166             163.146957486765              545                           4748                          1.537087255080288             
55238                         12                            661.6572831606163             183.0482279565325             618                           5484                          1.5163804590774665            
56308                         12                            489.33215451130644            114.44340413866448            380                           3812                          1.4338370836290446            
56437                         12                            661.6572831606167             180.8926764084309             597                           5271                          1.6266344429826614            
56600                         12                            486.40738754331767            127.87161978715812            425                           3896                          1.00134612534839              
57379                         12                            661.6572831606165             174.93895924051026            580                           5230                          1.5849922853197305            
57404                         12                            657.4450907095146             174.87431187276508            576                           5237                          1.1237563120795775            
57850                         12                            659.3073754468946             154.6904655110835             516                           5136                          1.535982886946563             
59442                         12                            661.6572831606167             185.05276851784012            610                           5019                          1.534711583787456             
60287                         12                            130.7026882656285             35.064556836127345            113                           956                           1.362565562005066             
60542                         12                            634.384230974173              150.79109015567923            492                           4865                          1.6180364272743768            
60572                         12                            618.7017352064013             160.3304019008824             525                           4796                          0.30287541008033486           
60594                         12                            644.9585416528467             181.41309537363543            602                           5192                          1.3103652789437024            
60723                         12                            661.6572831606165             167.097437271912              561                           5218                          1.3900420772383923            
60947                         12                            661.6572831606163             197.6322112310646             651                           5160                          1.5904754511324701            
60963                         12                            661.6572831606164             182.38086876071796            611                           5328                          1.4746791733208218            
61246                         12                            661.6572831606167             186.72704431708277            622                           5425                          1.7271596116349581            
61906                         12                            661.6572831606163             170.7203251748362             569                           5261                          1.6131463553537815            
62840                         12                            661.6572831606164             161.61181665693096            534                           5203                          1.6375911325638768            
63827                         12                            661.6572831606164             176.2138520657044             589                           5036                          1.5049578160594228            
64154                         12                            661.6572831606167             180.20314947369715            595                           5325                          1.41296676540462              
64177                         12                            432.7916078771551             120.56954676315665            400                           3388                          1.5547914730757928            
64348                         12                            330.30889676274035            92.17935933958711             304                           2701                          1.5777958032500075            
64937                         12                            661.6572831606164             183.1020474623662             610                           5143                          1.0564059784310693            
65630                         12                            661.6572831606165             175.06474505515413            580                           5117                          0.805911571656004             
66340                         12                            254.82199378161377            62.17622942455367             204                           1967                          1.6119179868231255            
66351                         12                            661.6572831606168             177.1923671033695             575                           5235                          1.5324051017502343            
67715                         12                            646.5922622893689             195.57358529799663            641                           5199                          0.5395615966720433            
67826                         12                            661.6572831606165             169.88258895120626            565                           5262                          1.5328476941837326            
68508                         12                            661.6572831606165             184.44846498125844            608                           5272                          1.7006724866174658            
68719                         12                            661.6572831606167             176.95089041887502            588                           5213                          1.4911654950187285            
68886                         12                            227.89377168669014            66.33296689619165             215                           1791                          1.608512647738879             
68970                         12                            632.1912406716733             141.35271554550917            466                           4819                          1.5553712619289328            
68979                         12                            83.0633742972856              22.15759410280032             76                            666                           0.5730366417902447            
68991                         12                            319.1541848286312             81.76377146407012             274                           2446                          1.2380173643401913            
69107                         12                            600.1141295124341             155.9428057882632             514                           4826                          0.1977071910572284            
69427                         12                            661.6572831606163             178.26621041808517            594                           5258                          0.7207441561944448            
69508                         12                            661.6572831606165             172.92744173285382            573                           5313                          1.363925845447811             
70313                         12                            661.6572831606164             176.9952316010201             587                           5381                          1.5659246086315193            
70682                         12                            661.657283160617              180.65577503622376            602                           5374                          1.5111037152094209            
70953                         12                            198.56002967881975            46.87075056533094             155                           1544                          1.5543159058470182            
70981                         12                            661.6572831606165             191.88776679172656            641                           5337                          1.5883596580999244            
71294                         12                            469.49855508737846            125.07716761028007            419                           3762                          0.40863435008948173           
73632                         12                            661.6572831606162             176.95580692022406            587                           5318                          1.6943333214036076            
73660                         12                            661.6572831606163             180.84030772335194            598                           5301                          1.106986877223776             
73825                         12                            53.40679568914502             16.897155857223098            56                            417                           1.553671138489569             
74891                         12                            661.6572831606163             168.76669752212172            554                           5375                          1.5859043530096124            
74957                         12                            661.6572831606167             179.43599344039572            601                           5283                          0.14805849666182208           
75373                         12                            589.8530602781109             181.0429803436149             602                           4677                          1.4699515627436859            
76008                         12                            109.81247749935021            24.295263591122055            84                            857                           1.5826902987461051            
76178                         12                            420.9715540086694             109.21893013832715            361                           3256                          1.5928248285261728            
76204                         12                            661.6572831606167             170.22713154033272            561                           5269                          0.21854799600363511           
77407                         12                            661.6572831606165             179.01551269970668            600                           5329                          0.9560226754907409            
77715                         12                            661.6572831606167             168.28447310182713            564                           5129                          1.4841589097335819            
77837                         12                            661.6572831606165             179.71725912122113            607                           5288                          1.5821124487394793            
77964                         12                            137.21809901631747            36.39083786392484             120                           1035                          1.4803458871551334            
78048                         12                            477.3123659381763             130.3673511753882             432                           3829                          1.5979656439955754            
79008                         12                            649.7143804495821             169.49371198685316            563                           5070                          0.318479020930037             
79417                         12                            661.6572831606168             176.71820631520254            581                           5293                          1.1445907112354825            
80578                         12                            314.4343438842083             81.44326162449143             268                           2483                          1.4921731161893503            
80586                         12                            559.2437692867113             138.4098564867154             456                           4215                          1.5441230773595773            
80902                         12                            525.3119921252506             132.82502116260926            444                           4119                          0.7111582625280914            
80924                         12                            661.6572831606167             168.93145616076058            561                           5350                          1.2084812966470817            
81228                         12                            661.6572831606164             166.14751080959536            547                           5194                          1.1695643088663652            
81456                         12                            661.6572831606167             171.77511258363796            571                           5248                          1.488016280781738             
82504                         12                            661.6572831606164             171.70983558837867            567                           5244                          1.4531779963806037            
82931                         12                            661.6572831606164             178.09582697171152            591                           5167                          1.5056260954086453            
83219                         12                            661.6572831606165             175.76198576203157            576                           5331                          1.5052779310008244            
83684                         12                            399.87026230542443            89.59603457745135             298                           3087                          1.5618941767856493            
83961                         12                            661.6572831606165             179.9344827343755             593                           5262                          1.5283744614675299            
84026                         12                            187.3492849898315             47.451387473983075            156                           1435                          0.7913450558226067            
84527                         12                            32.20535394018782             9.006246958238746             30                            212                           1.5697440572367367            
84607                         12                            613.9864517800693             168.82928271781333            559                           4857                          0.4140710426218889            
84703                         12                            661.6572831606164             157.5669247410139             526                           5109                          0.07882649767710545           
85578                         12                            17.97872826701663             6.3730692474083295            20                            149                           1.4827741884377765            
86459                         12                            661.6572831606167             174.55674438703605            577                           5319                          1.3876202786657               
86683                         12                            550.4136527103113             144.97423414129366            481                           4379                          0.05515536569444641           
86733                         12                            661.6572831606168             174.0467526646899             583                           5224                          1.5277741070512776            
86813                         12                            182.17889763976046            45.178809336499015            148                           1451                          1.2756267958402732            
87077                         12                            32.20569544942128             6.478566826039455             22                            232                           1.5412259642135835            
87103                         12                            490.8234036870273             129.6766077436655             426                           3853                          0.39490064167692485           
88915                         12                            661.6572831606165             177.75210118803216            589                           5268                          0.05725894646256584           
89287                         12                            661.6572831606165             179.40645988436563            588                           5194                          1.134963307122528             
89842                         12                            206.82336572162953            65.21281607481303             216                           1718                          1.5577817253571602            
89859                         12                            229.5870416087002             52.78802482270169             173                           1757                          1.5625744841051188            
90060                         12                            410.54692299032735            111.16736688022212            365                           3155                          0.5700010983977253            
91048                         12                            661.6572831606165             175.57346254054536            589                           5259                          0.45914890091939187           
92280                         12                            661.6572831606167             174.45706195927542            585                           5211                          0.97214660639698              
92935                         12                            661.6572831606163             182.08319808630253            595                           5365                          1.5486082099165264            
93014                         12                            661.6572831606163             175.7922242794617             584                           5021                          1.5378968240012667            
93125                         12                            39.494692049048               9.57259274779565              30                            298                           1.5870355965934528            
93256                         12                            224.68546276409435            58.46003685017739             192                           1737                          1.5421017161851287            
93483                         12                            30.36469728230388             8.412445661206018             27                            201                           0.08082795583603282           
93719                         12                            661.6572831606163             176.91026859949397            585                           5328                          0.508283237405051             
93751                         12                            430.85809113658485            111.40776239493046            371                           3410                          0.0717300709084447            
94012                         12                            661.6572831606164             163.4623746151538             536                           5120                          1.5490929585703355            
94221                         12                            661.6572831606165             177.36823961361645            590                           5256                          0.9839364777789651            
94230                         12                            75.25000000000001             17.10173243628658             61                            601                           1.4222789104998161            
94456                         12                            661.6572831606163             176.7020016468578             579                           5239                          1.5623082930871854            
94588                         12                            661.6572831606164             166.73061936410974            549                           5200                          0.1577294085184665            
94662                         12                            661.6572831606164             177.36506142767863            581                           5127                          1.53958961554189              
94754                         12                            661.6572831606165             172.45222190348088            576                           5324                          1.461760805427525             
94963                         12                            661.6572831606165             163.1924427525464             540                           5239                          1.5413108102371837            
96111                         12                            661.6572831606165             169.25691853590783            556                           5099                          1.5161127921781412            
96444                         12                            104.50018683295256            22.660107962025354            77                            784                           1.4300153561833024            
96491                         12                            32.205554644912155            8.501198123327336             30                            241                           1.475576860783189             
96684                         12                            661.6572831606165             179.59429084839584            593                           5230                          0.20063872872024985           
96689                         12                            661.6572831606164             180.98325269300392            594                           5218                          0.0771542912638285            
97030                         12                            430.60975609487946            110.56048029727178            361                           3464                          1.569365323203617             
99047                         12                            661.6572831606165             175.690216596339              585                           5312                          1.578169688457585             
99237                         12                            661.6572831606165             178.29212268142               585                           5338                          0.9630965387933754            
