### BoGEMMS simulation ### 
# EventID Pos Edep_scint[keV] Nabs_SiPM_PDE Nabs_SiPM N_opt Edep_SiPM[keV]
0                             1                             102.55992426166245            24.96793621474449             84                            820                           0.2207172426363482            
147                           1                             661.6572831606164             168.23611382221668            557                           5269                          1.4738609963355085            
1545                          1                             661.6572831606165             154.27204492909738            520                           5195                          1.3644300303614947            
1662                          1                             661.6572831606163             157.12891930533857            522                           5374                          1.3774355534078198            
2388                          1                             661.6572831606163             148.59643522253174            481                           5031                          1.2882887224660053            
3151                          1                             661.6572831606168             146.5826259659911             486                           5296                          1.2858336549717482            
3538                          1                             220.10974884056918            50.38471585910488             165                           1785                          0.44128431062580786           
4150                          1                             661.6572831606164             159.62256024599455            533                           5224                          1.4025475922829853            
4171                          1                             584.8048764277372             140.45205886837468            467                           4582                          1.2371044715538055            
4461                          1                             480.11108080578765            114.39053975647322            377                           3835                          0.9954903064224089            
4792                          1                             591.5961091628341             130.183665330023              435                           4655                          1.1444213967810386            
5127                          1                             661.6572831606168             151.34739377713203            496                           5132                          1.3246123512353964            
5336                          1                             163.16834945122787            35.986084005961324            120                           1193                          0.3142709120097716            
5343                          1                             661.6572831606164             158.71905103113048            523                           5385                          1.3858465341689958            
5823                          1                             196.32683008415145            48.107948754688856            158                           1425                          0.4199771054691904            
6167                          1                             661.6572831606164             154.45207259848823            508                           5252                          1.3458326440642296            
6226                          1                             462.95469392306774            110.17934456283767            363                           3698                          0.9595708294835439            
6474                          1                             138.5168998519779             27.4251556722573              90                            1045                          0.2387333368309677            
6752                          1                             78.60707368930116             18.44939756443384             61                            633                           0.16117863997996845           
6916                          1                             603.0867149176454             141.9374922758781             472                           4823                          1.2452505065594774            
7804                          1                             661.6572831606164             147.29479189375283            485                           4982                          1.287029375700707             
8650                          1                             73.03900000000002             14.565682590835936            49                            569                           0.12818372791974234           
8791                          1                             661.6572831606167             159.94687924400793            532                           5319                          1.4098143788774882            
8818                          1                             661.6572831606165             154.84983686950602            513                           5348                          1.3535927068785218            
8842                          1                             36.31693861070276             8.40139975881453              29                            256                           0.07569737607669211           
9418                          1                             661.6572831606168             171.48770104364053            571                           5334                          1.5041136701919402            
11559                         1                             661.6572831606168             160.4314042665196             533                           5260                          1.4096275918617005            
11788                         1                             661.6572831606163             153.64281693593276            510                           5251                          1.3470902823602948            
11839                         1                             661.6572831606167             147.6725510320285             485                           5221                          1.2837979760381968            
12085                         1                             515.7320491737115             116.57372297125735            376                           3981                          1.0054032613366257            
12334                         1                             75.25                         15.936756027625153            51                            517                           0.13761923324992928           
13271                         1                             661.6572831606165             169.4296437413518             554                           5328                          1.470800578408812             
13968                         1                             661.6572831606164             156.77708007931324            514                           5181                          1.3659741565265517            
14271                         1                             661.6572831606167             141.68260859995746            476                           5236                          1.2535395150530548            
14349                         1                             475.3693909389644             118.72277056605775            395                           3856                          1.0460644771770875            
15415                         1                             147.93749828353626            36.84456340338852             118                           1152                          0.31507241334854313           
16841                         1                             115.27007806826599            27.230536335636828            94                            890                           0.24448510714676824           
17061                         1                             661.6572831606169             160.71721619634505            531                           5328                          1.4038801307009596            
17828                         1                             661.6572831606164             155.1208497356414             514                           5253                          1.3546478606965078            
17846                         1                             33.397119903763084            7.141451321976237             23                            225                           0.061218989976995056          
18361                         1                             661.6572831606165             155.45698043829384            520                           5296                          1.36850582724027              
18795                         1                             661.6572831606165             151.02917620364084            502                           5211                          1.3242664933319146            
18864                         1                             661.6572831606165             158.55813616893337            525                           5217                          1.3863907307652057            
18871                         1                             165.84718023569147            31.80997699038797             106                           1219                          0.2785252424081754            
19433                         1                             661.6572831606163             156.99682467438205            519                           5256                          1.3755029667813232            
19434                         1                             661.6572831606167             155.69008780548208            523                           5321                          1.3770014154180759            
20349                         1                             661.6572831606163             150.32647775401776            501                           5332                          1.318369441627172             
21531                         1                             661.6572831606165             150.7326403797946             512                           5317                          1.3420634263733058            
21817                         1                             75.24999999999999             15.0282658264679              51                            571                           0.13319145247195008           
21820                         1                             625.9023510930733             139.49889231515644            464                           4961                          1.2253416687790657            
22562                         1                             661.6572831606164             172.23476632768362            573                           5313                          1.513725116917569             
22984                         1                             592.4387667315373             141.13143263233076            468                           4690                          1.2346581175161124            
23066                         1                             661.6572831606165             147.62070002729106            491                           5213                          1.2956222133199964            
23082                         1                             0.873922419304396             0.0                           0                             6                             0.0                           
23685                         1                             478.64016585219224            113.96062101097552            380                           3909                          0.0                           
24126                         1                             462.63775928594623            107.2081154421858             356                           3659                          1.0025011485624393            
24195                         1                             661.6572831606168             166.624895375667              553                           5449                          0.9418935673900671            
25267                         1                             159.46709136879144            38.96899865274862             128                           1255                          1.4652849950675924            
25889                         1                             604.0573873702242             145.04967812861233            477                           4645                          0.3384974685548122            
26536                         1                             661.6572831606165             147.78077520922182            488                           5197                          1.2700029183019508            
27539                         1                             75.93582263183258             19.2133445802805              62                            618                           1.2919978841875375            
28242                         1                             661.6572831606169             157.09067687109933            518                           5332                          0.16660398637683838           
28365                         1                             25.67141924797769             5.397110732769455             16                            212                           1.3725525693626404            
28381                         1                             661.6572831606168             160.8032598351472             534                           5253                          0.045043451216236235          
28586                         1                             661.6572831606163             169.976637259894              561                           5371                          1.409109544905033             
28634                         1                             661.6572831606164             154.83557038599642            510                           5423                          1.4864418584761963            
28664                         1                             200.10087891375457            49.21297027058387             161                           1570                          1.3536503508097573            
29694                         1                             485.37657870706624            126.71946073982947            424                           3808                          0.4275216334278189            
30113                         1                             32.15104568263387             4.557784815712887             15                            245                           1.1158882748705796            
31695                         1                             661.6572831606162             157.60265636137373            534                           5379                          0.03944738648067631           
32094                         1                             661.6572831606164             141.33861710832352            468                           5229                          1.4021822848236736            
32108                         1                             266.5765367234321             50.85510362838567             168                           1934                          1.2358403382962897            
32307                         1                             574.5179831606166             140.0462204298177             464                           4459                          0.44478552582566694           
33124                         1                             36.317007666774145            8.405875014373596             29                            301                           1.2247467891348567            
33210                         1                             661.6572831606167             158.91784633501192            526                           5189                          0.07463497604799435           
35216                         1                             193.50679905265068            50.33099598017376             167                           1475                          1.392842821892886             
35885                         1                             661.6572831606165             163.80983646732707            548                           5318                          0.44242152386544975           
36064                         1                             661.6572831606168             159.19700540264697            533                           5312                          1.4419456893634488            
36213                         1                             661.6572831606163             149.24768052202887            499                           5187                          1.4012044854701529            
36684                         1                             661.6572831606165             146.28185452667438            488                           5265                          1.3144606228222402            
37190                         1                             10.33047529117903             1.3507851964155992            4                             72                            1.2903200731823048            
37407                         1                             661.6572831606164             158.68277343586286            528                           5140                          0.011275634715765995          
37707                         1                             661.6572831606167             151.2489569997583             516                           5270                          1.3973433178716559            
37799                         1                             549.2683780141467             130.43874632341144            428                           4373                          1.3499539534959055            
37976                         1                             240.75197954299495            55.881212155690825            193                           1948                          1.1329164381525318            
38050                         1                             661.6572831606165             152.75081076756015            501                           5115                          0.5022339946559571            
38204                         1                             38.28136527801518             11.663430680125296            39                            313                           1.3327207291935625            
38454                         1                             36.06801591384525             8.524056513905126             27                            276                           0.10228434278221941           
39118                         1                             87.65570000000002             12.776466882317582            41                            568                           0.07227165458957378           
39439                         1                             451.5513558618654             123.73715891552675            404                           3647                          0.1102167970190158            
39754                         1                             661.6572831606165             151.82084542753674            503                           5344                          1.0748625669761995            
39905                         1                             661.6572831606168             158.54631188583915            521                           5187                          1.3322854567419613            
40306                         1                             600.366442660085              142.3995827057802             468                           4910                          1.3834387995168904            
40444                         1                             661.6572831606165             156.44796353491043            526                           5475                          1.2424538999934078            
40742                         1                             32.20562684512734             8.934554225750139             30                            214                           1.3844530284460945            
40971                         1                             53.88809638702296             11.422917677295526            38                            415                           0.07822210199489835           
42726                         1                             661.6572831606162             140.7967247651022             468                           5009                          0.10102758976736041           
43212                         1                             661.6572831606172             164.0017001928897             536                           5299                          1.2375752338681183            
43666                         1                             661.6572831606165             153.47360970799977            504                           5058                          1.424603776283147             
44498                         1                             105.51332775371358            29.60215620971044             101                           840                           1.3399520421986142            
46822                         1                             661.6572831606167             150.47228405645004            494                           5131                          0.2625056631551883            
46897                         1                             196.4949781306297             49.87233640010515             161                           1605                          1.3143050944890855            
47279                         1                             661.6572831606163             170.09764507374476            559                           5262                          0.4303736864491162            
47719                         1                             434.13306596497415            98.96472545342868             332                           3225                          1.4828627872974804            
48272                         1                             551.8955821777911             122.49607283056673            414                           4460                          0.8741433555746351            
48770                         1                             661.6572831606167             155.30515444401308            514                           5322                          1.084858614715979             
48998                         1                             661.6572831606159             161.38783483262725            528                           5262                          1.357021673490602             
49935                         1                             171.75202246674343            40.85238380273692             133                           1421                          1.405820243723984             
50481                         1                             661.6572831606168             168.265395157406              559                           5366                          0.35427005789995214           
50726                         1                             417.09129084811167            105.28716275557058            355                           3424                          1.4777955390000408            
51248                         1                             661.6572831606169             163.21189260660108            532                           5298                          0.9318203310647211            
51644                         1                             661.6572831606164             156.5996599162295             518                           5406                          1.4194102872506107            
52037                         1                             661.6572831606165             157.17395331558382            518                           5162                          1.3733721329837154            
52115                         1                             661.6572831606167             160.5442408008689             528                           5315                          1.3752805546404305            
52265                         1                             27.33118791368109             8.145005851450447             26                            216                           1.3987134661813636            
52409                         1                             661.6572831606165             152.76541012304847            502                           5311                          0.07054530834952541           
52457                         1                             661.6572831606167             167.25637283827407            556                           5386                          1.3303657058611011            
53079                         1                             661.6572831606162             148.90822158469624            496                           5304                          1.4656704651461712            
53254                         1                             184.38151717741215            44.64503213949216             146                           1476                          1.3094698293895406            
53408                         1                             661.6572831606165             163.3555454260366             549                           5283                          0.3911555613345498            
53470                         1                             661.6572831606167             154.44862854294357            516                           5099                          1.4427425026175005            
53948                         1                             661.6572831606165             147.3383322245634             487                           5218                          1.358353793354227             
54061                         1                             661.6572831606168             159.01471528329895            521                           5307                          1.293043322217521             
54319                         1                             661.6572831606164             158.51313758934413            526                           5361                          1.3836356336599285            
54752                         1                             32.20534523973352             5.7336319032988365            21                            247                           1.3932200758725561            
54833                         1                             458.9271615143992             103.84630748056973            343                           3700                          0.0531063975702884            
56641                         1                             661.6572831606165             142.66979960138903            485                           5185                          0.9071504262687298            
57031                         1                             661.6572831606167             155.46737375171668            509                           5441                          1.2699968140383087            
57569                         1                             661.6572831606168             148.53551798781737            490                           5307                          1.347331197322877             
57852                         1                             661.6572831606169             159.1231739464912             517                           5030                          1.298341464342911             
58219                         1                             114.90792931015288            29.792390569972675            101                           967                           1.3802061214032713            
58565                         1                             259.69775663930193            62.564380527678225            206                           2077                          0.2652898301671345            
59897                         1                             661.6572831606167             150.0939993235942             506                           5201                          0.5442402418579995            
60019                         1                             661.6572831606165             166.38969798243875            550                           5384                          1.3294926963075988            
60621                         1                             117.59111304628053            29.882179852576378            99                            956                           1.4570265968760312            
60641                         1                             475.0749966460545             123.27837056706178            405                           3731                          0.26067826842562836           
60845                         1                             140.75613075581802            24.327190194061117            80                            1035                          1.0729456422638024            
61137                         1                             537.5079325506388             135.09029176834363            441                           4358                          0.210553669891218             
61382                         1                             558.7462775378883             123.38004457253945            409                           4368                          1.1760405758225065            
61627                         1                             661.6572831606161             168.8302584135767             558                           5444                          1.077772411744375             
62334                         1                             661.6572831606169             155.42070425542542            514                           5304                          1.4737579287833118            
62714                         1                             661.6572831606165             152.41175804455779            503                           5222                          1.361511722761307             
63469                         1                             661.6572831606168             150.03038246452255            495                           5185                          1.3289897099962802            
64788                         1                             191.00241878399714            37.55818146697018             123                           1426                          1.3105226627061615            
64846                         1                             26.854538972264752            4.907540395492883             18                            184                           0.32650419491743427           
65055                         1                             584.2502831606163             137.59143374440174            460                           4605                          0.04638868914441115           
65115                         1                             661.6572831606165             150.37585679834467            496                           5245                          1.2135034133390756            
65501                         1                             79.80346905509283             18.089589605088612            61                            520                           1.3119413215774438            
65562                         1                             412.54577171033833            88.49601230481356             290                           3149                          0.15893442149421758           
66604                         1                             237.43440548455274            58.977049216839845            196                           1879                          0.7692986509009031            
66802                         1                             661.6572831606167             143.00439856437603            474                           5195                          0.51804919130951              
66893                         1                             624.8795891920373             141.95645997341776            465                           4895                          1.2527598311514634            
68223                         1                             661.6572831606168             159.1576904070592             535                           5112                          1.2331162673905691            
68781                         1                             661.6572831606164             153.69791529967398            507                           5102                          1.4035555629068903            
68903                         1                             613.9055781513705             141.85624341835074            473                           4760                          1.346017531878047             
69715                         1                             661.6572831606165             157.2221614118328             523                           5274                          1.2503213180604131            
70528                         1                             661.6572831606164             155.17674676937494            513                           5038                          1.3805866250240295            
71139                         1                             661.6572831606168             165.29651205017268            543                           5389                          1.3554050288636859            
71404                         1                             36.316777131732835            9.625774600016392             32                            254                           1.444009819532702             
71409                         1                             661.6572831606168             159.42531540621687            515                           5200                          0.08398534809942879           
71412                         1                             661.6572831606168             156.3803341535803             519                           5208                          1.381686513525667             
71550                         1                             661.6572831606169             155.2864185060906             505                           5242                          1.3753979713590363            
72109                         1                             130.32629211764302            28.164489327349074            91                            1004                          1.345265631214219             
72348                         1                             661.6572831606165             152.0655991871897             499                           5299                          0.24376068454819974           
73455                         1                             661.6572831606165             168.00118438588694            546                           5327                          1.321672846001868             
73653                         1                             661.6572831606165             156.04848223547611            516                           5316                          1.4591561135341298            
73709                         1                             661.6572831606167             155.73315849886583            513                           5201                          1.3615488896634473            
74233                         1                             561.5256192204699             141.84059406667203            478                           4497                          1.36784942537036              
74675                         1                             661.6572831606165             153.83615722763406            513                           5400                          1.2555629666235433            
74733                         1                             451.9785382624507             118.51317644597951            388                           3720                          1.3514883565313291            
74825                         1                             661.6572831606164             157.95751242315166            519                           5275                          1.0325524966152675            
75520                         1                             661.6572831606164             158.82642431844613            526                           5250                          1.3813896586819032            
76626                         1                             661.6572831606167             144.365740618409              477                           5180                          1.3905850459181808            
77229                         1                             488.55608531921064            120.63281626107097            395                           3801                          1.2614408008672657            
77463                         1                             661.6572831606169             154.50650553771035            517                           5321                          1.0467427637667455            
77516                         1                             661.6572831606169             149.3725920652253             491                           4986                          1.3636673946448377            
78370                         1                             661.6572831606165             150.9757824503157             500                           5305                          1.2961431322127321            
79868                         1                             661.6572831606167             159.0869415318337             526                           5207                          1.3192743465089367            
80266                         1                             661.6572831606168             160.17978736859158            533                           5319                          1.3954398779397688            
80474                         1                             661.6572831606168             147.66773458420957            494                           5076                          1.4049422776628533            
81594                         1                             661.6572831606165             146.88561699798885            482                           5142                          1.308114796206537             
81836                         1                             661.6572831606164             159.97502556293378            533                           5285                          1.278010418534936             
81990                         1                             661.6572831606165             157.71453958580156            526                           5257                          1.402007373165587             
82082                         1                             661.6572831606165             161.32166632036396            532                           5115                          1.39153680687726              
82271                         1                             188.19781189099945            47.69422981188544             158                           1510                          1.4128376434164005            
82617                         1                             552.936533713096              126.15301366002232            413                           4247                          0.41845558864439725           
82746                         1                             618.8625778784242             148.07691440441002            489                           4908                          1.0963701073688568            
82849                         1                             83.22005231541729             18.71059367031223             62                            649                           1.2960649777291517            
83264                         1                             661.6572831606165             165.37433870459014            548                           5203                          0.163320467608465             
83437                         1                             661.6572831606163             153.71874903531264            512                           5381                          1.4527655988170456            
83529                         1                             245.95603739374116            64.83547911270655             219                           2006                          1.3521726081758003            
84144                         1                             661.6572831606163             147.12695604668986            492                           5367                          0.5737706924070884            
87042                         1                             661.6572831606165             146.24803756705558            484                           5358                          1.2972908403768142            
87287                         1                             661.6572831606168             161.5097287636151             535                           5378                          1.2786568147447437            
87747                         1                             301.27966258686826            72.61106342269048             236                           2259                          1.4169923956211563            
87851                         1                             661.6572831606167             171.55988655457764            566                           5237                          0.6300711029201018            
88514                         1                             574.0531473957678             136.8057724863109             446                           4513                          1.4988640954062078            
88551                         1                             312.6788978183338             78.66171807967712             258                           2454                          1.1878907818228948            
89041                         1                             661.6572831606165             153.97174139050446            515                           5115                          0.6831837699000265            
89047                         1                             310.002091669842              79.95676133091332             262                           2493                          1.3574708518586847            
89125                         1                             448.8663197422513             110.03060962475277            366                           3615                          0.6968570228603277            
89995                         1                             661.6572831606165             165.80486789894817            542                           5293                          0.970326010106362             
90741                         1                             584.2502831606167             129.19514764924074            426                           4632                          1.4407361632247682            
91242                         1                             147.63235976570752            34.66340246148478             111                           1171                          1.1328970168310701            
92000                         1                             661.6572831606167             167.8975528054919             552                           5271                          0.2978872765315801            
92429                         1                             661.6572831606169             157.26957906856026            525                           5242                          1.4643169077852272            
92645                         1                             472.2917250752838             113.6197822352442             383                           3751                          1.381798932979056             
92815                         1                             643.3588352625927             159.54170132986826            522                           5219                          1.0057148376815785            
93520                         1                             661.6572831606167             143.39410808404762            481                           5207                          1.392573382727905             
93976                         1                             661.6572831606164             142.40696491294753            485                           4980                          1.2706689617076212            
94250                         1                             572.0518990992646             135.55115389925723            448                           4509                          1.266742093078756             
94300                         1                             661.6572831606162             161.99817314362969            535                           5411                          1.1864223758458843            
94407                         1                             661.6572831606163             156.71690161390924            516                           5248                          1.4199301461962306            
94419                         1                             661.6572831606165             155.43417556099908            513                           5325                          1.3719399327470794            
95015                         1                             661.6572831606165             168.39036484284128            554                           5321                          1.3570784491903998            
95167                         1                             661.6572831606165             168.6695154031787             563                           5341                          1.473090525977829             
96022                         1                             661.6572831606164             165.11185670121102            546                           5383                          1.4826241235166635            
96193                         1                             595.1835671315033             136.01976329832172            446                           4526                          1.4423285965626929            
96355                         1                             661.6572831606165             161.63270409747327            532                           5255                          1.18724962359858              
96503                         1                             429.8987315645728             108.31826849466394            353                           3397                          1.4102843557961109            
97767                         1                             661.6572831606163             155.34638560385812            518                           5305                          0.9407749058997037            
98124                         1                             119.21913699422936            27.212401140032156            92                            931                           1.3667392240198053            
99201                         1                             661.6572831606167             167.24398521744428            554                           5260                          0.2394251064758713            
99233                         1                             661.6572831606164             154.2458843495748             517                           5374                          1.4663252116632002            
99526                         1                             139.51740453265992            32.29040613173109             107                           1150                          1.3559048765500235            
99606                         1                             661.6572831606167             153.53149700874278            499                           5337                          0.2810361058403326            
441                           2                             661.6572831606164             203.60665871688278            670                           5257                          1.3315081692472712            
554                           2                             32.20540782629402             7.220762776626658             24                            215                           1.7811710501990698            
798                           2                             661.6572831606165             214.49624695314378            699                           5412                          0.06509521504762619           
1306                          2                             661.6572831606167             194.21693494034685            645                           5146                          1.8587919405548772            
1313                          2                             661.6572831606167             189.2412904393927             625                           5264                          1.704177767035741             
1592                          2                             661.6572831606167             243.21033384790547            797                           5302                          1.6589676162864306            
1611                          2                             484.1631816811983             118.09100066948135            396                           3803                          2.1223892615902225            
1696                          2                             661.6572831606164             201.44805828582443            666                           5224                          1.045268532910895             
1722                          2                             204.658916299672              55.20312437959005             188                           1722                          1.768160304792517             
2376                          2                             212.63625167477343            64.79556234270264             213                           1526                          0.49132202780169376           
2653                          2                             539.2035287266561             138.74874098733804            467                           4520                          0.5647137937416467            
2981                          2                             661.6572831606168             231.29995415873933            761                           5304                          1.2260759681600566            
5665                          2                             75.25                         16.414800653642317            53                            526                           2.0243056437075015            
6375                          2                             661.6572831606165             265.98983735176785            887                           5299                          0.14118438046194334           
6800                          2                             661.6572831606165             230.5418636276152             768                           5211                          2.344534956730115             
7327                          2                             661.6572831606165             195.2600267505236             648                           5077                          2.0350909909428103            
7529                          2                             514.1497961282005             130.163786955174              428                           4141                          1.7147666895817746            
8707                          2                             204.47263826085734            60.462464995958776            200                           1618                          1.133789636652446             
8752                          2                             66.4756337100446              19.76407544035864             66                            486                           0.5303356779269291            
8992                          2                             661.6572831606164             177.91399205988395            583                           5234                          0.17394366131306757           
9006                          2                             661.657283160617              206.9692831648299             692                           5378                          1.5481471082893736            
9035                          2                             661.6572831606165             208.6619938803892             686                           5277                          1.8277352638501363            
9117                          2                             192.58375686663675            46.46347748780532             152                           1502                          1.8268343937610256            
9297                          2                             661.6572831606164             211.56829739001657            693                           5477                          0.40419098122739294           
9523                          2                             536.997309648155              145.67890233562562            477                           4347                          1.8458216163337768            
10191                         2                             102.96378462151553            26.611960767503657            89                            753                           1.2719525134894165            
10609                         2                             661.6572831606164             203.8790842842937             666                           5272                          0.2339672330141444            
10810                         2                             661.6572831606167             240.07366270919943            793                           5200                          1.7714068775415326            
11250                         2                             661.6572831606165             209.07208672982398            692                           5324                          2.0989911547903546            
11617                         2                             661.6572831606165             194.37512905036593            642                           5293                          1.832341110423037             
12393                         2                             552.0258519783526             133.18481795733575            439                           4419                          1.6996501594380202            
12563                         2                             661.6572831606163             217.488810930423              721                           5299                          1.1624022153506424            
13410                         2                             34.844095444985236            9.804677344834401             33                            267                           1.9141655872715355            
13808                         2                             409.85905928081115            159.57693614735123            531                           3353                          0.08578483479899224           
14059                         2                             27.17084293212435             7.198746054192573             26                            207                           1.39978593236456              
14239                         2                             661.6572831606165             208.0976697210316             691                           5104                          0.06646553321792467           
16071                         2                             645.7063895107633             164.805429384568              545                           5174                          1.8288675533480334            
16551                         2                             661.6572831606168             192.50165284526275            635                           5427                          1.4406098306826418            
17849                         2                             267.0000037685082             69.43754384057533             227                           2228                          1.6853067639818913            
17989                         2                             661.6572831606164             195.62435139750437            652                           5216                          0.6007452630836607            
18359                         2                             106.21419767211414            31.69487902752843             103                           809                           1.720376666586531             
18432                         2                             481.40855758306117            124.10615635087318            413                           3931                          0.27600178307470846           
18732                         2                             196.50195986094644            69.37911725601388             233                           1509                          1.0918234220632805            
18796                         2                             64.791339935407               17.344709816606084            55                            487                           0.613703605796438             
18856                         2                             661.6572831606165             167.96961037464413            562                           5405                          0.14917296296351046           
18904                         2                             424.6540871356093             92.52282672226197             303                           3358                          1.4803256761771877            
18939                         2                             32.501589567666585            10.778633007664906            35                            253                           0.8033381278659959            
20051                         2                             32.20538309079224             4.874318629114513             17                            228                           0.09301735298137036           
20601                         2                             661.657283160616              167.37047518953216            558                           5182                          0.044515192912806964          
21130                         2                             661.6572831606164             161.27245626930448            535                           5271                          1.4765156178912364            
21337                         2                             83.021687544525               19.656615880959407            65                            645                           1.4133219429254646            
21515                         2                             661.6572831606165             194.17176071699603            643                           5191                          0.17400025019070367           
21781                         2                             3.399515777086415             0.0                           0                             25                            1.704198814928673             
21863                         2                             661.6572831606165             187.74299135781277            618                           5191                          0.0                           
22719                         2                             661.6572831606168             153.18245435951346            510                           5399                          0.0                           
23200                         2                             661.6572831606164             199.6835041423717             656                           5212                          1.6458349859559935            
23323                         2                             661.6572831606165             216.10485990365825            708                           5490                          1.3503283947064735            
24200                         2                             91.12915443490049             23.577973098703673            79                            744                           1.7418597288130098            
25229                         2                             31.818762202031536            6.902989979005014             23                            257                           1.887034791185668             
26041                         2                             661.6572831606165             157.73402093954581            520                           5275                          0.20986598445698706           
27314                         2                             661.6572831606163             181.11173377530514            599                           5305                          0.06009472735137041           
27539                         2                             213.6675017595948             52.18247025301384             171                           1505                          1.377495961708962             
27565                         2                             661.6572831606167             207.83044005228103            683                           5304                          1.5840036078870823            
28077                         2                             661.6572831606167             221.99761632584082            736                           5305                          0.4546486766441579            
28824                         2                             480.05335063824435            109.97749943178461            364                           3723                          1.8189183282331496            
29539                         2                             259.6082265281883             92.14400012984066             298                           2061                          1.9465353408053927            
30377                         2                             495.7635889818241             112.18631530822736            370                           3958                          0.9592490930982427            
30844                         2                             226.19970207578677            66.47910117695181             220                           1781                          0.7991321839697246            
31277                         2                             313.65497392039805            89.27658141293415             299                           2403                          0.9862796087624707            
31424                         2                             661.6572831606165             201.41616461062753            675                           5283                          0.5824986056792716            
31460                         2                             622.1197772824921             157.85406843290207            526                           4883                          0.788476621995269             
31498                         2                             481.17357984484374            156.2607009763397             521                           3793                          1.7784067367108585            
31900                         2                             661.6572831606164             206.84635897094353            686                           5317                          1.3918317977658141            
32090                         2                             661.6572831606164             197.11313219942173            651                           5363                          1.3679137471969067            
32952                         2                             75.25                         18.251858572010057            60                            559                           1.823841184851172             
34190                         2                             661.6572831606165             228.15116329464777            751                           5329                          1.7271355217566586            
34930                         2                             237.39793318308614            57.69229072753729             193                           1843                          0.15745341683319752           
36365                         2                             661.6572831606163             192.36276867548185            638                           5304                          1.9913190592201835            
36428                         2                             573.4020795254733             159.18613330531795            528                           4545                          0.5092265890943882            
36837                         2                             661.6572831606163             164.53985377251115            545                           5188                          1.6846021620636917            
38600                         2                             397.4844359302506             98.46186210792438             322                           3115                          1.3973772484546159            
39478                         2                             661.6572831606165             207.1412083181547             682                           5110                          1.4439820660014475            
39536                         2                             661.6572831606167             155.33535144271306            520                           5371                          0.8565593399353919            
39650                         2                             445.9061910969076             101.78988964531229            335                           3560                          1.8077139157402116            
39865                         2                             661.6572831606165             199.64579910813944            661                           5350                          1.3702779334853348            
39895                         2                             661.657283160616              182.30904995074593            609                           5256                          0.8864304992632926            
39974                         2                             304.45145426148207            67.76368066752644             225                           2303                          1.7522490754718327            
40728                         2                             32.205663670208224            12.114942483107525            41                            255                           1.6042912330575367            
40811                         2                             661.6572831606168             193.9226665586517             636                           5240                          0.5946503072224278            
41438                         2                             203.53378203562605            47.32897127161878             159                           1610                          0.10758032316604886           
41647                         2                             43.268747390154395            8.429282511801787             29                            318                           1.6905221750009982            
41741                         2                             439.32444267100976            103.09316808725181            341                           3362                          0.41833097340977954           
42136                         2                             85.47142704110472             19.29365301410127             64                            559                           0.07597434046701462           
42467                         2                             500.67987286783784            150.30618490656542            488                           3972                          0.9002701078090646            
42976                         2                             661.6572831606165             186.82555979636717            615                           5252                          0.1695401673684565            
44254                         2                             661.6572831606165             196.94229523751594            661                           5192                          1.3069091791129435            
44564                         2                             661.6572831606164             195.44774779498388            650                           5155                          1.6384993481955825            
44592                         2                             274.03269717528167            76.96258478130628             253                           2195                          1.7379766431392887            
45149                         2                             661.6572831606169             177.23952573575264            584                           5355                          1.7236617652607196            
45376                         2                             121.29099656312854            26.256562864156855            87                            844                           0.6735220269790518            
45584                         2                             661.6572831606167             209.31695871420177            692                           5274                          1.548751237311021             
46282                         2                             661.6572831606165             250.1897287034062             827                           5272                          0.2304877453778025            
46470                         2                             661.6572831606165             227.25863544479108            748                           5300                          1.8289964075991954            
47653                         2                             31.818485524216467            8.297579947778786             27                            252                           2.200523913816014             
47824                         2                             661.6572831606165             206.12493109338072            695                           5237                          1.9967352838027654            
48208                         2                             563.0789109169621             147.04205431240638            489                           4412                          0.07255514361501654           
48329                         2                             661.6572831606168             236.61485978484762            787                           5426                          1.8277497254156163            
48417                         2                             661.6572831606164             179.580125575002              588                           4899                          1.2954753543270803            
48472                         2                             462.36999926132796            127.94808139463093            424                           3623                          2.0823870979356442            
48531                         2                             335.04572143384246            108.93615357731152            360                           2763                          1.565275913347229             
48879                         2                             31.818904338584645            9.33066048757587              31                            232                           1.1216546927034585            
49465                         2                             426.4460653204082             169.19100178016188            560                           3500                          0.9579396715417008            
49650                         2                             302.0433264516044             92.56183216381797             309                           2373                          0.0821951030077776            
50516                         2                             620.718157649353              194.50379036360232            636                           4947                          1.4822954003857363            
51172                         2                             661.6572831606164             198.94590155180614            665                           5386                          0.8172609342786934            
51337                         2                             661.6572831606168             186.2969228101754             616                           5357                          1.693995633994012             
51440                         2                             661.6572831606164             212.42741695541253            707                           5335                          1.7557129049722586            
51987                         2                             661.6572831606167             172.45425951408524            573                           5221                          1.63294867716216              
52448                         2                             661.6572831606163             201.64674074881935            668                           5336                          1.8739479109452               
52522                         2                             661.6572831606165             257.1741297078035             850                           5332                          1.5140223945010076            
52671                         2                             637.6057531724226             194.00752192489065            646                           5199                          1.7689685200756207            
53107                         2                             661.6572831606167             227.26660570135365            765                           5169                          2.2527163030120363            
53771                         2                             661.6572831606168             205.9032331173872             688                           5303                          1.7046770508991582            
54904                         2                             661.6572831606165             209.5512976036012             704                           5256                          2.011734751891642             
54999                         2                             661.6572831606168             216.49277304713812            713                           5251                          1.8165727349203165            
55447                         2                             267.03443929080515            64.02707193965644             213                           2066                          1.8530344859701102            
55496                         2                             34.21890662874377             12.388963459244962            39                            241                           1.8865092714121494            
55751                         2                             661.6572831606165             210.3772108338057             695                           5191                          0.5617317431926958            
56417                         2                             661.6572831606168             268.45660087695813            887                           5285                          0.10637836661780499           
56852                         2                             475.23498600684485            127.52800366661378            428                           3804                          1.847768014377749             
56875                         2                             661.6572831606167             179.29290484147887            599                           5239                          2.3586907947549847            
57081                         2                             661.6572831606165             172.53120349323365            574                           5359                          1.1300579460217066            
58107                         2                             32.84724987880321             8.474475492383867             28                            245                           1.5829480258899247            
58207                         2                             661.6572831606167             214.40283799795213            708                           5304                          1.5134351873261793            
58608                         2                             661.6572831606163             196.54476397575434            656                           5326                          0.07408074026508733           
59461                         2                             175.71671551145442            47.32082680367599             158                           1411                          1.8772260359475634            
60178                         2                             661.6572831606163             220.10158637616885            728                           5281                          1.7298155174388168            
60198                         2                             661.6572831606165             156.84075978858112            518                           5242                          0.4170762506694146            
60623                         2                             661.6572831606168             191.57527408189887            626                           5245                          1.933742533002154             
60833                         2                             384.6628989540045             118.27187537728304            390                           3034                          1.3718581010876156            
60958                         2                             661.6572831606165             210.5298780082863             697                           5109                          1.6685537182371144            
61633                         2                             661.6572831606164             198.21466198624248            650                           5225                          1.034767483725984             
61916                         2                             133.6017454081534             38.72497765494689             130                           1096                          1.847707756120636             
62568                         2                             36.392129117840035            9.342111851153218             32                            285                           1.7300676867731866            
63424                         2                             661.6572831606163             169.6624485582091             551                           5134                          0.3418437731249152            
64290                         2                             487.83409674737305            132.13840797026296            439                           3871                          0.08341243816007134           
64352                         2                             661.6572831606164             208.20973060757805            683                           5334                          1.4688090134567946            
64779                         2                             661.6572831606165             190.42322725131748            630                           5306                          1.1585101718165745            
65037                         2                             661.6572831606165             196.38696924179112            643                           5304                          1.8175067936217861            
65192                         2                             661.6572831606168             224.09592876208706            744                           5254                          1.6698082785022224            
66099                         2                             422.55049784999284            113.40129447484289            377                           3312                          1.720398992094624             
66728                         2                             661.6572831606167             236.73356230653897            786                           5108                          1.9711344854957575            
67397                         2                             661.6572831606165             239.52432780115055            799                           5267                          1.0008762549645722            
68897                         2                             578.2702563702226             164.77382858179902            540                           4700                          2.087404617216339             
69454                         2                             56.92878960715643             21.503468126252905            73                            428                           2.116966941661085             
69458                         2                             435.39430743210426            104.60780709208544            345                           3535                          1.4391158908518127            
69520                         2                             19.220978707888662            5.832198101994776             19                            137                           0.19128835477322575           
69769                         2                             661.6572831606165             182.70388155528528            606                           5174                          0.9129684512828058            
70224                         2                             661.6572831606165             213.95511353218853            712                           5273                          0.05032037159049422           
70311                         2                             75.24999999999999             18.891063515493183            61                            591                           1.5999756187342766            
71418                         2                             661.6572831606169             178.91974154352644            592                           5185                          1.8823149043611336            
71691                         2                             30.868172612255044            8.717867925750555             29                            216                           0.16296642291273208           
72652                         2                             661.6572831606169             236.92547077729913            787                           5169                          1.5671045001114239            
72702                         2                             661.6572831606165             182.1700919808735             617                           5248                          0.07615953366857092           
72706                         2                             33.74053840775481             9.693304147948812             33                            257                           2.0884585326105327            
72917                         2                             661.6572831606167             199.77486628357627            669                           5320                          1.613540517770359             
74132                         2                             520.8485861811126             167.14767529027654            544                           4082                          0.08686992350512618           
74208                         2                             521.2304550968065             139.98371807001257            472                           4100                          1.7634018055154257            
75155                         2                             32.20544782098536             7.079879876629587             23                            206                           1.4552975744913341            
75725                         2                             180.2463986177097             46.24570233462101             160                           1293                          1.2405607073353506            
75944                         2                             661.6572831606165             192.77043657349734            640                           5354                          0.06254772277667109           
75997                         2                             661.6572831606165             208.25499091675093            698                           5302                          0.4160579298217606            
76044                         2                             632.8978068084482             248.13457230003877            834                           4966                          1.6952412539844948            
76045                         2                             417.35196123603623            134.99493442639556            445                           3330                          1.8372954618628912            
76546                         2                             661.6572831606162             220.17445569563287            726                           5191                          2.1966295955158666            
76703                         2                             661.6572831606165             220.75186188055636            732                           5338                          1.1821600780298787            
77527                         2                             661.6572831606168             192.46874870026568            640                           5296                          1.9274826406426913            
78310                         2                             661.6572831606164             166.99233818848373            552                           5335                          1.9408255790948168            
79291                         2                             547.1434221350822             149.13892344193613            491                           4398                          1.6890610233338212            
79296                         2                             661.6572831606168             181.36012527145675            603                           5144                          1.4586478522626323            
79586                         2                             661.6572831606167             161.99162945628478            540                           5372                          1.3041385954629678            
80182                         2                             400.0798061542355             135.241545570707              442                           3207                          1.5922091190967602            
80183                         2                             661.6572831606164             218.78815855054927            730                           5387                          1.4208583827900763            
80293                         2                             661.6572831606165             151.04752986854584            504                           5096                          1.1772119336559017            
80431                         2                             661.6572831606165             205.80876293533413            682                           5394                          1.9301597131701413            
80479                         2                             562.3556176332872             160.99108923152122            527                           4495                          1.3299424864930367            
80846                         2                             661.657283160616              196.99078939055255            651                           5470                          1.8015724300795173            
81475                         2                             661.6572831606167             204.4787907718248             668                           5369                          1.403157466651697             
81744                         2                             650.8182831606168             148.0275498290187             495                           5218                          1.7290407909626357            
82287                         2                             661.6572831606168             174.76603104341024            586                           5393                          1.7772225906375647            
82799                         2                             661.6572831606168             195.73928714634033            654                           5203                          1.3047319404168294            
83017                         2                             31.65859692929083             5.487582296319179             17                            218                           1.545512899245851             
83063                         2                             549.7864363359575             154.61169067204762            513                           4583                          1.7300107807272243            
84586                         2                             661.6572831606165             179.08116435211784            600                           5366                          0.045594044537364126          
85202                         2                             661.6572831606168             204.33494065976228            680                           5249                          1.3538888281981518            
85256                         2                             661.6572831606167             181.4150648635289             603                           5351                          1.5752598537568099            
86533                         2                             82.95236631817691             21.630969406731943            75                            665                           1.797010352479706             
87432                         2                             661.6572831606165             180.42384090177126            602                           5269                          1.5911564786316386            
88077                         2                             464.2486489129874             120.48194344148862            400                           3575                          0.19348037386005962           
88308                         2                             661.6572831606167             248.35054881352582            825                           5204                          1.5866660426098531            
90338                         2                             661.6572831606165             219.2468562204665             727                           5339                          1.0587346689520205            
90415                         2                             105.74112433036218            29.165421908734576            94                            824                           2.1840242195631214            
90837                         2                             34.150053483610336            4.6481638112834265            16                            248                           1.919720041254764             
91301                         2                             638.2669954378443             208.50238431262295            692                           5049                          0.2516041669085633            
91911                         2                             661.6572831606163             173.5969689187116             578                           5219                          0.04220588937631592           
91914                         2                             527.6202066627357             115.87586699061075            387                           4160                          1.8360164118651452            
92141                         2                             543.9457689143117             153.0526595097417             514                           4248                          1.5252164073326953            
92257                         2                             107.31539561014256            20.8279178641684              70                            767                           1.023744859882017             
93753                         2                             598.3395708709361             208.71967125343838            692                           4835                          1.3542142255145746            
93799                         2                             661.6572831606164             179.85281117568096            601                           5243                          0.1839944613034252            
93815                         2                             661.6572831606165             225.18868229876335            751                           5396                          1.83318104331361              
93840                         2                             661.6572831606168             188.4278024963733             633                           5291                          1.583906271473075             
94064                         2                             435.03405284640274            109.99809842641913            371                           3395                          1.9852007627971127            
94554                         2                             661.6572831606165             209.00507542536005            702                           5334                          1.6687795005909425            
95006                         2                             661.6572831606165             185.14676191376392            620                           5238                          0.9741916014485089            
95289                         2                             661.6572831606167             195.07158001156023            645                           5353                          1.8453030875769587            
95340                         2                             356.543383065423              84.49685482365861             276                           2836                          1.6336934120477484            
95718                         2                             533.3777654480235             157.7638306457978             522                           4232                          1.7113476194734112            
96210                         2                             661.6572831606164             222.69270233807228            743                           5485                          0.7318965724351634            
97012                         2                             652.5655092621323             177.22347416291686            596                           4965                          1.384415732619201             
97027                         2                             661.6572831606165             190.3108112387587             634                           5262                          1.9594155338728285            
97249                         2                             661.6572831606165             188.4627269623971             618                           5186                          1.5713431915063572            
97637                         2                             499.73978176359077            129.1239525646675             419                           3897                          1.6732330182396153            
99053                         2                             661.6572831606167             153.68786813051403            514                           5312                          1.643695584566613             
344                           3                             504.13288696995613            113.24911648009764            370                           3937                          1.1169568384680262            
384                           3                             661.6572831606161             179.01653264401662            586                           5391                          1.3527080556638262            
531                           3                             581.2432253880421             131.88735897285002            440                           4613                          0.984290215745556             
612                           3                             661.6572831606164             152.56787935090486            501                           5224                          1.5589861295899734            
801                           3                             661.6572831606165             160.61399852065878            538                           5277                          1.1620341238022407            
2877                          3                             661.6572831606165             164.95625283117806            556                           5338                          1.3324765094359645            
2911                          3                             661.6572831606165             149.11681639015558            486                           5336                          1.4201138413495757            
3273                          3                             661.6572831606165             163.5672191467333             540                           5364                          1.459398801844761             
3338                          3                             42.46672914904531             8.691856796188125             30                            304                           1.293261505453716             
3432                          3                             661.6572831606168             152.10498050683603            511                           5267                          1.4262250162090013            
4016                          3                             661.6572831606164             148.85587531375364            490                           5118                          0.07865661559647302           
4225                          3                             661.6572831606168             158.46024576175188            522                           5227                          1.3387646119069454            
4270                          3                             605.6619397354774             135.54421000236255            449                           4890                          1.2978274699806067            
4568                          3                             661.6572831606162             164.03333304792437            540                           5332                          1.3852616361740973            
4771                          3                             661.6572831606168             163.82380159075444            536                           5259                          1.1882434579007213            
5067                          3                             523.3593245548446             120.63946045512193            405                           4225                          1.4277890235918635            
5104                          3                             184.48112239106914            41.67106321586652             133                           1387                          1.4236107790624426            
5675                          3                             661.6572831606163             154.90125287662633            509                           5331                          1.0666206283196646            
6891                          3                             661.6572831606163             149.12735112540898            496                           5259                          0.3601402315923979            
7283                          3                             589.10733227148               143.19396812227586            467                           4770                          1.3493630840924218            
7896                          3                             661.6572831606165             174.198031620933              573                           5270                          1.3084620868839991            
10203                         3                             661.6572831606163             148.54546966376657            502                           5120                          1.242080898793378             
10691                         3                             661.6572831606162             154.07174291221452            510                           5357                          1.5198224265087372            
11211                         3                             183.65278937185445            50.566932509317056            173                           1418                          1.3151316639002406            
11678                         3                             661.6572831606163             147.46187361482654            489                           5402                          1.3481254604379829            
12336                         3                             336.0866743093534             74.48384937485177             248                           2561                          0.4522602940017937            
12827                         3                             661.6572831606163             153.98853294309282            507                           5241                          1.2907361819630585            
12955                         3                             661.6572831606164             145.52980593449507            483                           5032                          0.6528877506270319            
13312                         3                             131.76768870459372            30.573329864640414            104                           974                           1.3437866513177               
15079                         3                             661.6572831606165             164.031952805275              546                           5182                          1.2779445321453227            
15120                         3                             624.4965085474732             154.2106892868018             515                           4980                          0.273689780937481             
15285                         3                             661.6572831606167             158.05365754151438            530                           5395                          1.44264707057645              
15425                         3                             416.9103612842987             84.78313098022143             277                           3211                          1.3544363811986098            
15673                         3                             661.6572831606167             161.00722083309552            530                           5294                          1.394219284382372             
15732                         3                             36.391728880544704            8.470263836389567             28                            260                           0.7366479601318883            
16456                         3                             4.732751102550558             0.8373686612326872            3                             36                            1.4081896781866468            
16930                         3                             32.20583837862793             7.515651028839808             25                            263                           0.07497249436099784           
18802                         3                             661.6572831606165             156.67516938178008            526                           5189                          0.008245936253075754          
19313                         3                             489.15993495086315            118.6301640107549             394                           3810                          0.06575516564532444           
19561                         3                             570.2483216405135             131.51676983219784            440                           4434                          1.380143710874869             
20357                         3                             542.7193940815947             135.84165447192868            448                           4284                          1.0420007733316865            
20394                         3                             661.6572831606164             143.0837282434234             472                           5356                          1.1607218531143844            
20582                         3                             307.59525862776604            68.45283235708212             228                           2332                          1.1886488227578802            
21063                         3                             661.6572831606163             153.38175422077114            509                           5390                          1.250094915925338             
21468                         3                             661.6572831606167             150.50030223223365            500                           5340                          0.5995347200962942            
22179                         3                             3.8201400086423916            1.3172574695708166            4                             26                            1.348646005635548             
23090                         3                             11.905155208874582            2.165837818140386             7                             93                            1.3230046093458587            
23221                         3                             661.6572831606167             151.44735762806937            501                           5236                          0.01079529577336708           
23275                         3                             661.6572831606168             160.79464764543332            532                           5162                          0.018944402931308245          
23279                         3                             345.78234114915597            90.61192001751662             298                           2768                          1.3261416195968523            
23902                         3                             661.6572831606162             149.37618353923412            494                           5097                          1.4061031608610561            
24304                         3                             661.6572831606164             165.8193671055059             544                           5397                          0.789064219409925             
24430                         3                             75.06400000000001             14.940968265345756            48                            574                           1.306163341451295             
25404                         3                             661.6572831606169             157.0274872280704             512                           5202                          1.4489113063441936            
26121                         3                             661.6572831606162             152.56010565812764            509                           5264                          0.12969053753103665           
26241                         3                             661.6572831606167             160.97920879303882            531                           5176                          1.363315175488871             
27157                         3                             661.6572831606163             155.65062935487052            522                           5235                          1.3466865642598589            
27240                         3                             29.81191160046891             9.11136966672931              29                            248                           1.4081804681792565            
27548                         3                             661.6572831606167             157.12043753627194            516                           5264                          1.3710551560557511            
28125                         3                             616.4894434810546             140.31547182402386            462                           4756                          0.07896659163732324           
28476                         3                             382.76221543603515            101.58107950608326            339                           3146                          1.367365816632538             
28672                         3                             661.6572831606162             165.04936577300742            552                           5484                          1.2278166672025335            
28695                         3                             92.9533669810189              20.0754978212253              66                            726                           0.8963263886922047            
29511                         3                             622.1064682028111             140.51169228956115            463                           4777                          1.4574596513921505            
29685                         3                             661.6572831606168             154.3699262850682             505                           5202                          0.1741813005403635            
30145                         3                             661.6572831606168             145.475887485561              494                           5217                          1.229184583072839             
30555                         3                             568.2470723047588             124.11835902391518            416                           4483                          1.345683208786597             
30676                         3                             99.27756506921376             27.364832383099717            92                            753                           1.2901746523200415            
31033                         3                             269.3020492467996             64.13075079186046             215                           2100                          1.0943366671661152            
31489                         3                             165.31657802562842            40.55362315029449             133                           1288                          0.2407321196145696            
31671                         3                             376.8383859430699             98.22580543519221             319                           3031                          0.5630593221613236            
31763                         3                             495.234694007563              113.91715911624755            381                           3809                          0.356605270293196             
31787                         3                             661.6572831606165             151.58980357837845            505                           5370                          0.8507911741190893            
32120                         3                             530.212568812966              126.27363394601022            416                           4384                          1.0030365381372341            
32657                         3                             73.03900000000002             17.095562610562997            58                            578                           1.3297431450822161            
33349                         3                             502.0751343008129             123.27313437187944            398                           4075                          1.1023462025962907            
33701                         3                             661.6572831606163             161.93542026767284            540                           5402                          0.15233869717969542           
33807                         3                             652.4960578101216             153.3666970247526             509                           5256                          1.0650033975037452            
33883                         3                             661.6572831606164             165.38366417400803            543                           5373                          1.4213445949053267            
33884                         3                             661.6572831606163             157.24986984827493            512                           5269                          1.3416930635346742            
34426                         3                             661.6572831606165             149.42537419729246            497                           5123                          1.4395947332895838            
34831                         3                             20.18738597280316             3.707173159670264             12                            147                           1.365023892079111             
34981                         3                             636.0578940832471             151.92637473583412            516                           5087                          1.311458916930184             
35328                         3                             661.6572831606168             165.9775975522973             556                           5210                          0.03285642758365709           
35393                         3                             661.6572831606163             149.95345947232346            501                           5341                          1.3538798388386313            
35942                         3                             39.388807717700026            11.811032579144984            39                            286                           1.463852674644126             
36098                         3                             661.6572831606168             150.6443085189848             501                           5148                          1.3213688005864308            
36524                         3                             395.28140493695633            87.78458080833927             289                           3137                          0.10295616534910505           
36607                         3                             584.2502831606164             129.1709826493903             431                           4630                          1.3206746606251831            
37132                         3                             661.6572831606167             160.3364742491348             536                           5371                          0.7652365933466498            
38081                         3                             212.3299366149634             51.86507943956318             169                           1827                          1.1339528752211825            
38786                         3                             661.6572831606164             165.05630396592124            540                           5218                          1.4147038443764572            
40401                         3                             661.6572831606165             150.9802115817842             497                           5298                          0.4513660852067994            
40513                         3                             39.17172307524763             8.930198506865676             30                            312                           1.438649872139257             
40914                         3                             36.39228714145792             9.371854969109847             31                            255                           1.320670214971448             
41428                         3                             661.6572831606165             147.42777666840766            491                           5204                          0.07782023072535481           
41905                         3                             91.51415861117314             22.795441614188704            75                            705                           0.08173380368794371           
42071                         3                             661.6572831606168             146.0570869051777             487                           5241                          1.2953572944818306            
42761                         3                             657.4123873553092             154.88372488861435            511                           5170                          0.19870110742497188           
43489                         3                             661.6572831606168             163.85714053477562            543                           5316                          1.282553435665373             
44105                         3                             75.25                         18.030671454876053            61                            583                           1.353681848981395             
44435                         3                             238.0834854668828             58.240527752138284            191                           1756                          1.4378684101342798            
44517                         3                             249.90123022337443            61.36925918806224             202                           2044                          0.15985485398167731           
44604                         3                             661.6572831606169             156.1987711352392             523                           5256                          0.507091722016849             
44819                         3                             106.08575663785135            27.147855807522333            93                            844                           0.5336155348365655            
45191                         3                             143.29202424120405            29.94583007464068             97                            1082                          1.3777925209881392            
46342                         3                             661.6572831606163             152.0603658766632             498                           5095                          0.24163225041395747           
47310                         3                             661.6572831606165             153.76874715776682            503                           5064                          0.25789948395659745           
47530                         3                             492.08168890681293            115.85845084544619            387                           3994                          1.3242364894366354            
48704                         3                             661.6572831606163             164.82217531510793            546                           5354                          1.3313333360631951            
48917                         3                             661.6572831606162             147.60467984819513            489                           5354                          1.0181123134015377            
50147                         3                             661.6572831606167             158.77558205086578            533                           5282                          1.449449202618963             
50634                         3                             474.45930575802026            113.05915875406549            377                           3788                          1.2943999217509021            
51584                         3                             161.23123417610861            35.340635595846486            113                           1234                          1.406605674655228             
52415                         3                             63.08412569115306             10.02469332050161             34                            443                           0.9916540676110459            
53419                         3                             661.6572831606167             162.24898312932467            536                           5223                          0.3050475088916437            
53580                         3                             110.23767132890279            21.242547174654757            72                            847                           0.08947844642796067           
54709                         3                             556.23369662319               132.74548127166221            441                           4444                          1.419866144658419             
54754                         3                             356.1453674552995             82.53572435020908             272                           2719                          0.19016726004275034           
54918                         3                             661.6572831606165             149.59039655837734            501                           5168                          1.1657602521550292            
55050                         3                             661.6572831606164             165.69780405249935            547                           5317                          0.7181220409828992            
55646                         3                             661.6572831606164             154.49538326647922            517                           5458                          1.3219294724902388            
55893                         3                             661.6572831606167             131.98895284903895            445                           5036                          1.447814614771348             
55911                         3                             210.02159800907728            52.78755541834376             172                           1669                          1.3644683513051161            
56302                         3                             56.75613130475721             15.100988138375456            49                            407                           1.168505089497146             
56576                         3                             661.6572831606163             158.13501624650456            515                           5185                          0.4550905022138172            
56755                         3                             661.6572831606165             155.91449975009414            514                           5385                          0.1294372524474164            
57424                         3                             19.135625795657823            4.819575351001961             15                            135                           1.3687008396559048            
57442                         3                             526.3165470612136             116.00955921790298            399                           4279                          1.359931629025092             
57531                         3                             661.6572831606167             159.47052028944125            537                           5277                          0.04039593550860861           
58044                         3                             661.6572831606168             145.06743317354372            484                           5161                          1.0368326802764432            
60812                         3                             661.6572831606167             153.40363270328476            510                           5422                          1.4091919947713305            
61167                         3                             661.6572831606161             157.64300036639534            521                           5207                          1.2774845195044482            
61542                         3                             103.8086160449561             22.21794655071177             71                            747                           1.343021295917024             
61563                         3                             661.6572831606167             148.09760115901364            488                           5401                          1.3812075916217321            
61566                         3                             661.6572831606165             153.88961235895275            509                           5204                          0.19142338789152522           
61769                         3                             279.093635494046              73.76293204450175             242                           2274                          1.2942305637955929            
61920                         3                             491.26455356559575            113.77895916785799            376                           3890                          1.349744956581985             
62034                         3                             661.6572831606168             154.63967344032176            511                           5159                          0.64408078712618              
62894                         3                             661.6572831606165             153.81177877049592            513                           5145                          0.993815822597143             
62927                         3                             338.66292702547895            88.49077955135449             287                           2593                          1.3481041032779053            
63111                         3                             661.6572831606167             154.02445338639853            507                           5227                          1.3539532892717143            
63374                         3                             415.3778639182797             105.91728308323073            345                           3305                          0.7670028356912062            
64560                         3                             311.96957663826106            72.10947240643128             245                           2453                          1.3451632572239132            
65379                         3                             661.6572831606164             154.9599712102715             522                           5222                          0.9162448319311337            
65589                         3                             661.6572831606165             150.95468221547142            494                           5218                          0.6430414783364116            
65955                         3                             661.6572831606164             157.574178661905              514                           5232                          1.3697884115070647            
66412                         3                             661.6572831606163             154.48651303352594            511                           5201                          1.309302397614024             
66957                         3                             266.1325106806879             58.89789795143727             197                           2100                          1.3689869211570138            
67360                         3                             661.6572831606165             141.43017139092598            472                           5211                          1.3548757165673417            
67370                         3                             320.25908106564964            75.6391160585733              251                           2540                          0.5201917590529674            
67559                         3                             661.6572831606167             150.54715160846612            498                           5225                          1.2401491610168889            
67907                         3                             289.3753325320565             66.55397706598472             222                           2339                          0.6626604851282563            
68347                         3                             661.6572831606165             159.89376127930288            528                           5314                          1.3201401604103202            
68419                         3                             537.9260374277998             130.31606019840402            429                           4235                          0.5855513457463293            
68521                         3                             661.6572831606164             161.17028426858232            525                           5363                          1.3987931392939865            
68707                         3                             458.5161896448715             105.58363925414966            347                           3664                          1.1387563482439231            
68894                         3                             624.7384740577895             131.24936478553008            430                           4937                          1.396320149328183             
69240                         3                             278.929394390373              63.60362355932441             208                           2165                          0.9190822603605053            
69732                         3                             661.6572831606163             166.7634340259715             550                           5248                          1.1394437167863667            
70318                         3                             290.34760181074677            70.88078747115436             234                           2389                          0.550253089778421             
70893                         3                             244.26639099512693            54.31428365060603             179                           1830                          1.4530282241168817            
70992                         3                             661.6572831606164             161.08062980866256            531                           5224                          0.6211097465113281            
71292                         3                             661.6572831606165             151.11306219213427            499                           4958                          0.47581956292821326           
72412                         3                             352.2823992362885             72.87796384735572             247                           2757                          1.4116601868424217            
72835                         3                             295.35660347141675            75.91958432466319             249                           2404                          1.3176229900121905            
73279                         3                             661.6572831606167             153.08810736027678            508                           5148                          0.6474127749646068            
73644                         3                             410.33010345591424            101.54222912498795            334                           3266                          0.6614049977610312            
73717                         3                             661.6572831606168             157.66302704361377            525                           5188                          1.3465093624030253            
74107                         3                             661.6572831606165             161.38659271218657            530                           5361                          0.8851318104571457            
74512                         3                             661.6572831606168             147.85825534136092            503                           5107                          1.3827868770705238            
74683                         3                             661.6572831606167             157.16729766879124            521                           5112                          1.4055775146198188            
75262                         3                             10.667121123585256            2.707005804200153             9                             81                            1.3174558838831298            
75577                         3                             57.500719014038               14.020743633913579            48                            461                           1.3740809574465298            
75655                         3                             661.6572831606165             160.50371842264244            530                           5169                          0.023800610866986722          
76151                         3                             661.6572831606163             160.07045055889085            533                           5293                          0.12494139558005922           
76475                         3                             661.6572831606171             155.09674595844447            520                           5222                          1.399004603467636             
78077                         3                             83.18621905849155             19.308021218626926            67                            614                           1.412766055955259             
78604                         3                             661.6572831606164             142.97368440183112            471                           5217                          1.367899264174406             
80016                         3                             31.81872485901214             8.75942907396576              29                            211                           0.1741347072687421            
81358                         3                             661.6572831606164             162.5513679462106             535                           5264                          1.2487116134355314            
81484                         3                             550.1683947614551             126.29479292368045            429                           4306                          0.07618882754395938           
82163                         3                             661.6572831606164             160.93596455898185            527                           5245                          1.4178378869467037            
82476                         3                             41.5031531784919              5.658752432952789             19                            299                           1.1282013187935576            
83607                         3                             661.6572831606167             139.48823205259086            458                           5156                          1.3972592376956534            
83994                         3                             661.6572831606163             163.09463729341604            538                           5298                          0.04953486979014886           
84458                         3                             661.6572831606167             155.0532127753898             515                           5260                          1.2181942302252815            
84466                         3                             661.6572831606167             162.26833076821805            532                           5276                          1.4227390081432132            
84475                         3                             368.8315096125348             94.99001889593127             317                           2890                          1.3591707301983162            
85102                         3                             661.6572831606165             162.47361952679256            544                           5246                          1.4147881587445101            
85405                         3                             661.6572831606168             152.86049228658604            506                           5405                          0.8338519449673125            
85793                         3                             661.6572831606164             156.22215603961388            509                           5379                          1.429987659307455             
85964                         3                             548.0420194728689             132.5714141896547             428                           4390                          1.3395725947778674            
86406                         3                             661.6572831606165             163.08564979720887            545                           5397                          1.3505370079257186            
87028                         3                             661.6572831606163             170.38296844091826            573                           5416                          1.1427184761069042            
88281                         3                             661.6572831606163             173.43607060814566            574                           5380                          1.4390029038071899            
88783                         3                             125.62686705467004            25.342170999146823            86                            843                           1.5038854123099106            
89227                         3                             661.6572831606163             162.303036751625              534                           5315                          1.520276596893853             
89511                         3                             661.6572831606168             144.56320971065438            495                           5157                          0.22593505100753167           
89721                         3                             661.6572831606163             167.64471640708777            556                           5080                          1.418161150640382             
89831                         3                             2.730029011983381             0.8771884845989679            3                             18                            1.2924541195664012            
90104                         3                             661.6572831606165             157.5183906605727             525                           5321                          1.4708616748221013            
90388                         3                             661.6572831606164             157.9686766490366             524                           5388                          0.007857200446708233          
91219                         3                             32.205616856688664            6.819522835358994             23                            230                           1.3850520455815523            
91469                         3                             584.2502831606166             146.8543953870381             484                           4656                          1.3837243166076012            
92272                         3                             661.6572831606167             158.21844971659863            526                           5401                          0.06074678029589689           
92539                         3                             661.6572831606165             158.87946342074034            519                           5124                          1.281260996500935             
92892                         3                             31.81868237875304             7.042962595729133             23                            200                           1.3871721536675274            
95164                         3                             401.225513830042              98.18384993098202             326                           3128                          1.378122929742514             
95251                         3                             661.6572831606165             156.97997043540843            527                           5269                          0.06056487684567967           
96331                         3                             86.54097671905969             21.438177242493477            75                            660                           0.8608995956050671            
96710                         3                             661.6572831606165             159.33194509603706            524                           5195                          1.3859308393703973            
96898                         3                             661.6572831606165             159.73220638269305            537                           5255                          0.19380119388622297           
97252                         3                             661.6572831606165             166.98690804408284            545                           5419                          1.3863793805574725            
98198                         3                             661.6572831606165             161.53279898981305            533                           5281                          1.4120259572417018            
98227                         3                             654.7190439981229             155.95310255895885            519                           5258                          1.4522887258316932            
98319                         3                             64.85833477893323             13.593255139813252            45                            453                           1.4111929586152798            
99055                         3                             661.6572831606169             168.02972952214404            557                           5364                          1.3691257922649585            
99111                         3                             661.6572831606163             154.0235745320385             513                           5308                          0.1183711631449112            
99631                         3                             661.6572831606168             159.63259963373758            532                           5364                          1.4736239195694498            
5                             4                             661.6572831606164             158.58844405344072            532                           5396                          1.3554215865579367            
155                           4                             661.6572831606164             176.1250217724858             581                           5270                          1.4026875393577645            
447                           4                             555.6977606303834             144.62992697400216            478                           4350                          1.4000924725750905            
2243                          4                             661.6572831606165             158.45010699341842            529                           5044                          1.539939126784998             
2626                          4                             661.6572831606167             167.59634156430772            558                           5222                          1.2693763121401727            
2793                          4                             119.42442911684603            28.711844254520052            96                            889                           1.3967000743978693            
2806                          4                             661.6572831606164             160.314200597998              533                           5340                          1.471112645023193             
3149                          4                             661.6572831606168             169.82613298593307            559                           5098                          0.25220311615159074           
3449                          4                             661.6572831606165             142.57717359869343            476                           5321                          1.4060804582335598            
4177                          4                             661.6572831606164             162.96250806539155            547                           5360                          1.4837105934108292            
4327                          4                             573.9921831606166             126.98115717309337            419                           4455                          1.2585851325071675            
4444                          4                             36.391955371869535            8.8011180195617               28                            276                           1.436123559508676             
4718                          4                             661.6572831606167             165.58488469817019            545                           5234                          1.1048266431343943            
4848                          4                             145.96109405733827            29.635619942082183            98                            1082                          0.0750681560016242            
4888                          4                             661.6572831606165             158.2250568973287             536                           5248                          1.4424103951298992            
6057                          4                             590.1038585221263             153.82618230297223            513                           4831                          0.2591337405756239            
8257                          4                             661.6572831606165             151.77964958058757            495                           5175                          1.4014737253095477            
8791                          4                             661.6572831606161             178.99651691653824            592                           5387                          1.3571983886578758            
9140                          4                             32.20572442078448             6.669021265474708             22                            231                           1.3175972892052572            
9189                          4                             661.6572831606165             158.79007769258484            524                           5155                          1.5655615069097957            
9243                          4                             661.6572831606165             164.61158757551203            547                           5260                          0.05820885319577123           
9409                          4                             661.657283160616              163.79300066049143            543                           5439                          1.3892625574895017            
9857                          4                             214.63094738311884            53.273048093649784            175                           1624                          1.443094955523716             
10068                         4                             169.96226550969718            33.59233973904265             113                           1260                          1.4430671498462901            
10160                         4                             512.5973462599718             116.40631218012024            385                           3823                          0.46496426658497214           
10169                         4                             661.6572831606165             169.41291696957802            564                           5317                          0.2959717960492878            
10785                         4                             661.6572831606163             166.03021506367716            540                           5117                          1.0208680709771143            
10991                         4                             661.6572831606168             164.21006589877194            550                           5115                          1.4882271459163663            
11088                         4                             661.6572831606169             164.2877197147473             546                           5477                          1.4385387377469934            
12071                         4                             661.6572831606164             177.236941036306              577                           5405                          1.4518951700972056            
12276                         4                             656.8685363306367             165.50070081462044            550                           5121                          1.4420144520311395            
12806                         4                             578.2206044238843             140.48105835014107            460                           4325                          1.535065748669286             
12851                         4                             473.75767782775915            116.16018953742375            387                           3879                          1.453661260164978             
12920                         4                             159.48665751156514            42.87431579189019             144                           1216                          1.2280761173404013            
13218                         4                             661.6572831606165             179.82407945321108            587                           5323                          1.0225274695783648            
14611                         4                             13.397235993218956            3.2243877579115345            10                            101                           0.37615422081693206           
16029                         4                             159.14705328651996            36.478296700478474            123                           1251                          1.5629398243174881            
16533                         4                             61.570490834859356            16.216825779268436            53                            478                           0.02762204533825765           
16602                         4                             661.6572831606167             174.66592716550014            571                           5325                          0.3232015165642587            
16798                         4                             661.6572831606168             163.97475647040997            548                           5235                          0.1410603683653509            
17049                         4                             661.6572831606168             169.91486115661422            572                           5234                          1.5200053201139885            
17059                         4                             586.5932831606165             138.22296013529902            456                           4566                          1.4490791728516002            
17121                         4                             151.71154574423943            38.89567073338473             129                           1233                          1.5020769821386837            
17312                         4                             407.445079980554              93.01311943113714             309                           3138                          1.2099246953698046            
17939                         4                             58.13663908429211             14.253816592501327            48                            445                           0.3393990553200896            
18149                         4                             661.6572831606165             158.8354341670471             534                           5276                          0.8229565698106328            
18684                         4                             302.9008031119356             66.68423108894224             223                           2375                          0.12521338970307205           
18879                         4                             285.0675113901364             72.99497473171981             244                           2296                          1.4029768347153526            
18936                         4                             661.6572831606165             158.6993714392827             524                           5252                          0.5874232675196182            
19007                         4                             661.6572831606165             170.28237924657674            560                           5303                          0.6398026933310426            
19177                         4                             304.39435234580594            80.95994040510371             264                           2478                          1.3857464640705288            
19643                         4                             501.75472139474175            131.72669024384038            436                           4020                          1.4856588081679143            
19686                         4                             501.3404860651822             126.25485170037587            419                           4001                          0.703775268272412             
19858                         4                             216.62353177783916            53.125663025445384            177                           1653                          1.1543260071511714            
20837                         4                             661.6572831606167             166.11458160014956            552                           5249                          1.1114634856568748            
21866                         4                             661.6572831606163             152.00345744877436            508                           5199                          0.46595509707608285           
21991                         4                             661.6572831606167             165.3722101012808             553                           5235                          1.4606716477940302            
23034                         4                             363.34096541379125            92.68576715272252             305                           2930                          1.3409363450443421            
23869                         4                             141.61721637183967            32.37917978899946             105                           1088                          1.4586047928679027            
24075                         4                             661.6572831606165             163.80349402091244            538                           5323                          0.8073394399363334            
24358                         4                             500.48571721950134            117.37966305048064            384                           3740                          0.28109690523321557           
24519                         4                             661.6572831606164             152.41156544648274            507                           5224                          1.4342625862193115            
24916                         4                             661.6572831606163             157.46071800175096            532                           5239                          1.0217211557979595            
25059                         4                             661.6572831606164             162.47767227428665            537                           5295                          1.3359800743737873            
25137                         4                             541.480768650807              139.41824270581               460                           4351                          1.3952172749091512            
25214                         4                             661.6572831606164             164.30621218896658            545                           5147                          1.420515900814809             
25312                         4                             661.6572831606163             171.44447593870086            574                           5434                          1.2184553484831822            
25441                         4                             661.6572831606165             184.0392724917654             602                           5316                          1.440947434808633             
25557                         4                             661.6572831606165             157.15787243870642            519                           5483                          1.5114740659323072            
25992                         4                             661.6572831606164             166.60974435806878            550                           5256                          1.6010432588204546            
26252                         4                             661.6572831606161             154.16737965156838            504                           5152                          1.3729720909916128            
26261                         4                             151.40298711825537            44.13576004275335             139                           1206                          1.4560468114102187            
26723                         4                             661.6572831606167             167.34613165371363            553                           5342                          1.3404893056490845            
28133                         4                             661.6572831606165             155.49596965493274            518                           5093                          0.37353914191447457           
28195                         4                             632.4597158622178             150.48662514764152            493                           5132                          1.4672846273660576            
29218                         4                             661.6572831606165             163.6543322898522             544                           5396                          1.3650565207219747            
29493                         4                             398.80540844557186            110.99522812256471            364                           3157                          1.3139498454684384            
29981                         4                             661.6572831606163             181.33981566152812            596                           5358                          1.438043430346076             
30009                         4                             622.3732678838633             156.528968376788              515                           5012                          0.9708149324468625            
30547                         4                             231.1627611671717             55.72455077563421             186                           1857                          1.5844574768661281            
30678                         4                             147.9786971407498             38.30463242089877             129                           1142                          1.3615964234538938            
31265                         4                             571.2301010382813             143.57518145233365            475                           4596                          0.48993354366505676           
31333                         4                             661.6572831606164             165.77456544342408            551                           5429                          0.33704349650375165           
31722                         4                             661.6572831606165             165.8130092754313             553                           5157                          1.2556594482479198            
32050                         4                             140.68084308394896            31.427984511534557            103                           1060                          1.4539421721351862            
32395                         4                             135.82682593059664            37.01468105573126             119                           1161                          1.455450110183333             
32592                         4                             32.20536180870261             6.897251661177737             23                            251                           0.2730978596922841            
32946                         4                             601.4412984504713             144.18199624132777            481                           4821                          0.3201638506564544            
33336                         4                             661.6572831606164             156.48317970519602            515                           4940                          0.06058584333604144           
33930                         4                             57.99381630065862             16.195201306477554            54                            409                           1.2725758470831232            
34081                         4                             335.468102186363              82.6518405666332              278                           2563                          1.3686558750415172            
34176                         4                             515.2520204331965             122.08570908236774            407                           4028                          0.14201698362767112           
34824                         4                             661.6572831606165             158.33243425593813            525                           5169                          0.7312981654628897            
34964                         4                             661.6572831606165             155.22849805853693            512                           5134                          1.0746191173951498            
35419                         4                             499.4107183140925             110.94071664305902            372                           3981                          1.3856851446277283            
36322                         4                             661.6572831606164             181.92286421365               603                           5279                          1.359403716578602             
36504                         4                             398.02085300444475            104.43577071326625            346                           3007                          0.9779200403702984            
37047                         4                             300.9046367916673             86.59660908265693             284                           2369                          1.596551468149416             
37897                         4                             661.6572831606168             167.5638393349994             564                           5290                          0.9125908373783929            
38518                         4                             661.6572831606165             162.63744495223307            543                           5136                          0.7533350369879985            
38685                         4                             611.6163827357093             145.48501972468415            477                           4864                          1.4818383770018382            
38999                         4                             661.6572831606165             163.2854397295366             542                           5249                          1.4313723864072014            
39166                         4                             575.9185093782917             136.0186753208565             450                           4501                          1.267633746321006             
41129                         4                             661.6572831606167             166.92303048225554            566                           5384                          1.4317988249009665            
41314                         4                             616.5681626757817             165.31824801964268            545                           4803                          1.1888054404934567            
41347                         4                             661.6572831606164             165.09705715304688            554                           5231                          1.47865699113048              
41631                         4                             661.6572831606168             159.49212323652543            522                           5228                          1.437914582216461             
41672                         4                             661.6572831606163             166.2472798102696             560                           5186                          1.4575426075486904            
42668                         4                             661.6572831606165             168.82533452775937            559                           5232                          1.385289887417449             
43658                         4                             584.2004608532741             145.0660118128733             483                           4564                          1.474697894126053             
43778                         4                             661.6572831606167             151.63008696485846            512                           5287                          1.4773010458712754            
43815                         4                             212.82162733378527            47.36430290986699             161                           1682                          1.2742652323088917            
44069                         4                             661.6572831606165             179.78584115382733            585                           5264                          1.346182246244841             
44571                         4                             661.6572831606165             147.6522915268697             485                           5064                          0.4246116005508614            
44803                         4                             661.6572831606169             163.1493479170398             542                           5208                          1.560232645554901             
45803                         4                             661.6572831606167             161.4145704490483             533                           5250                          1.2882206669370957            
46266                         4                             228.9828540554473             58.95257685651536             192                           1840                          1.4367242144468013            
46568                         4                             661.6572831606165             168.13548145617415            565                           5261                          1.4155055162871952            
46784                         4                             620.7517347387915             170.84302598735067            565                           5097                          0.5120768694637752            
47053                         4                             464.7839743366021             121.27906217447166            394                           3718                          1.4861559394309996            
47429                         4                             661.6572831606168             157.88790108533496            529                           5385                          1.496231667741128             
47655                         4                             121.77291806259295            22.35098755140593             72                            923                           1.0507417171277258            
48286                         4                             661.6572831606168             172.6362388095787             572                           5388                          1.3935240866552632            
48739                         4                             527.0947444371984             126.8900186883221             420                           3988                          0.19130054159828838           
49714                         4                             661.6572831606165             156.5968080319586             528                           5197                          1.5135949375182594            
49810                         4                             640.6498242363217             149.12616908930363            487                           5054                          1.1125013177837437            
50602                         4                             661.6572831606168             162.0269483027439             542                           5419                          1.3856046712371841            
50682                         4                             524.0370258981654             120.8597563602566             400                           4118                          1.2944952310771698            
51313                         4                             661.6572831606165             162.69479008990356            543                           5114                          1.4254866528621422            
51869                         4                             449.63439223057946            117.20836626202068            387                           3565                          1.0590272362537765            
53135                         4                             661.6572831606165             158.63661218086912            518                           5306                          1.4318555178955534            
54357                         4                             661.6572831606163             168.79089877813075            562                           5276                          1.0238556076404988            
54759                         4                             661.6572831606165             164.52431165313405            541                           5303                          1.3755393100826692            
54834                         4                             570.0639288174332             146.60508824746333            492                           4517                          1.4848748727517997            
55554                         4                             573.9364297469691             130.98812916715602            444                           4642                          1.4359862518709876            
55905                         4                             661.6572831606164             159.36962522226412            523                           5336                          1.29418837471511              
57210                         4                             472.5312224521101             146.38930020165762            476                           3751                          1.1663337456548082            
57486                         4                             299.47139034568596            71.68835922600312             236                           2428                          1.3884867225845177            
57661                         4                             661.6572831606168             160.03552125496597            532                           5356                          1.2693121237854879            
58174                         4                             661.6572831606167             164.1265227147728             557                           5362                          0.629865845234554             
58782                         4                             661.6572831606168             169.22309665056426            552                           5306                          1.4034947387388037            
58877                         4                             613.1748506043832             151.37561926664574            503                           4933                          1.4620202752111136            
59401                         4                             661.6572831606163             171.78932626277356            565                           5276                          1.4678771269911488            
59963                         4                             548.1674719045063             131.65787148848153            441                           4230                          1.3242499807205275            
60376                         4                             661.6572831606164             169.7111068573459             571                           5337                          1.4997955128164915            
60696                         4                             31.81865965748306             4.520136192883856             15                            223                           1.160236422176937             
60956                         4                             661.6572831606163             173.94791265922845            575                           5344                          1.5031395195474897            
61335                         4                             32.205630553333194            5.07613418103218              16                            223                           0.039678019885541635          
61651                         4                             661.6572831606165             164.59953192062463            544                           5207                          1.5238332589120616            
62035                         4                             661.6572831606165             172.28215499502778            568                           5278                          0.04442150728635682           
62252                         4                             32.20572613653536             7.802015661742159             24                            232                           1.4425458291333992            
62450                         4                             661.6572831606167             153.76527243860028            510                           5263                          1.5092279697501758            
62491                         4                             661.6572831606161             173.3081911269879             577                           5378                          0.06559491179445669           
63444                         4                             661.6572831606165             169.68267338601206            555                           5121                          1.3529234501481469            
63518                         4                             17.59607059433255             4.239281748034555             14                            129                           1.5254581504998495            
63676                         4                             661.6572831606165             166.12655221666694            549                           5159                          1.480619562375162             
63863                         4                             661.6572831606167             166.83206675994046            551                           5406                          0.03793437122557599           
64141                         4                             661.6572831606163             152.35810391399494            496                           5351                          1.4566766701650802            
64269                         4                             661.6572831606165             159.24994900193064            534                           5142                          1.4590098380073089            
64303                         4                             661.6572831606163             164.6459163709589             546                           5366                          1.3252206833227234            
64348                         4                             661.6572831606164             163.59890390624338            544                           5318                          1.404732273934118             
64443                         4                             661.6572831606164             166.11540851828966            553                           5415                          1.4467109906511053            
64524                         4                             31.81880112339382             5.200313036684755             18                            222                           1.4344027219982851            
64584                         4                             423.90683320780977            122.71259119238492            408                           3529                          1.4605077432103957            
64698                         4                             661.6572831606165             160.33379883499177            549                           5170                          0.04691378006271238           
65885                         4                             661.6572831606163             162.82735349977077            538                           5230                          1.074279830675341             
66038                         4                             661.6572831606168             163.40872215064985            544                           5263                          1.434341120227943             
66424                         4                             661.6572831606163             173.4367585377816             574                           5279                          1.4248993236052043            
66484                         4                             138.72899117591834            35.698289639521015            116                           968                           1.437140029631341             
67247                         4                             661.6572831606167             175.6226444070006             578                           5404                          1.515222277324082             
67516                         4                             123.20928815082874            29.506512380012314            100                           866                           0.30957836010870343           
68000                         4                             661.6572831606165             176.2893609514077             580                           5291                          1.5332567065908285            
68261                         4                             661.6572831606165             168.03133905485163            557                           5233                          0.2624373016333139            
68498                         4                             661.6572831606163             163.07538823732435            541                           5335                          1.5379499952450475            
69774                         4                             661.6572831606168             160.71204088838988            527                           5250                          1.4712815733146174            
69968                         4                             661.6572831606165             162.40506182468812            532                           5186                          1.4310683556944386            
70582                         4                             365.52175172246075            92.27113579173104             306                           2854                          1.400585713401907             
70655                         4                             165.03362973055283            39.225010241880625            135                           1251                          1.41416624395739              
70828                         4                             32.205377156066774            8.343817931830241             27                            233                           0.8067529529001636            
71140                         4                             661.6572831606162             168.5273175776322             556                           5366                          0.3510257523575652            
74236                         4                             661.6572831606165             164.35648282258774            541                           5166                          0.07174792980613215           
74376                         4                             661.6572831606168             179.98639063986647            600                           5407                          1.4775524109118288            
74698                         4                             443.61090700537363            111.42211055547222            371                           3614                          1.4359148624508167            
74763                         4                             661.6572831606168             162.2940527517371             529                           5304                          1.5816597307423166            
74867                         4                             483.8039727212976             133.51484219266425            439                           3880                          0.9835103428337342            
75384                         4                             44.551216049849245            11.636537428507754            38                            353                           1.4122284013397437            
76054                         4                             200.84688776797142            51.22562707875425             167                           1561                          1.1649420270863846            
76215                         4                             344.96039095756953            102.52141645099087            346                           2849                          0.10046805515490252           
76272                         4                             661.6572831606168             177.1353807741475             593                           5249                          0.44409057656689466           
76525                         4                             57.51261807502977             16.39344555624479             52                            469                           0.9087876161156951            
76734                         4                             548.6790902533419             142.4371835368589             470                           4471                          1.5611585160547614            
76965                         4                             73.039                        20.719357285030938            66                            556                           0.14017263204158154           
77537                         4                             661.6572831606164             175.31211699042146            573                           5357                          1.2477346449819073            
77635                         4                             661.6572831606167             180.4797415315827             609                           5261                          0.1777199929452215            
77966                         4                             584.0196910810315             143.4047378999635             474                           4697                          1.5300719036317625            
78322                         4                             661.6572831606163             178.52297304642005            596                           5412                          1.5959388895626199            
80379                         4                             265.3123692371198             74.62138657868049             246                           2112                          1.2507904229782865            
80753                         4                             174.60249746833583            41.58208992759882             139                           1377                          1.5719849967966442            
80832                         4                             294.26465049453213            72.75693910428721             239                           2441                          0.6536328294796742            
81818                         4                             661.6572831606168             161.56658658099778            536                           5313                          0.3667236655172879            
82641                         4                             661.6572831606165             167.45052690034342            557                           5085                          0.6333459595854081            
83645                         4                             661.6572831606163             161.46366939721776            540                           5194                          1.4206800926440752            
83923                         4                             661.6572831606168             162.77626977464152            546                           5195                          1.4677486794243781            
83970                         4                             661.6572831606164             174.9047038888092             573                           5288                          1.4204147598972003            
84553                         4                             661.6572831606165             172.7475203375798             572                           5414                          1.4405651603758582            
84923                         4                             661.6572831606167             151.63015545409584            507                           5362                          1.5263241970976544            
85558                         4                             661.6572831606165             165.20353730432268            549                           5218                          1.5114112353578577            
85640                         4                             661.6572831606168             153.0692224440397             508                           5129                          1.3365937981577416            
86093                         4                             335.2555084655496             80.58785549131872             264                           2618                          1.447077021770998             
86383                         4                             429.73900177886617            111.6271496945473             368                           3594                          1.3450867480932236            
86660                         4                             137.70840404931107            32.71909930918022             111                           1036                          0.7021579462501293            
86989                         4                             661.6572831606163             174.09498570235604            574                           5408                          0.9766523648781926            
87540                         4                             266.92887395231793            60.489749322527366            201                           2005                          0.2912543404512787            
87821                         4                             164.12179637043346            37.28580531579489             124                           1184                          1.520354080618308             
87896                         4                             661.6572831606163             157.93213743989153            515                           5215                          0.5304739177897944            
89071                         4                             661.6572831606168             172.36264381181545            567                           5324                          0.32815864505831005           
89326                         4                             661.6572831606167             154.23830820192674            511                           5052                          1.370296461508692             
89336                         4                             661.6572831606165             168.49729466496083            560                           5234                          1.506664899804067             
89858                         4                             143.60001157612328            32.662449129451744            107                           997                           1.3507360762748386            
90168                         4                             412.3384595150786             90.43623012789594             298                           3149                          1.4782500038209658            
90215                         4                             661.6572831606168             169.7472110536649             563                           5468                          0.28367893712296194           
90463                         4                             329.567133435128              74.67473149793808             249                           2522                          0.7899878334117005            
90654                         4                             661.6572831606167             176.80376448122936            583                           5199                          1.485193941885591             
91034                         4                             45.583119366544565            13.722183322895143            43                            385                           0.6578530365496342            
92065                         4                             207.3630470764801             52.34578956762086             175                           1645                          1.5469628712018808            
92146                         4                             661.6572831606167             159.17967420206912            528                           5258                          0.11651659199526243           
92922                         4                             661.6572831606165             166.44779203491396            564                           5354                          0.46130647330874475           
93205                         4                             409.8217272167004             100.4435621369532             328                           3222                          1.393668327145169             
93541                         4                             661.6572831606165             156.2420510822142             509                           5115                          1.477158902106754             
93951                         4                             124.57860501452379            30.283414915380543            102                           970                           0.8718085747247059            
93996                         4                             593.6661803774463             153.83460181995238            508                           4674                          1.3556036035422299            
96767                         4                             584.8436874553595             142.13278136848487            472                           4661                          0.26876375701219196           
97376                         4                             661.6572831606163             166.36716811009404            549                           5263                          1.344682517885694             
97556                         4                             414.51443752346853            101.06038077619885            338                           3411                          1.2463021851155798            
99359                         4                             661.6572831606165             166.16755275408474            551                           5303                          1.450092448779733             
99492                         4                             533.5884960873386             125.57506718455386            416                           4128                          0.8891569126089472            
99604                         4                             80.31994714003861             17.107959238175535            58                            597                           1.4561553529195195            
99891                         4                             661.6572831606168             163.3920337084843             540                           5350                          1.1009352568553847            
1035                          5                             661.6572831606162             163.8669213421431             541                           5340                          0.15225499031535947           
1230                          5                             494.97528150558986            137.27095181497262            460                           4054                          1.4305455272545125            
1290                          5                             661.6572831606168             156.58027423796554            513                           5204                          1.435348344467609             
1308                          5                             661.6572831606165             165.17513183371614            549                           5203                          1.2095236207567734            
2005                          5                             661.6572831606167             175.5409134910481             579                           5392                          1.3630969789077154            
2839                          5                             661.6572831606168             170.52415206057822            567                           5267                          1.4517746987021873            
3173                          5                             317.0253744306624             76.07677398070682             254                           2465                          1.5362520124686234            
3183                          5                             661.6572831606165             164.8231380772603             555                           5253                          1.4976780224598438            
3692                          5                             661.6572831606168             179.91926586220154            606                           5389                          0.6684017374583823            
3820                          5                             48.998080596484485            12.600145403380237            40                            376                           1.4573060256119161            
4470                          5                             661.6572831606164             173.10471117271064            566                           5065                          1.5935519232973245            
4723                          5                             626.0804912692538             156.3258893048147             514                           4975                          0.10863989359051768           
5173                          5                             661.6572831606168             166.768564594688              553                           5122                          1.5038931723525373            
5695                          5                             623.476671041652              155.24455685118124            505                           4947                          1.3630053745682527            
5739                          5                             661.6572831606163             159.5704939422392             532                           5295                          1.4674311223168717            
5745                          5                             537.1581598521044             138.93547527752233            461                           4385                          1.345780430303614             
5764                          5                             661.6572831606165             158.0910499011463             516                           5112                          1.4009782841367733            
6469                          5                             263.6167416385511             69.80754462407181             220                           2044                          1.2209173917216256            
6623                          5                             661.6572831606165             168.4094466669559             556                           5289                          1.3745471568612515            
6747                          5                             95.07188903647979             24.752638515053054            79                            742                           0.595266461375644             
7135                          5                             75.25                         16.412123565425254            53                            546                           1.4728063128386237            
8236                          5                             661.6572831606168             168.5196102058834             565                           5320                          0.2116080736866444            
8805                          5                             60.32053835778474             14.106551423418397            46                            439                           0.1407571952249546            
9197                          5                             661.6572831606164             166.78755821650628            540                           5298                          1.4888002898101225            
9401                          5                             661.6572831606165             173.4301880488437             563                           5337                          0.1217391412718971            
10414                         5                             661.6572831606167             165.6753447168901             555                           5340                          1.4426875969170578            
10525                         5                             661.6572831606168             174.04725114857442            566                           5197                          1.506219763929677             
10610                         5                             586.5932831606162             146.39228445180757            485                           4798                          1.4606787309997489            
10625                         5                             661.6572831606165             170.08956791475984            552                           5323                          1.5088174642516392            
10668                         5                             522.0243618081734             134.8136343668123             445                           4124                          1.2833217566293829            
11131                         5                             661.6572831606164             161.05318474274804            536                           5206                          1.4742003907879846            
11562                         5                             618.2091537516802             154.7421838102665             518                           4876                          1.1851692592360457            
11644                         5                             661.6572831606163             163.91254825032428            543                           5177                          1.4158115904691866            
11801                         5                             661.6572831606169             174.9069139219233             584                           5457                          1.3638019655048934            
11838                         5                             661.6572831606165             170.05623022818054            563                           5334                          1.4352968418977716            
12210                         5                             661.6572831606165             160.3331728831022             535                           4931                          1.5415274466970859            
12770                         5                             661.6572831606167             169.6217789846912             557                           5245                          1.4901736404979031            
12817                         5                             462.1713086806811             113.98145377842383            388                           3598                          1.4115955032111465            
13194                         5                             420.33636663618245            106.60046300486721            351                           3275                          1.4846491652398432            
13315                         5                             661.6572831606164             159.30507820460247            526                           5039                          1.014894981111999             
13443                         5                             661.6572831606165             166.16732079746419            550                           5234                          0.9312093378039681            
13512                         5                             661.6572831606165             179.16815855509162            601                           5287                          1.3922449376365265            
13578                         5                             184.6955081300352             45.85256566391224             153                           1479                          1.4547311688683535            
13598                         5                             34.80416288199595             8.471084254566826             28                            263                           1.5798794133081995            
14017                         5                             661.6572831606165             158.7522483327047             530                           5173                          0.4034323869614131            
14037                         5                             661.6572831606167             188.36185957138227            627                           5329                          0.07382743850817831           
14451                         5                             413.79791958986743            101.96885679043689            340                           3274                          1.3945386394269625            
14744                         5                             472.3269039113397             123.02886278560284            404                           3676                          1.6549697302886122            
14806                         5                             389.46269393471647            87.55062555596305             293                           2997                          0.8963782379417123            
15073                         5                             602.499947292174              151.30049005348064            496                           4819                          1.0718066540643982            
15312                         5                             661.6572831606164             174.21167252415984            577                           5354                          0.7736803335691417            
15690                         5                             544.1154633676919             133.44381690344053            433                           4383                          1.3222002698011512            
17482                         5                             661.6572831606164             166.65262027325946            552                           5313                          1.5260609722410177            
17544                         5                             312.57999555172154            77.60667592552296             256                           2448                          1.1537933185814788            
17577                         5                             661.6572831606163             168.08081095701516            556                           5199                          1.4642892046748224            
18120                         5                             449.45140956034476            110.52451959027809            366                           3385                          0.6770309397187896            
19112                         5                             645.1534502313052             183.29265377684678            616                           5255                          1.4703359347417406            
19850                         5                             661.6572831606165             180.1187557878014             593                           5335                          0.9725158681623963            
20076                         5                             661.6572831606167             179.38572559212463            589                           5514                          1.618622498785352             
20482                         5                             661.6572831606165             171.4046960234415             558                           5166                          1.570063302243894             
21448                         5                             661.6572831606165             170.3240013022566             571                           5216                          1.562784702350892             
22973                         5                             661.6572831606165             167.50342527280625            548                           5275                          1.4868608075969998            
23395                         5                             661.6572831606165             169.2871632352808             566                           5378                          1.5014071694189333            
24966                         5                             420.2017575433178             105.31596011634932            343                           3209                          1.4573024163171673            
25481                         5                             661.6572831606169             180.32944754402573            600                           5255                          1.4872544219815964            
25845                         5                             661.6572831606164             171.02051561428465            562                           5181                          0.9141031927294833            
26725                         5                             53.48843627882695             10.703425281371688            34                            390                           1.581897860614423             
27328                         5                             661.6572831606163             166.53290488337535            549                           5137                          1.4888458312931565            
27815                         5                             661.6572831606164             176.94320794871655            584                           5406                          0.0926838039701467            
28118                         5                             42.43252146866162             10.788722139237048            36                            327                           1.4568562984017759            
28325                         5                             661.6572831606163             170.83626976377872            561                           5447                          1.5442654929065336            
28471                         5                             573.8751131761607             147.8289568552017             497                           4574                          0.09520424935004514           
28768                         5                             361.3691069602473             90.90360909234765             302                           2833                          1.4879392842492916            
29156                         5                             550.335642164555              136.7324946019069             447                           4457                          1.3086155106916797            
30052                         5                             463.44018650291764            117.31405467150637            393                           3687                          0.797653196745653             
30099                         5                             661.6572831606169             158.04693851554026            518                           5221                          1.1901848723259056            
30447                         5                             661.6572831606165             158.53775554782058            529                           5237                          1.0346477132239063            
31631                         5                             661.6572831606167             166.80086874646142            558                           5250                          1.376401808655777             
31709                         5                             15.399937656800542            3.402501532400534             10                            85                            1.3922948015139254            
33352                         5                             125.30138614117048            28.187516457016073            96                            1004                          1.4724282885889919            
33423                         5                             661.6572831606164             166.50579412370965            545                           5244                          0.02762862874124622           
33782                         5                             661.6572831606165             170.22754628519533            553                           5354                          0.25307488434668923           
33908                         5                             661.6572831606165             161.47053428255856            529                           5196                          1.4510293838571435            
33939                         5                             661.6572831606168             173.37834084029745            568                           5272                          1.4719206803747007            
34074                         5                             661.6572831606168             158.3744469660296             529                           5156                          1.4065731610127943            
34130                         5                             661.6572831606167             154.1986366975293             521                           5261                          1.5095931712948447            
34544                         5                             661.6572831606163             179.14284764090928            592                           5299                          1.3967949626547873            
35469                         5                             661.6572831606167             159.29250310901864            533                           5417                          1.3695184216254783            
35586                         5                             593.0326973391742             143.67950456822007            480                           4515                          1.5674829150128695            
36064                         5                             73.039                        19.10818473012707             64                            591                           1.4097619747118626            
36411                         5                             594.306699987676              149.87626594455148            491                           4710                          1.269346939458063             
36758                         5                             661.6572831606165             169.68040882762787            559                           5195                          0.16948816065469882           
36842                         5                             661.6572831606164             168.6215968804677             558                           5268                          1.3008165734635133            
37024                         5                             661.6572831606165             167.12196509381505            552                           5046                          1.4878481606838836            
37065                         5                             362.4710066600903             90.08207889767824             299                           2904                          1.4770092480380126            
37560                         5                             661.6572831606165             172.83208909201804            565                           5082                          1.4612260680682676            
37905                         5                             661.657283160617              172.6670755475445             582                           5412                          0.7905902259734423            
39207                         5                             298.74037571919337            69.60802499536064             226                           2397                          1.502366077283643             
39213                         5                             661.6572831606164             159.32142674222843            527                           5228                          1.5338063232899093            
40455                         5                             195.74927430668265            42.15958592466528             144                           1536                          0.5998547578225218            
40859                         5                             661.6572831606164             172.74019512056122            574                           5257                          1.3953692960364588            
41374                         5                             312.51564862778457            89.3675987960909              295                           2495                          0.37613123385524483           
41397                         5                             437.33666666953553            108.69214318833305            368                           3398                          1.5190364243950412            
41638                         5                             661.6572831606167             166.7607863387497             552                           5444                          0.7804501456113979            
42345                         5                             571.4842795903025             148.57676456940098            490                           4606                          0.9655255574900652            
43038                         5                             184.711599670606              39.450998907596905            127                           1416                          1.4687009397853203            
43291                         5                             661.6572831606165             175.5897557638998             571                           5399                          1.2949074920889503            
43354                         5                             661.6572831606163             154.1234091553946             529                           5240                          0.3399252546617146            
43688                         5                             661.6572831606165             164.31728404063875            545                           5260                          1.523897668019567             
43766                         5                             661.6572831606165             162.70011626974315            542                           5247                          1.3799643134219557            
44281                         5                             661.6572831606165             167.90462438415716            554                           5322                          1.446905174222914             
44606                         5                             661.6572831606168             164.81994779113526            548                           5252                          1.4272469093339342            
45608                         5                             661.6572831606167             166.23986479230635            549                           5205                          1.4709961430260678            
46478                         5                             53.96588865163256             15.670162454325833            51                            427                           1.447018292423485             
46737                         5                             608.9414506191399             160.4438816681223             528                           4971                          1.452445966066155             
47597                         5                             661.6572831606164             155.27122736338623            516                           5147                          0.134759620528486             
47719                         5                             661.6572831606163             166.1527329204202             552                           5141                          1.4004893352296786            
48962                         5                             475.2718088750926             130.54263051550618            436                           3721                          1.362476193924679             
49817                         5                             661.6572831606165             159.72748488443867            528                           5275                          1.4569744709586183            
50538                         5                             661.6572831606163             169.27006087311472            561                           5385                          1.1522534111218663            
50555                         5                             661.6572831606168             175.04257771489716            577                           5493                          1.401883270384472             
50832                         5                             661.6572831606163             163.3221440443863             533                           5349                          1.4828201575634647            
51337                         5                             225.66537865244635            56.59693983168772             184                           1813                          1.5276367959013513            
51565                         5                             467.39653825186065            109.77301708800898            363                           3710                          1.413666325731898             
51748                         5                             661.6572831606168             167.12429384027402            551                           5292                          0.48939099869935676           
51785                         5                             368.51628783975275            98.832812243593               337                           3021                          0.9634403320120616            
51835                         5                             661.6572831606165             162.2058645927571             533                           5073                          1.4582116552097268            
52229                         5                             303.2956684152451             75.71137833504245             249                           2377                          0.8784879983064396            
52357                         5                             661.6572831606164             162.6314309794209             541                           5033                          1.4179046082387081            
52952                         5                             383.1218380204278             91.8864098934574              302                           2833                          0.6598336717625661            
53260                         5                             489.5177657503583             125.53396047258694            422                           3800                          1.4268307304485024            
53310                         5                             520.3146021799027             124.98068549272944            411                           3990                          0.8012841256000087            
53623                         5                             661.6572831606169             158.69620129656894            518                           5366                          1.1095188891664312            
53632                         5                             661.6572831606164             179.44852317477708            596                           5466                          1.0909655549637867            
53960                         5                             661.6572831606165             160.22077752543058            526                           5196                          1.386422271982834             
54926                         5                             119.20343524573127            35.16346715170054             117                           972                           1.577080027696621             
55227                         5                             661.6572831606164             162.71280597619833            542                           5371                          1.3949002106935198            
55328                         5                             661.657283160616              168.56602662754727            552                           5322                          0.30766102750739754           
55479                         5                             661.6572831606165             170.8125346514125             567                           5159                          1.4322726283517486            
56818                         5                             343.946298299124              89.27048972749074             298                           2688                          1.4762005777570875            
57175                         5                             435.8281556396462             110.00727056998225            359                           3403                          1.4990588790637496            
58203                         5                             518.4948065250611             146.25411959338157            485                           4206                          0.7846009311672628            
59283                         5                             36.3170869401603              5.160510648775618             17                            260                           0.9567628826397376            
59823                         5                             661.6572831606167             186.90687858352527            612                           5467                          1.2830298526887192            
59974                         5                             557.7719112184456             141.1242777954167             468                           4602                          0.044900340509995605          
60195                         5                             661.6572831606167             164.81666898098726            552                           5165                          1.6264525742256055            
60571                         5                             182.19343990720867            49.003599864779446            163                           1448                          1.2384603300006265            
60956                         5                             579.8020158414311             143.85466204963225            476                           4639                          1.4495352345934802            
62122                         5                             661.6572831606165             173.63564402489334            574                           5166                          0.4301639800414012            
62634                         5                             661.6572831606163             179.8459191356374             601                           5264                          1.2586677622577807            
63360                         5                             112.67058377634451            32.73768917729916             107                           928                           1.5147422437147986            
63537                         5                             533.3046262558302             125.76279538159969            413                           4189                          1.586267830310781             
63688                         5                             661.6572831606167             170.8547476217079             560                           5209                          0.2844109029072463            
63817                         5                             661.6572831606167             162.68705965187866            534                           5188                          1.097782493302062             
64022                         5                             661.6572831606168             169.43523258207372            552                           5250                          1.4863217080000548            
64235                         5                             542.0485098783533             132.66051717384204            439                           4099                          1.4170733442462264            
65658                         5                             661.6572831606168             169.8892983344865             558                           5346                          1.4723155126180012            
65721                         5                             10.093048302131756            1.0392283353636294            4                             60                            1.1577921063919243            
65866                         5                             661.6572831606167             155.80414182976446            518                           5113                          1.4863762582751074            
67292                         5                             661.6572831606167             146.72682471910062            484                           5110                          0.00987999078498553           
67331                         5                             547.3735178774546             126.10942483316656            427                           4370                          1.3667075200499976            
68254                         5                             661.6572831606165             147.46216847975208            492                           5095                          1.2792479668090393            
68475                         5                             661.6572831606165             177.01806869555188            589                           5383                          1.119951854894249             
68753                         5                             661.6572831606164             164.98436964909283            551                           5199                          1.2971235909742447            
68877                         5                             661.6572831606164             167.95149766869486            551                           5243                          1.5595678642792588            
69404                         5                             13.497869257623305            4.557262577446522             15                            113                           1.4523698345367022            
69679                         5                             661.6572831606167             171.3052397943684             571                           5268                          1.4637437978851293            
69777                         5                             661.6572831606161             175.49567364212234            582                           5453                          0.0397777597787763            
69782                         5                             563.3506862944377             136.0580284203251             452                           4437                          1.5070518102329262            
69831                         5                             661.6572831606165             164.56395396634124            546                           5284                          1.5366639960878594            
70249                         5                             661.6572831606163             157.45274469540726            531                           5217                          1.1931769743197842            
70522                         5                             661.6572831606163             158.6679803568209             526                           5192                          1.4438050409668572            
70620                         5                             661.6572831606168             169.70198824266006            562                           5260                          1.3950101307811762            
70715                         5                             57.47760419383472             15.90696262487275             53                            444                           1.39376855128877              
70729                         5                             661.6572831606165             169.8698188102072             556                           5271                          1.489112634393202             
71697                         5                             661.6572831606167             178.22934817164025            593                           5329                          0.14018233557739948           
71792                         5                             661.6572831606163             184.66534929451714            609                           5494                          1.4749049963934193            
71851                         5                             661.6572831606165             184.38842138845916            607                           5429                          1.5604087297004596            
71924                         5                             473.2528559581651             110.4392608797632             364                           3623                          1.6101321805481628            
72242                         5                             661.6572831606165             167.5131784080702             549                           5333                          1.6117240298096953            
72695                         5                             661.6572831606165             163.1589803609721             536                           5137                          0.9681188760560543            
72966                         5                             661.6572831606164             155.36488844128095            518                           5111                          1.4625268339289268            
74269                         5                             661.6572831606167             164.4275766267729             534                           5300                          1.4248538577401888            
74679                         5                             661.6572831606171             159.90727657526418            532                           5215                          1.36277696428031              
74887                         5                             324.3343551485753             82.20356954768627             269                           2491                          1.4274960194055026            
75669                         5                             661.6572831606165             155.08975950913535            518                           5108                          1.4031591877594785            
76217                         5                             577.4688503849206             146.61834403314145            487                           4664                          0.7163082752015277            
76238                         5                             661.6572831606165             159.0702491137632             532                           5193                          1.3619768313336071            
76579                         5                             313.03502008527647            79.45757042663021             261                           2346                          1.28345296038772              
76781                         5                             46.92676100435223             12.745271029378664            42                            390                           1.4029209745887103            
77621                         5                             661.6572831606165             164.27733218099783            542                           5206                          0.6932782757344818            
77794                         5                             661.6572831606168             158.17967906799208            529                           5217                          0.1115695201403133            
78321                         5                             661.6572831606165             163.39247350372014            547                           5084                          1.4344825525071014            
78617                         5                             661.6572831606165             171.095216362264              566                           5190                          1.3939314779355625            
78844                         5                             661.6572831606165             165.01048063503217            542                           5123                          1.4415269663011863            
78891                         5                             661.6572831606165             172.3597798593974             565                           5336                          1.4986665375460504            
78896                         5                             661.6572831606163             170.29850706450793            570                           5302                          1.438593172566118             
79044                         5                             32.02748099414286             9.32592334083119              30                            207                           1.500003604196582             
79266                         5                             661.6572831606169             166.00320482411837            562                           5291                          1.5009920695052432            
80173                         5                             661.6572831606165             171.4881378234705             575                           5299                          0.0814469912604919            
81330                         5                             661.6572831606167             158.09100486451902            514                           5179                          1.4718407152516857            
82746                         5                             661.6572831606164             162.74318948071908            549                           5141                          1.5102826026422043            
82923                         5                             322.66214728300184            92.22659858199377             305                           2491                          1.370442260388319             
83247                         5                             661.6572831606165             167.1846597643625             555                           5266                          1.442096794274182             
83326                         5                             451.6004850910039             118.17752204571165            395                           3576                          0.8122605978951556            
83635                         5                             661.6572831606164             174.20419767965345            574                           5477                          1.4651220006903887            
84278                         5                             661.6572831606164             171.07382486328768            570                           5359                          1.0391073262109818            
84534                         5                             505.74082799001314            120.53447204216147            401                           3787                          1.519900644398909             
85022                         5                             661.6572831606167             168.67669112285017            555                           5325                          1.5049946111637307            
85513                         5                             661.6572831606168             164.7456698860649             539                           5240                          1.062110227226873             
85682                         5                             661.6572831606165             175.0393244682365             574                           5121                          1.4739204564803474            
85710                         5                             661.6572831606167             167.5223947646179             552                           5250                          1.4302295438487143            
86532                         5                             642.5053177658712             160.34744165316744            538                           5099                          1.5212615198421706            
86875                         5                             661.6572831606164             166.72510129605828            551                           5281                          1.464194134519838             
88652                         5                             661.6572831606165             151.40928432488147            503                           5121                          1.4168326385671288            
88674                         5                             492.42802786088475            119.43163966319322            397                           4047                          1.4631792305012028            
89837                         5                             547.8875658703516             132.44125687584832            444                           4251                          1.3297463524361692            
90231                         5                             661.6572831606163             177.86766083697495            578                           5273                          1.0465717168710968            
90467                         5                             53.21042951529386             15.661479308823955            52                            391                           1.1682507630465713            
90522                         5                             661.6572831606168             167.7924296072885             560                           5357                          1.5380149492252635            
90598                         5                             206.95737426154943            50.304367775051034            165                           1624                          0.13837464211773756           
90737                         5                             661.6572831606165             182.53052518814596            605                           5322                          1.480628857565445             
91017                         5                             661.6572831606165             164.34330219637764            542                           5179                          0.43815679539374663           
91354                         5                             661.6572831606167             180.94139927734005            602                           5249                          1.6002029298315552            
91464                         5                             661.6572831606165             160.1439176799026             534                           5170                          1.4377113118173148            
91542                         5                             380.17978618972944            97.74328436762876             322                           3021                          1.5920812759154375            
91919                         5                             314.57446724715794            73.30165180196121             242                           2493                          1.4077850869752548            
92385                         5                             661.6572831606163             178.31464191136317            592                           5311                          0.8564131684301098            
92667                         5                             661.6572831606168             175.35038700911315            577                           5423                          0.6436198098880888            
93183                         5                             558.7856156930833             130.36104001422683            434                           4316                          1.5635429690085427            
93237                         5                             661.6572831606165             153.4607451921138             517                           5276                          1.5297119535470252            
93477                         5                             661.6572831606163             163.37823228752868            535                           5333                          1.1457497333241204            
93667                         5                             661.657283160617              163.31257641721191            526                           5190                          1.3620951351999164            
94503                         5                             661.6572831606165             163.5515502184612             539                           5144                          1.4188591057710807            
94960                         5                             42.01221265298095             10.98688666021224             38                            340                           1.4037364602046591            
95133                         5                             661.6572831606164             167.37333687799807            561                           5370                          1.433648767570229             
95146                         5                             222.06556721584894            57.152281106256545            193                           1727                          0.09888092430031514           
95519                         5                             566.6948210962499             143.82221107816395            479                           4543                          1.4827947872255667            
96306                         5                             164.86388811369756            46.17793929232079             150                           1243                          0.504330552482154             
96628                         5                             661.6572831606164             175.46787094317816            583                           5328                          1.263860085976382             
97428                         5                             38.60845090694463             8.841051413759395             28                            269                           0.3995332771722918            
97580                         5                             661.6572831606165             167.30217174605698            554                           5004                          1.5455566663356852            
97668                         5                             661.6572831606165             176.91873664079284            584                           5241                          0.07670085344470695           
97990                         5                             661.6572831606165             153.8960066450639             508                           5057                          1.4665111801360917            
98021                         5                             661.6572831606167             157.36899164989995            529                           5206                          1.5442189083831455            
98183                         5                             130.5090664056286             30.29412768637985             99                            1069                          1.3419865904502455            
98456                         5                             661.6572831606162             161.39283237126952            546                           5340                          1.3930099835715772            
98998                         5                             661.6572831606164             152.19391622667294            498                           4963                          0.26243782174257374           
99012                         5                             661.6572831606164             159.83421112647943            531                           5204                          1.4338623978776157            
99253                         5                             661.6572831606164             167.52975212705755            552                           5216                          1.3229028881347378            
99484                         5                             474.9932804246753             129.06107486746495            426                           3764                          1.4071774998293431            
99739                         5                             572.3316778331208             134.71838704063904            443                           4509                          1.4692163280959583            
543                           6                             78.88884781195426             23.383282714564224            77                            719                           1.1327149214647925            
618                           6                             26.38529386913635             7.3293260713055615            24                            183                           1.175272039392766             
1008                          6                             226.87645834260385            51.19202485382058             166                           1610                          0.20254543633852676           
3561                          6                             661.6572831606168             160.90221153937622            532                           5156                          0.06457840881849262           
3841                          6                             661.6572831606167             149.6883967102584             502                           5191                          0.44146054643215066           
4284                          6                             593.6016237205253             151.8507427486166             505                           4746                          1.4076156952527132            
4910                          6                             491.719466269697              120.95562466858878            408                           3994                          1.3157225575817506            
5907                          6                             661.6572831606165             176.66006399028427            571                           5364                          1.336346231365345             
5936                          6                             585.895690087071              141.25242582935016            475                           4663                          1.0695216204787248            
6162                          6                             435.25283478316214            108.6641408879213             357                           3563                          1.5259471330019165            
7436                          6                             573.9921831606165             146.2064075566945             484                           4742                          1.2474224655466273            
7637                          6                             32.20583077789705             5.604804685525018             20                            231                           0.9459971671815193            
8702                          6                             241.6896080487991             63.33317911770257             210                           1974                          1.2840012674576375            
8947                          6                             178.05381122598243            41.59817536105407             139                           1406                          0.05152720214436455           
9132                          6                             640.6600699226935             148.58968811358932            490                           5175                          0.5530351582818496            
9251                          6                             661.6572831606162             178.62334283311822            585                           5336                          0.3680149496528318            
9641                          6                             109.01402365843086            26.61102417350604             88                            853                           1.294877992657263             
9741                          6                             179.2985473657634             34.153569789829604            113                           1365                          1.553033139673905             
9766                          6                             32.2055013906659              9.704202317550237             32                            241                           0.2333237549887056            
9842                          6                             200.5618781151855             49.53785395075299             162                           1607                          0.30072899819733534           
10082                         6                             541.092701433999              142.99638709634561            473                           4282                          0.0861797398962563            
10536                         6                             67.7471915848131              21.858334012962455            73                            552                           0.4301111739715251            
10823                         6                             661.6572831606165             162.90376405859647            552                           5255                          1.2501533668680467            
12890                         6                             598.4779202092185             147.95331077825625            485                           4753                          0.19317423527425992           
12957                         6                             36.31660509387858             4.9178787955501475            18                            234                           1.4460848550344045            
13120                         6                             661.6572831606164             165.4183663629689             545                           5298                          1.2862018033985565            
13479                         6                             661.6572831606165             164.87417707259462            546                           5347                          0.045728344240439575          
14198                         6                             661.6572831606165             168.40999231564314            556                           5205                          1.4452950567555374            
14371                         6                             661.6572831606165             169.25864618582196            558                           5340                          1.4508658947481496            
14596                         6                             112.219117354794              29.52118256328901             98                            838                           1.4692092974519302            
14818                         6                             661.6572831606167             170.2567210477517             565                           5413                          1.4825679149547222            
15461                         6                             661.6572831606163             164.3013374278183             542                           5321                          0.25916873824909425           
15820                         6                             661.6572831606163             165.04734832806992            545                           5224                          1.492795551162986             
15846                         6                             633.9114579220019             150.8348128011397             506                           5059                          1.4358842385233728            
15978                         6                             469.5818192318395             110.04491568160758            367                           3680                          1.4481596992416743            
15988                         6                             224.16750659373264            55.42351028778797             182                           1765                          1.3309770657922857            
17004                         6                             661.6572831606169             171.91534805803195            570                           5346                          0.9672857345430212            
17346                         6                             661.6572831606164             172.0653307559709             574                           5504                          0.4826360839183045            
17645                         6                             399.6127317671159             97.39618003310065             321                           3061                          1.507096091511642             
17819                         6                             661.6572831606163             166.2367830151416             552                           5274                          1.510830191698511             
17990                         6                             228.0667161707093             62.718989407223646            206                           1812                          0.8508336894250456            
18285                         6                             661.6572831606168             157.29889545305232            525                           5235                          1.4563540079152002            
18707                         6                             661.6572831606167             162.4011530802174             545                           5101                          0.5456015788586197            
18852                         6                             661.6572831606164             158.451325548691              525                           5269                          1.3844566753015553            
19144                         6                             465.0352416259323             118.8171894574089             388                           3699                          1.4355875959624678            
19566                         6                             85.2354                       20.276889931592212            70                            639                           1.389482161970296             
20172                         6                             577.476886925603              157.1370255561633             517                           4579                          1.0348465638178572            
20587                         6                             661.6572831606165             174.2263723352618             576                           5279                          0.1808516253442304            
21452                         6                             661.6572831606164             165.7626292820726             552                           5287                          1.3722098189919536            
21952                         6                             661.6572831606167             161.12212994263442            537                           5331                          1.5210933942638492            
22026                         6                             325.4658533546271             83.1045037865047              271                           2606                          1.4592124912328126            
22197                         6                             411.8148097526718             95.56912589993478             315                           3175                          1.4134368039663991            
22923                         6                             648.5906506307097             135.7704149135136             450                           5202                          0.7176364055717355            
23042                         6                             551.982153760134              139.62212258258052            461                           4383                          0.8400952478178889            
23993                         6                             190.6747144660635             46.2358893104623              153                           1430                          1.1925757840372775            
24927                         6                             39.93092148257727             7.669716192171789             27                            302                           1.2169738175735907            
25284                         6                             661.6572831606167             163.5749290972852             548                           5239                          0.40458909110767677           
25312                         6                             661.6572831606161             168.0184220475676             560                           5449                          0.0688879568483545            
25528                         6                             661.657283160617              176.31566856333862            582                           5274                          1.442183122585479             
25768                         6                             114.01080115886367            28.804175836007634            92                            919                           1.479087166158161             
26858                         6                             661.6572831606165             173.37483379569997            570                           5259                          1.5410556121314984            
27422                         6                             661.6572831606164             169.5753139466585             563                           5223                          0.24899697539268292           
27439                         6                             661.6572831606167             162.77674084792136            535                           5226                          1.51224488750514              
28845                         6                             661.6572831606163             175.04796740473418            579                           5331                          1.4923587404319487            
28970                         6                             661.6572831606164             165.52838027316528            546                           5329                          1.4227397991883661            
30480                         6                             661.6572831606165             163.55391305781637            543                           5250                          1.5336866930244528            
30485                         6                             68.76555352745842             18.15951172465065             61                            504                           1.4483930009292976            
31122                         6                             414.4765074881814             98.92927675070868             332                           3272                          1.4351687954207257            
31572                         6                             615.5325329546978             160.90908715288245            537                           5036                          0.1615049173017623            
32099                         6                             661.6572831606165             167.61966380229157            554                           5182                          0.8751116093046987            
33041                         6                             661.6572831606164             162.20855457396812            533                           5254                          1.4168083097066797            
33222                         6                             661.6572831606164             166.30700935991626            560                           5362                          1.4688872010829863            
33239                         6                             96.24635434913772             21.018975868109834            71                            706                           1.411840481011373             
33504                         6                             146.9877329214269             34.09858562868161             107                           1191                          1.4738560862740218            
33859                         6                             661.6572831606165             163.10915558323               552                           5322                          0.1867627024830018            
34079                         6                             661.6572831606167             158.040858120497              528                           5201                          0.287645684532584             
34754                         6                             661.6572831606163             155.77978611911624            515                           5317                          1.4490204940859668            
35036                         6                             661.6572831606165             167.48687613289152            549                           5155                          1.3939509236626288            
35290                         6                             661.6572831606169             165.12481340693395            543                           5266                          1.3625458240468147            
35688                         6                             661.6572831606168             165.15029399303734            553                           5394                          1.4550836345436788            
35708                         6                             661.6572831606164             160.11649284893733            532                           5439                          1.4425871900741276            
35868                         6                             661.6572831606167             164.70455148187114            553                           5278                          1.4561172279034549            
35900                         6                             109.26162841555012            29.58032555380119             98                            843                           1.4017940983800037            
36337                         6                             179.85139880829087            43.55456322319466             150                           1366                          1.4567568984543091            
37066                         6                             73.03900000000002             19.4788414791713              66                            555                           0.2595543954126454            
37308                         6                             661.6572831606168             174.6265516324785             580                           5250                          0.3937146371933237            
37492                         6                             661.6572831606165             165.77468371930743            550                           5256                          0.17232565376759718           
37970                         6                             661.6572831606165             169.40805402618432            561                           5363                          1.530370830563485             
38551                         6                             32.20567202412083             5.761347500400596             20                            231                           1.4570778435715517            
38980                         6                             661.657283160617              165.86955375692244            554                           5410                          1.4827966066928044            
39407                         6                             661.6572831606165             171.7064830853813             569                           5162                          0.05169642712554277           
39518                         6                             661.6572831606163             166.59165082790238            552                           5258                          1.461048989819052             
39757                         6                             232.97155272710506            50.44678845797471             167                           1844                          1.502615506619965             
39948                         6                             586.8090411192713             135.3272445111376             456                           4665                          1.4623733191305999            
39995                         6                             661.6572831606165             164.6504668026579             547                           5186                          0.4422765234035786            
40130                         6                             661.6572831606165             155.96762380359462            519                           5203                          1.1949659146399374            
40337                         6                             531.4195598493282             131.60817436324052            442                           4217                          1.4439337036215487            
40440                         6                             613.0235772215236             140.2436672175697             462                           4735                          1.3698640449673363            
40613                         6                             661.6572831606165             158.14475234056923            529                           5060                          1.1610759401773227            
40771                         6                             6.2989324852890105            0.7369007982260305            2                             33                            1.2305805207091791            
41589                         6                             154.1999545772083             39.64334695913648             131                           1254                          1.3936128996855048            
42800                         6                             96.88671874418641             27.9167997998042              92                            775                           0.0061074198902517285         
43423                         6                             9.258757625175233             1.6056414929542828            6                             80                            0.3475791256783225            
44707                         6                             53.16742863865742             10.95423220745976             38                            416                           0.24529210350787475           
45074                         6                             420.90265905289755            109.46618214408085            365                           3247                          0.015412413753658634          
45847                         6                             661.6572831606168             170.37076182636585            565                           5293                          0.09896305160881837           
45853                         6                             661.6572831606167             168.64801121503248            559                           5245                          0.9618397838682671            
46013                         6                             194.56407262148045            52.913029072969366            178                           1522                          1.4936031075536724            
46309                         6                             661.6572831606168             155.27004810642129            516                           5165                          1.480087973894963             
46521                         6                             661.6572831606167             171.41128035371898            571                           5469                          0.465571644160741             
46799                         6                             661.6572831606163             160.31347038753032            522                           5139                          1.3639995453290887            
46954                         6                             595.5198636959631             146.27266855348904            481                           4571                          1.5108299184561464            
47544                         6                             661.6572831606165             160.38296880987454            539                           5362                          1.392446448722622             
48076                         6                             661.6572831606161             153.56103534695387            507                           5246                          1.2797477831016422            
48712                         6                             661.6572831606165             169.16596434728694            565                           5130                          1.4143728607206278            
49124                         6                             661.6572831606165             159.46248728020166            524                           5198                          1.3432330848342147            
49353                         6                             661.6572831606168             171.05836386360815            567                           5313                          1.488239441504916             
49579                         6                             661.6572831606168             161.13794519421208            528                           5197                          1.390946142781012             
50331                         6                             661.6572831606168             155.03736405596186            507                           5141                          1.498039438217143             
50378                         6                             661.6572831606167             172.27780888070077            577                           5423                          1.4033255601831756            
50539                         6                             661.6572831606165             157.41262259670714            515                           5036                          1.347998976465596             
50965                         6                             661.6572831606164             155.57764942834137            517                           5142                          1.518160305991416             
51248                         6                             661.6572831606167             173.8583829064918             587                           5319                          1.3705855207404716            
51615                         6                             19.269076564744417            7.525982335126503             25                            173                           1.3655816177575466            
52610                         6                             661.6572831606165             162.46523246092465            541                           5150                          1.5421915810614837            
52846                         6                             661.6572831606165             160.1812222581387             532                           5212                          0.06515577126835943           
53039                         6                             620.1578440004092             145.31642850639523            490                           4913                          1.426742532112339             
53870                         6                             141.16250798327505            30.88207177401027             99                            1139                          1.404527527786271             
54767                         6                             661.6572831606167             168.16177243286046            562                           5510                          1.2842418952711792            
55798                         6                             661.6572831606165             156.46837604270127            520                           5350                          0.2695388782965999            
55956                         6                             661.6572831606163             173.06916289935677            565                           5385                          1.4843198652638248            
56487                         6                             661.6572831606162             172.88674684580178            571                           5432                          1.3753361291376103            
56608                         6                             661.6572831606164             155.78285789237574            518                           5158                          1.5062984053512074            
56876                         6                             661.6572831606168             158.9125611593453             534                           5253                          1.5161665450609627            
57006                         6                             661.6572831606167             171.6940262742056             575                           5426                          1.3660883641939772            
57287                         6                             531.9191954942644             131.0448873712328             435                           4322                          1.4047441331581068            
57563                         6                             661.6572831606164             170.03107020876826            570                           5267                          1.5221435832219194            
57746                         6                             661.6572831606165             167.5696731639267             552                           5265                          1.149133058800006             
59021                         6                             534.4952362339667             129.1281914456326             424                           4312                          1.4987901547481919            
59597                         6                             39.38899321424583             10.846969312542265            35                            277                           1.4633771396325086            
59706                         6                             661.6572831606167             158.05910298268168            531                           5256                          1.1236638899164682            
59741                         6                             661.6572831606167             166.807672177131              554                           5327                          0.0929706596427817            
59915                         6                             661.6572831606164             160.7711798347252             529                           5114                          1.3964844466749562            
59964                         6                             641.5145614804861             154.41629030793914            521                           5061                          1.461932623658825             
60310                         6                             36.39175152923392             9.055375645116474             31                            256                           1.3994473962057414            
60723                         6                             376.46159879079045            93.22208839053116             309                           2948                          1.3658940117694138            
61787                         6                             661.6572831606164             167.22095307403274            556                           5336                          0.08012414707085323           
61809                         6                             661.6572831606165             161.9801217259093             544                           5268                          0.8161381264873486            
61826                         6                             661.6572831606167             172.1046616771798             565                           5295                          1.4703313992411513            
62076                         6                             661.6572831606165             171.65299268972822            571                           5239                          1.4279755092699404            
62188                         6                             31.818710434459312            5.997907119006025             20                            232                           1.4987881160277428            
62530                         6                             605.9675663152049             150.09364642227135            497                           5002                          1.5044596945948252            
62591                         6                             54.82416664901168             8.228026660776589             28                            419                           0.05230932894582375           
62803                         6                             43.24017743443542             11.100898871630433            39                            349                           1.3134157267419377            
62820                         6                             661.6572831606165             163.59107689708395            541                           5279                          0.07360980368646193           
62842                         6                             661.6572831606165             159.41423870353887            525                           5298                          0.10133044937563215           
62883                         6                             590.9384571198177             141.10417858017559            466                           4706                          1.4345461415929528            
64022                         6                             109.27184117003517            29.051485874531373            96                            791                           1.3974835200281854            
64782                         6                             29.398268719458276            7.5718123845383225            26                            227                           1.231824242364902             
64911                         6                             661.6572831606162             160.83533142575618            535                           5417                          0.25428382519481074           
66053                         6                             661.6572831606165             167.66565196993534            563                           5295                          0.06751336273199363           
66939                         6                             661.6572831606164             164.92575703093172            535                           5106                          1.414832019376011             
67297                         6                             592.2520743447063             143.23707707228624            481                           4922                          1.4766777841751284            
68062                         6                             497.3418720594694             118.41510476005065            390                           3906                          1.430096595540521             
68480                         6                             661.6572831606168             157.65745820852578            525                           5174                          1.265337186165692             
70703                         6                             661.6572831606165             167.38085386726817            562                           5291                          1.0297155275379004            
71071                         6                             661.6572831606162             160.53739835556374            529                           5190                          1.386907186011682             
71633                         6                             661.6572831606167             161.10113477320613            534                           5353                          1.480483387048142             
71701                         6                             267.8595385104054             63.331259843259026            206                           2044                          1.405028450875097             
71830                         6                             202.46125301911826            42.565792706744205            140                           1514                          1.4121076077419756            
71963                         6                             661.6572831606165             159.45365035158216            523                           5199                          0.5474225279423925            
72666                         6                             103.70250413864697            24.978426867960373            83                            744                           0.37136901822462304           
72684                         6                             192.37475005906546            49.33193707041417             163                           1535                          1.3896434711579184            
72889                         6                             661.6572831606165             166.48130525564284            557                           5218                          0.21933304631103417           
73586                         6                             661.6572831606164             176.90006004615856            576                           5336                          0.4346652335604666            
73863                         6                             195.18863750597689            48.005801913388986            158                           1586                          1.4686783020925878            
74300                         6                             661.6572831606165             169.24397521383767            560                           5291                          1.53746715754462              
74328                         6                             437.9710593850282             105.6428346446622             353                           3399                          0.41912265888777245           
75027                         6                             661.6572831606165             165.56516125931572            541                           5283                          1.478884983523459             
75401                         6                             661.6572831606165             164.50686475152864            548                           5195                          0.9307295745160701            
75637                         6                             31.818763236785706            4.379193576096189             16                            211                           1.439180657399387             
75724                         6                             661.6572831606165             160.55363224185487            529                           5177                          1.4481432487254413            
75738                         6                             661.6572831606167             159.83536318325176            528                           5475                          0.0403978021933437            
75806                         6                             661.6572831606163             171.91261917971462            570                           5440                          1.4060964331597021            
76151                         6                             661.6572831606164             167.55650195221688            552                           5240                          1.3987614757100615            
76561                         6                             661.6572831606163             165.44930241850426            546                           5414                          1.5073989027156074            
76958                         6                             57.31734124191584             12.37085914224297             42                            462                           1.461540423738776             
77463                         6                             661.6572831606168             159.4333649603405             530                           5268                          1.4506680995975825            
77495                         6                             661.6572831606165             160.7396950237056             534                           5240                          0.10999808497506068           
78197                         6                             661.6572831606165             163.10048517921817            545                           5238                          1.402298019901831             
78364                         6                             199.55495734175935            51.50067731830603             168                           1625                          1.4137133979813998            
79052                         6                             661.6572831606167             163.2414944652697             535                           5154                          1.4354697389516156            
79782                         6                             174.68278752209747            39.06668385549708             129                           1219                          0.4473115839919293            
81408                         6                             19.77732939912314             6.240449348122235             20                            144                           1.4196588836192543            
81411                         6                             661.6572831606167             163.5882590629625             541                           5305                          0.34188026181756215           
81527                         6                             661.6572831606169             153.77102548901212            512                           5172                          0.053739768920958296          
82328                         6                             35.65926269783736             8.821129300014729             29                            264                           1.4345298479775885            
82357                         6                             661.6572831606165             150.69781804380924            500                           5175                          1.348516291449294             
84763                         6                             584.0139577258958             145.81362163445047            489                           4696                          0.07670509108619128           
85310                         6                             661.6572831606168             154.68855905816434            515                           5226                          1.320942749919653             
85484                         6                             661.6572831606164             164.81358565006624            546                           5095                          1.285129618360716             
85710                         6                             661.6572831606165             155.04005298828503            523                           5113                          1.3592166061505604            
85857                         6                             661.6572831606165             166.51378993051648            550                           5210                          1.4430108480293606            
86045                         6                             661.6572831606165             175.3707123141526             577                           5244                          1.3772325972782051            
86261                         6                             661.6572831606165             152.80581675566978            514                           5258                          1.4588948919113722            
86949                         6                             592.4292319880186             150.76445607468736            498                           4776                          1.530497411998184             
87154                         6                             139.10300316634226            36.291984510335276            120                           1107                          1.3507052281725886            
88214                         6                             661.6572831606165             173.5364648555513             573                           5347                          1.316949717208921             
88301                         6                             661.6572831606165             162.922543228252              542                           5211                          0.3176496208786549            
89212                         6                             573.9921831606168             134.11191025527577            445                           4579                          1.520444931835765             
89335                         6                             661.6572831606165             174.9026423989636             572                           5128                          1.4313792879161222            
90683                         6                             549.2959877989548             131.33255168865526            442                           4267                          1.1743713881660205            
91011                         6                             661.6572831606163             163.6958202678654             539                           5166                          1.5236871436662545            
91270                         6                             630.926589659067              140.67776630715687            464                           4911                          1.1614487327150662            
91471                         6                             661.6572831606164             149.2055816287774             498                           5204                          1.4281084353325966            
93131                         6                             661.6572831606163             160.24336604862984            534                           5174                          1.2287531998130845            
93396                         6                             661.6572831606167             158.3828124417621             522                           5224                          1.316563165721378             
93424                         6                             661.6572831606168             149.39737770914616            500                           5350                          1.4132733735042764            
94316                         6                             661.6572831606165             162.7756494443433             537                           5244                          1.3902970050247454            
95643                         6                             661.6572831606164             171.57159551242376            569                           5200                          1.3145965955749102            
95865                         6                             590.2982135450628             156.26045466521117            512                           4721                          1.4211654789709862            
96271                         6                             569.0355676966957             141.72927328672068            477                           4603                          1.5053935049351261            
96604                         6                             661.6572831606168             156.46352733139386            518                           5316                          1.3606314099252734            
96681                         6                             313.4309918267904             86.25120289246243             284                           2655                          1.2526686149191772            
97663                         6                             448.5134942253212             110.97253747672826            366                           3625                          1.3714393036899744            
97700                         6                             531.556199821485              129.64254627827083            436                           4213                          0.7530096576294799            
97878                         6                             661.6572831606165             163.46144970715508            542                           5346                          0.9647273955670399            
98030                         6                             661.6572831606165             171.21365406601856            571                           5275                          1.1442872066362386            
98287                         6                             372.3265936319128             89.5602650445538              305                           2911                          1.4375743485554489            
98502                         6                             655.8492098885542             165.90719033303017            547                           5198                          1.5098524536875662            
98718                         6                             45.098847487499036            9.619518693012328             31                            337                           0.7977835563596065            
98798                         6                             501.9257629250966             122.03067053614237            407                           3967                          1.4471270451240912            
99518                         6                             228.65496044300662            48.872462400649695            162                           1782                          0.08435342270398795           
99548                         6                             661.6572831606165             164.2493807408937             552                           5327                          1.0729694147734974            
877                           7                             661.6572831606163             168.00173086619333            564                           5327                          0.4272738502962372            
1319                          7                             661.6572831606167             165.3815431078446             547                           5297                          1.4500341772908683            
1521                          7                             32.20578857709096             9.937566079502838             32                            232                           1.4821574249040657            
1594                          7                             86.30266167797976             21.7705295784022              73                            684                           1.4472703240317712            
2477                          7                             516.2372336577876             134.25670607422418            451                           4108                          0.08550850208088522           
2827                          7                             661.6572831606164             163.4157375482155             543                           5374                          0.1913058693321981            
3244                          7                             525.9219029996359             132.08495860244702            440                           4265                          1.18206309189941              
3470                          7                             661.6572831606165             163.61862879829008            556                           5217                          1.4382809707643218            
3728                          7                             661.6572831606165             152.98481160672637            502                           5328                          1.1611530604795413            
4024                          7                             357.338449641035              97.55360424560628             321                           2861                          1.4635975678764237            
4165                          7                             661.6572831606167             165.65914238780155            562                           5126                          1.3354852814846079            
4327                          7                             661.6572831606165             164.70769136544038            537                           5380                          0.8510654748228019            
5007                          7                             37.26033069648673             5.460282641320691             19                            205                           1.4697027400046785            
5193                          7                             390.7666535691927             97.43349021648447             322                           3126                          1.4258066718549922            
6785                          7                             262.6379397105739             66.15089031579211             213                           2156                          0.04956512947515519           
7671                          7                             661.6572831606168             163.81087740447884            545                           5265                          0.8550542818123369            
9335                          7                             661.6572831606165             141.3268861653799             458                           4983                          0.569753043155542             
9439                          7                             661.6572831606168             170.32734841594586            554                           5292                          1.4384665469362083            
9832                          7                             661.6572831606167             163.3957797847177             534                           5327                          1.2239098424851949            
10502                         7                             331.4595340804408             79.41232312549458             267                           2758                          1.4776761728992533            
10924                         7                             661.6572831606165             153.40046030075214            517                           5316                          1.4179275904739348            
11302                         7                             661.6572831606162             178.1672460584048             589                           5305                          0.6981231033925903            
11352                         7                             278.16651567436304            68.31396802458447             230                           2198                          1.3568828811069353            
12060                         7                             661.6572831606163             173.5289595284402             572                           5405                          1.5576816375778542            
12781                         7                             661.6572831606165             173.6075682593912             572                           5327                          0.6016029751666179            
12831                         7                             32.20578865428437             8.823304015833319             27                            211                           1.5188397870829093            
14506                         7                             661.6572831606162             160.48319631219016            536                           5294                          1.5174142392609253            
14578                         7                             661.6572831606168             162.99236919797454            540                           5146                          0.07458209018384448           
15096                         7                             502.53429113518547            124.3865265609989             408                           4035                          1.4168725765013703            
15431                         7                             661.6572831606165             155.68007919749996            514                           5158                          1.4307752645180352            
16250                         7                             661.6572831606165             171.59765903940567            565                           5376                          1.0868719194844985            
17852                         7                             363.7729868718309             79.71727154841687             267                           2905                          1.3626692879495546            
18102                         7                             636.3488983814306             158.55457583888014            526                           4986                          1.4954803242178243            
18427                         7                             661.6572831606165             155.26352903557557            516                           5251                          0.7010440808095852            
19021                         7                             661.6572831606165             158.11442669865013            521                           5251                          1.3927469635462306            
20068                         7                             661.6572831606167             153.9364910648008             517                           5123                          1.3620228538969579            
20564                         7                             127.64852923510722            31.15699647563139             103                           942                           1.3826196522262404            
21160                         7                             181.61928696472916            48.28592027047256             153                           1356                          1.35890191803731              
21525                         7                             661.6572831606167             175.6939848083643             588                           5222                          0.27310689994856546           
21892                         7                             661.657283160617              170.35482532596865            563                           5295                          0.4115786054434199            
21897                         7                             661.6572831606165             172.29286058511306            570                           5337                          1.550534766844501             
22210                         7                             661.6572831606168             169.55059352435268            561                           5342                          1.5009361214989427            
22801                         7                             118.5089109614432             29.598678282674065            97                            921                           1.5129255615094295            
23039                         7                             661.6572831606168             166.5237394693767             549                           5323                          1.487488325742515             
23242                         7                             661.6572831606165             173.72622077490448            571                           5237                          0.2575311506255966            
23462                         7                             661.6572831606164             164.06672353124637            538                           5251                          1.4549468263819274            
23633                         7                             661.6572831606161             154.1201645992195             524                           5436                          1.512592476792641             
25862                         7                             661.6572831606167             159.4174073015838             527                           5372                          1.4296325612842518            
27796                         7                             661.6572831606163             173.73021670514714            580                           5247                          1.3712330692247383            
28525                         7                             661.6572831606161             182.48411116425729            608                           5297                          1.3921838480243216            
29244                         7                             661.6572831606165             154.248119125064              517                           5301                          1.5306541782262113            
29385                         7                             186.55031436766401            43.902631287209324            143                           1567                          1.6014192798221831            
29994                         7                             661.6572831606165             169.40818547999217            565                           5240                          1.3611858588600754            
30777                         7                             259.2672713162025             64.83956490774727             212                           2079                          0.3815370827151014            
31044                         7                             107.94557844023863            26.655971820554576            87                            879                           1.490053332102617             
31777                         7                             131.17510326209418            33.33302979142266             107                           946                           0.5608991130175545            
32269                         7                             403.19487457871867            93.51184300208564             311                           3208                          0.23086187771312777           
32316                         7                             661.6572831606168             169.928768773447              561                           5317                          0.2867584252471169            
32432                         7                             419.0990010640671             110.61498280713607            368                           3364                          0.8249663136699674            
32713                         7                             661.6572831606164             182.0671733782974             612                           5443                          1.4864644555732949            
32983                         7                             386.35307873704414            107.22529018017528            354                           3000                          0.9698953406934916            
34272                         7                             661.6572831606163             168.19719597263153            558                           5381                          1.608229778806677             
34301                         7                             287.1367382251847             69.25316913995012             229                           2173                          0.9412753844006749            
34441                         7                             36.31653173126418             6.822340305520359             21                            262                           1.4765352282068789            
34482                         7                             31.818854965080305            6.026622972009028             19                            202                           0.6055615393667342            
34531                         7                             32.20553129330109             8.168581958671757             27                            227                           0.056828143206696144          
34962                         7                             661.6572831606165             162.8846662755183             545                           5284                          0.05138076846356279           
35644                         7                             661.6572831606164             149.18166685842112            492                           5006                          0.07095557599052238           
35676                         7                             360.07818002926757            97.23353765049967             316                           3007                          1.43259918187998              
36628                         7                             520.8132646965528             131.5801237723873             442                           4172                          1.3023691605341832            
36772                         7                             67.06257236682076             14.348163531783303            47                            493                           0.8406793737202827            
38419                         7                             661.6572831606165             180.17133533939543            596                           5390                          1.1633872328277806            
38481                         7                             661.6572831606163             167.18586253611744            548                           5461                          0.12469333373854076           
38539                         7                             661.6572831606164             163.34545624059044            544                           5476                          1.5807307210304842            
38673                         7                             661.6572831606165             165.03992628524804            549                           5319                          1.4546913815187377            
38765                         7                             661.6572831606165             168.58752619660427            558                           5391                          1.4318537424957354            
39615                         7                             178.19926056403685            43.93049554389429             147                           1369                          1.4510599969897386            
39760                         7                             32.20571752727837             7.916932686097714             26                            230                           1.4762202531722652            
40662                         7                             661.6572831606171             171.06744905696536            569                           5312                          0.3900318497413291            
41278                         7                             661.6572831606164             173.0453372127335             575                           5374                          0.06914990830454314           
41773                         7                             661.6572831606164             155.35519320548565            519                           5210                          1.5058999343274242            
41882                         7                             661.6572831606165             167.9351844097056             547                           5311                          1.516357826739927             
42068                         7                             156.52260653660093            35.33765047859043             120                           1211                          1.3706478142019543            
42685                         7                             596.347852542284              160.3231129844136             530                           4786                          1.462048225602799             
42923                         7                             36.39226017732821             8.485169844551233             27                            272                           0.3157236619254718            
43108                         7                             158.3529445727018             37.773830022703606            131                           1225                          1.4051189317559487            
43129                         7                             661.6572831606165             156.27111297851053            517                           5249                          0.07220405415997769           
43558                         7                             240.287994824463              55.29448044526264             189                           1916                          0.3396252618177995            
44343                         7                             661.6572831606162             165.9315715855732             535                           5146                          1.3633645332815785            
45897                         7                             561.7210514547385             145.54653671718296            488                           4475                          0.4934036257685096            
46754                         7                             661.6572831606162             159.5359420677938             533                           5408                          1.4343849582415809            
46837                         7                             11.334206093796983            2.576229499829112             8                             78                            1.2887849568508913            
46862                         7                             661.6572831606165             174.72882610924333            586                           5298                          1.407737954383962             
48335                         7                             661.6572831606163             161.0440851549724             530                           5130                          0.021818939755409203          
48658                         7                             596.5689914938578             145.42858335647838            489                           4719                          1.5463616860415472            
49163                         7                             661.6572831606165             151.37762174444757            499                           5228                          1.4066963463480087            
49379                         7                             137.933090404128              36.25988691348468             120                           1120                          1.2843028602738622            
49576                         7                             661.6572831606165             174.62837276970822            569                           5284                          1.321496548019675             
50521                         7                             661.6572831606168             166.8075053643882             545                           5220                          0.3168328915648824            
51296                         7                             661.6572831606163             170.70186051978044            567                           5196                          1.518511984563646             
52867                         7                             208.38639602380394            48.962250605037305            168                           1586                          1.4517950242319415            
53108                         7                             661.6572831606165             152.7971538910883             501                           5068                          1.4964866648369695            
55185                         7                             610.0975384378117             152.01108258899504            503                           4861                          0.43693366679909984           
56275                         7                             661.6572831606165             171.53893442066422            564                           5234                          1.3305930336733032            
56980                         7                             661.6572831606163             163.9031680215996             544                           5307                          1.3305276877793517            
57107                         7                             163.22687452103463            39.04483464113643             133                           1322                          1.4950583110783957            
57386                         7                             661.6572831606165             161.84302382299572            542                           5432                          1.4385189267349245            
58032                         7                             215.64072475302484            60.6742435157149              198                           1775                          0.34705208521733116           
59994                         7                             75.25000000000001             14.290425132123515            49                            555                           1.4215702536973174            
60175                         7                             661.6572831606168             150.55019473433563            496                           5147                          0.5246838859077994            
60353                         7                             661.6572831606164             171.18298059050596            565                           5208                          0.12903141201222695           
60427                         7                             534.7030416088742             133.33135462689657            438                           4245                          1.3147370974862724            
60615                         7                             661.6572831606167             173.27791712152637            574                           5214                          1.4941853340477271            
61607                         7                             661.6572831606167             153.37168040776154            511                           5317                          1.1686504268776194            
61783                         7                             474.23476432230814            111.11420971694882            369                           3737                          1.5187915185078593            
62341                         7                             661.6572831606164             151.88885660048345            507                           5364                          1.350475370862768             
62957                         7                             661.6572831606164             170.52908471600747            557                           5082                          0.9746305754696144            
63316                         7                             661.6572831606165             154.55855497873705            512                           5148                          1.3360380188781757            
63363                         7                             661.6572831606164             165.42635520491552            554                           5465                          1.4870822603525808            
64016                         7                             661.6572831606165             169.48096082614504            552                           5235                          1.3556990963174955            
64025                         7                             153.54041585893106            35.78876535726634             118                           1148                          1.4593479939178349            
64357                         7                             456.24018673762953            118.51459863465296            395                           3746                          1.4719079203359293            
65611                         7                             661.6572831606168             168.53742726916022            548                           5385                          0.3104711881862553            
65615                         7                             661.6572831606165             167.78476415544452            558                           5308                          1.0400987291625654            
66079                         7                             633.9361218265424             166.65561549776572            553                           5122                          1.4620587707579171            
67080                         7                             180.15999946272024            43.908528177795674            146                           1440                          1.4658704784377108            
67460                         7                             661.6572831606168             166.91845915166402            556                           5320                          1.4586328196906486            
68125                         7                             661.6572831606165             162.00208471721297            541                           5306                          0.3851074240218243            
68361                         7                             661.6572831606163             160.3742059705787             534                           5132                          1.4690711721820242            
68601                         7                             661.6572831606165             160.2888167537161             535                           5437                          1.4238903938314893            
68637                         7                             661.6572831606163             160.30108905305227            526                           5255                          1.4100771266037282            
68875                         7                             661.6572831606164             146.49738530791313            485                           5243                          1.4099847783317228            
69072                         7                             661.6572831606169             153.40567489323303            511                           5174                          1.394158485281713             
69487                         7                             661.6572831606165             167.15789183249453            553                           5427                          1.2797493068873904            
69649                         7                             573.9921831606165             141.74925929511764            470                           4552                          1.3550841100333135            
69980                         7                             36.39171360223381             7.370089792381408             25                            281                           1.467015348853606             
70351                         7                             661.6572831606165             172.8042222642917             577                           5347                          1.2410730916470727            
70629                         7                             661.6572831606167             162.61866889173166            532                           5212                          0.06622417627158364           
70739                         7                             444.05004844524063            110.77289190134817            364                           3511                          1.5203984553988952            
72101                         7                             661.6572831606163             155.60524034207924            516                           5181                          1.417986506988926             
72476                         7                             364.1258526274375             91.47667626003654             295                           2906                          0.9644171159561647            
73098                         7                             661.6572831606168             177.52402923874627            595                           5218                          1.364847418729562             
73623                         7                             661.6572831606165             148.01951087823645            497                           5236                          0.7896490017285617            
73980                         7                             661.6572831606167             155.83857289178033            516                           5227                          1.5662972455727364            
74776                         7                             73.03900000000002             17.15009951765417             55                            556                           1.3032315374726067            
75460                         7                             661.6572831606164             160.68412666084743            531                           5332                          1.3641146936389192            
76036                         7                             171.7148965460323             38.83315432191103             129                           1303                          0.14885642396848356           
76225                         7                             661.6572831606162             167.3120025427065             560                           5325                          1.4032463759418226            
76449                         7                             661.6572831606165             165.82748566691703            546                           5281                          0.33950250340327076           
76504                         7                             661.6572831606167             157.72983647621948            525                           5282                          1.4769171155889178            
76589                         7                             36.31693603531935             10.223933598094929            37                            278                           1.4542276715579303            
76632                         7                             661.6572831606163             151.69676070968757            502                           5122                          1.3897839101952094            
76852                         7                             547.2124523559631             136.13316402874932            459                           4342                          0.09442998642102142           
78303                         7                             32.20567115655576             8.35730215711013              29                            258                           1.3306725769008942            
78473                         7                             661.6572831606165             165.0792116951858             548                           5195                          1.2051485434669533            
79003                         7                             263.6448276255464             63.551149639758094            208                           2033                          0.07494506009808104           
79829                         7                             661.6572831606163             174.83978623414552            581                           5345                          1.4489763080071043            
80794                         7                             66.51232239307724             14.59984147123556             49                            457                           0.553402790808806             
82720                         7                             661.6572831606165             171.9401441331578             565                           5342                          1.5335010658329837            
82858                         7                             661.6572831606168             160.55964329735238            525                           5332                          0.1286459075511467            
83133                         7                             58.00916061912985             13.650234999009959            46                            444                           1.5033803797434264            
83621                         7                             237.6139053811743             65.82131406519801             210                           1900                          1.3962413165986032            
84001                         7                             661.6572831606167             168.82555471533664            558                           5286                          0.12124713544883459           
84246                         7                             661.6572831606163             161.66455178374844            536                           5121                          0.5652101532496001            
84280                         7                             661.6572831606169             154.3232730458923             514                           5418                          1.4758048623303117            
84306                         7                             661.6572831606167             161.7746820628939             538                           5127                          1.418046475788923             
84799                         7                             661.6572831606168             159.43505101682578            525                           5194                          1.3621306332771372            
84951                         7                             605.4808936572176             134.57792491585457            455                           4856                          1.4194079930906742            
85051                         7                             661.6572831606168             169.72320469071974            561                           5303                          1.3941157804949031            
86397                         7                             661.6572831606167             160.2144648992704             532                           5243                          1.1933875795077076            
86633                         7                             661.657283160617              168.31716728076586            569                           5209                          1.4861578661125203            
87671                         7                             586.5932831606165             137.5338441677419             466                           4662                          1.410282446604667             
87840                         7                             170.87734178029982            32.701230272953225            109                           1224                          1.4918365287007282            
88114                         7                             580.1544450615589             137.97837281572376            461                           4563                          1.21635815507207              
88122                         7                             568.8682139823425             139.77891964693856            461                           4550                          0.2859699755432664            
88707                         7                             609.1955485932745             143.42549302034345            480                           4777                          1.2130976610777675            
89044                         7                             661.6572831606163             169.6857772081602             558                           5275                          1.223465467011291             
89155                         7                             661.6572831606163             174.6651787386507             573                           5343                          1.2643386070140903            
90014                         7                             535.2517127728388             144.02316767735581            476                           4215                          1.4889698397204456            
90581                         7                             661.6572831606164             175.63530352337082            570                           5422                          1.5214284782841703            
90696                         7                             661.6572831606162             179.40276055831555            582                           5265                          1.2598472435362225            
91079                         7                             444.7942673498998             103.0917809992412             343                           3526                          1.5232653233474114            
91217                         7                             661.6572831606165             156.593498755178              521                           5192                          1.5532971650453709            
91312                         7                             434.9953255612812             105.79052834443685            357                           3458                          0.9043370323643043            
91563                         7                             441.74209371445903            101.74805605226604            338                           3553                          1.3766268161267772            
91823                         7                             372.05105311195143            93.30456375163996             309                           2989                          0.938091334789237             
92141                         7                             661.6572831606169             162.73711953042218            541                           5207                          0.8934020298958696            
92498                         7                             661.6572831606161             169.97038565042791            553                           5221                          0.8162126893487087            
93058                         7                             661.6572831606167             155.93258560035048            512                           5080                          1.423695673237501             
93224                         7                             661.657283160617              157.76824019044983            518                           5113                          1.4726949989997133            
93335                         7                             232.16811819953818            58.80182270341882             202                           1890                          1.3566835727099786            
93531                         7                             661.6572831606167             159.03501007217088            530                           5204                          1.3799641541430097            
93658                         7                             661.6572831606164             168.86143787460404            554                           5133                          0.528903330330392             
93677                         7                             661.6572831606164             168.86247904956394            551                           5481                          1.4006121170596095            
93694                         7                             295.77094650108796            72.95457908145995             244                           2332                          1.4739440162213664            
95727                         7                             661.6572831606167             175.7858130886541             587                           5289                          1.4678765353180006            
95910                         7                             204.74204781756345            51.09533000152565             169                           1608                          0.6411645608552884            
96909                         7                             571.1232831606161             135.8685252055091             447                           4466                          1.5472611327276262            
97001                         7                             661.6572831606168             164.805943918887              553                           5110                          0.4475366642168375            
97070                         7                             661.6572831606167             175.24781205188333            584                           5380                          1.186874183240581             
97537                         7                             661.6572831606167             160.4154286429814             532                           5328                          1.4515375538686466            
98038                         7                             67.95852650145396             17.653414752464247            56                            521                           1.538052946636482             
98047                         7                             661.6572831606167             168.4812110358029             562                           5208                          1.4026240822264122            
98424                         7                             661.6572831606163             166.50347381734446            554                           5243                          0.14949159572391973           
99122                         7                             661.6572831606167             156.5738955988087             522                           5411                          1.485081992281828             
99516                         7                             661.6572831606165             160.2182810496658             532                           5203                          1.4627628733151554            
99816                         7                             290.15533399150377            67.18689026905248             222                           2316                          1.3742407339625906            
32                            8                             661.6572831606163             163.0354710834094             535                           5184                          1.404731420596011             
319                           8                             36.39216282785147             8.113329632808892             25                            288                           0.5871155868132771            
663                           8                             661.6572831606171             165.14399745770208            547                           5344                          1.420967611232416             
849                           8                             661.6572831606165             161.11835238979705            539                           5024                          0.0679398170499403            
1003                          8                             120.69552551616778            28.54009119105264             94                            892                           1.4476482006089544            
1360                          8                             271.5232035101684             64.36177726242944             210                           2099                          1.4201549195036485            
1855                          8                             661.6572831606168             148.17625539965883            505                           5116                          0.24695574839703605           
1881                          8                             661.6572831606165             169.57553545301604            553                           5324                          0.5598453199916549            
2211                          8                             551.0760261113085             126.2509813888512             409                           4288                          1.322673290001403             
2363                          8                             661.6572831606163             167.5804514162714             557                           5165                          1.4712911067223882            
2552                          8                             494.9381965156564             125.89243625413877            414                           3895                          1.0959322061259336            
2707                          8                             574.808374247577              144.80932178694772            489                           4577                          1.4777829775110929            
2906                          8                             520.3308001277342             124.9025982497972             415                           4219                          1.1026550533216757            
3486                          8                             20.700548336025967            2.8933415281707857            10                            140                           1.284771090407101             
4179                          8                             661.6572831606164             151.93024330034999            506                           5161                          1.097590744751991             
4742                          8                             661.6572831606165             169.6785772474992             567                           5334                          0.025612073980510044          
5364                          8                             661.6572831606165             156.70450404628852            513                           5280                          1.3405135778834218            
5775                          8                             661.6572831606165             169.51760004107481            559                           5390                          1.4914277216610323            
6313                          8                             48.76602315051448             11.783468491731169            37                            358                           1.3634728434433918            
6329                          8                             661.6572831606168             165.54083468068782            543                           5381                          1.4794108293389752            
6456                          8                             75.25                         15.675999616077803            54                            592                           0.09935465906194917           
7714                          8                             453.34304754629375            120.78715009375121            402                           3762                          1.4370300987459015            
7898                          8                             360.8010633207625             89.94778702976043             301                           2910                          0.13933594547543623           
8700                          8                             661.6572831606165             157.10687085961612            520                           5349                          1.0611107193151206            
9393                          8                             661.6572831606164             167.28984568326234            558                           5285                          0.7884467086671738            
9845                          8                             451.9129553027111             116.20155467126708            383                           3628                          1.37318234768173              
10120                         8                             518.0676434726755             126.46424043915113            417                           4126                          1.4762255146260796            
10232                         8                             661.6572831606167             163.95756727236073            545                           5196                          1.0154294573253784            
11041                         8                             661.6572831606163             166.36772409004473            553                           5252                          1.1062272049438377            
11070                         8                             157.11139952858136            28.26802215959935             96                            1183                          1.4391678753262642            
11082                         8                             661.6572831606164             180.63880423508044            598                           5333                          1.4612514181982352            
11209                         8                             661.6572831606164             160.21624487424506            535                           5152                          0.2529775921899345            
11334                         8                             661.6572831606164             169.93127561951172            567                           5469                          1.5813123171238808            
12159                         8                             661.6572831606167             164.60790721133898            541                           5394                          1.4107474841973349            
12414                         8                             596.8838495695499             144.69330312448508            476                           4662                          1.4953077886986588            
12761                         8                             661.6572831606165             168.83247331265474            564                           5253                          1.4382922515282852            
12772                         8                             661.6572831606165             157.22365489062815            517                           5128                          1.2613487835372734            
14151                         8                             190.3367026911124             42.02375129916212             142                           1523                          1.482434620054696             
14957                         8                             542.3951840038393             132.24416604489917            438                           4389                          1.3702825944391939            
16186                         8                             661.6572831606167             152.3471591560157             507                           4846                          0.37232915877255485           
16220                         8                             47.29206806255181             9.899634792937785             32                            362                           1.1577533209859967            
16763                         8                             661.6572831606165             172.2066976430352             570                           5223                          1.3370426882345976            
16855                         8                             592.4754300808158             144.78152061921267            474                           4592                          0.08482165020744739           
17038                         8                             106.4201297720427             27.018463938951907            89                            792                           1.5114231577044315            
17908                         8                             661.6572831606164             162.751613394513              534                           5313                          1.259818271578695             
17982                         8                             661.6572831606162             163.73965933404818            544                           5257                          0.23441092516369272           
17994                         8                             661.6572831606168             158.07289853525577            527                           5224                          1.4187340177236756            
18134                         8                             73.03900000000002             16.494692031235363            57                            495                           1.4364216768964886            
18323                         8                             131.437967644626              35.12143483951818             123                           1041                          1.3879343166336056            
18848                         8                             661.6572831606169             160.79153714351844            539                           5461                          0.1476406479848203            
19047                         8                             661.6572831606164             148.7636335608574             499                           5189                          0.31672533925245083           
19171                         8                             31.721985296996266            10.281828595541718            34                            252                           1.4157930981155               
21263                         8                             661.6572831606165             168.91455612707261            559                           5364                          1.311966639755112             
21617                         8                             98.84376702339404             23.45883847337114             77                            773                           0.09059968945380867           
21970                         8                             313.6513271199956             81.32292517376737             270                           2507                          1.4796163711276518            
22033                         8                             491.6094557376791             115.2354891054549             391                           3914                          0.20611111813424926           
22532                         8                             661.6572831606163             152.86774872571596            506                           5174                          0.712587692906135             
23868                         8                             661.6572831606168             173.93506087043053            576                           5389                          1.0219409716554246            
24831                         8                             661.6572831606164             166.09022551260415            558                           5337                          1.3380299702871323            
25063                         8                             338.7619953356531             87.99428102706769             293                           2658                          1.5203659324073784            
25642                         8                             661.6572831606167             157.58424135660323            515                           5138                          1.4689009558542767            
25944                         8                             32.20585049112802             10.134438958917416            33                            232                           0.7730676775780394            
26259                         8                             661.6572831606168             156.87887747583076            520                           5315                          1.3705255710881594            
27133                         8                             661.6572831606167             170.75253265450095            575                           5443                          0.08727822204789405           
27589                         8                             661.6572831606165             146.81750725468135            494                           5347                          1.373114030686989             
27640                         8                             85.23540000000001             23.868926319475605            77                            678                           1.5105947628549048            
28651                         8                             331.894714734191              88.06887305479295             290                           2664                          1.300064391076492             
28840                         8                             661.6572831606165             162.90180477773407            548                           5187                          0.2064651239359323            
28952                         8                             661.6572831606167             161.76517708584385            542                           5100                          0.7691860546561766            
31263                         8                             32.20577249777028             6.043099917543988             19                            225                           1.4463583819781265            
31488                         8                             661.6572831606169             161.1670906701545             527                           5223                          1.4330672870936594            
31609                         8                             661.6572831606165             168.4648561925237             558                           5387                          0.05173473074852266           
31791                         8                             119.94925744220119            31.471097954080836            102                           954                           1.4017298192352088            
31894                         8                             661.6572831606164             161.2154236628905             529                           5210                          1.4729477488938336            
32074                         8                             661.6572831606167             152.3483091134502             506                           5202                          0.2724209706589237            
32674                         8                             56.62942550369886             12.436963790260005            43                            467                           1.4032019653779957            
32904                         8                             250.97139690954188            59.62156454918668             200                           2049                          1.3365562661976094            
32929                         8                             661.6572831606165             158.98960008365               531                           5180                          0.11122718652705534           
32998                         8                             494.8559828939527             117.11559357189803            392                           3885                          0.5293439719173874            
33386                         8                             661.6572831606163             147.4117403902592             483                           4997                          1.3949229961045986            
34104                         8                             396.01848821226844            104.64398764544949            346                           3279                          1.0355089638342732            
35322                         8                             661.6572831606165             163.0137541114742             540                           5405                          1.2834250011898107            
35994                         8                             614.921981786136              147.6232866456229             485                           4780                          0.9140775012087028            
36262                         8                             436.0906037821346             105.39199036196669            350                           3586                          1.4304267071426686            
36387                         8                             661.6572831606164             170.68875088675486            553                           5258                          1.28573384439622              
36584                         8                             566.1986256036946             138.6062077214655             460                           4395                          0.9284562930183506            
37400                         8                             351.6690568408611             83.66516856032197             276                           2732                          1.4766138421238608            
37598                         8                             77.90134141414075             21.565708515172858            69                            598                           1.214292166466194             
37649                         8                             404.90511550509734            95.7439375511547              316                           3131                          0.7308331961524088            
38474                         8                             661.6572831606165             162.00665983343836            530                           5292                          0.1845269480556779            
38540                         8                             661.6572831606165             156.4291959177991             519                           5197                          0.8368266156593662            
39526                         8                             661.6572831606167             151.23785637516846            506                           5230                          1.4063609741357772            
39706                         8                             276.85999753933567            69.94344536591585             229                           2166                          1.371838408472256             
41253                         8                             661.6572831606165             183.20804469649522            609                           5285                          1.3367051037158364            
41397                         8                             661.6572831606165             153.84228642703798            520                           5352                          0.6066973529833938            
42069                         8                             661.6572831606163             163.44429874141954            543                           5215                          1.6079743242063191            
42563                         8                             661.6572831606168             167.69275630422783            551                           5271                          1.364756041811636             
43468                         8                             326.67837223044575            82.58987348918501             275                           2592                          1.4327428797437336            
43612                         8                             661.6572831606165             160.2274521862129             538                           5113                          1.4555565155290493            
44041                         8                             661.6572831606165             158.9314633844808             533                           5338                          0.7250263004366846            
45405                         8                             542.7327070469227             122.53105291366455            414                           4304                          1.4230907682237457            
45797                         8                             661.6572831606168             164.18808239652736            552                           5338                          1.4037851804074801            
46238                         8                             232.7817758884325             55.295707711537204            184                           1766                          1.0852627945794442            
46519                         8                             114.7400367546464             30.08427938091863             92                            923                           1.4549146417798962            
46631                         8                             661.6572831606169             159.00356806934914            532                           5332                          0.4837806753994122            
46724                         8                             661.6572831606164             171.1826130432505             576                           5290                          0.25469795578175214           
46907                         8                             234.54585643300527            58.78352863967211             197                           1882                          1.399126548333217             
47234                         8                             661.6572831606167             167.21343092747153            548                           5216                          1.5105551845190268            
47450                         8                             214.69548965060386            56.37913987700579             182                           1600                          0.5182088505451987            
47571                         8                             661.6572831606168             152.94573519440806            507                           5267                          1.4599762325699448            
47624                         8                             406.1933936458011             101.72968667805705            335                           3122                          0.48766030875134825           
48580                         8                             139.35853293298308            39.330853350994296            130                           1100                          1.3403303835583888            
48889                         8                             661.6572831606167             162.5583618646488             542                           5333                          0.8887980555493399            
49160                         8                             201.7672635103141             46.709023261890465            155                           1601                          0.34210181603161616           
49241                         8                             661.6572831606162             156.61847152694784            518                           5310                          1.4324596356828987            
50268                         8                             661.6572831606164             157.1162896791562             522                           5250                          0.4103562310197185            
50332                         8                             163.85115633663835            36.62859868130846             120                           1355                          1.369610723896908             
50661                         8                             85.2354                       20.48072344947083             68                            660                           1.3819124713466322            
50732                         8                             661.6572831606163             152.640682754927              508                           5297                          0.3182419773885958            
51096                         8                             661.6572831606169             170.41009475134229            567                           5333                          0.17807499410945116           
51940                         8                             592.5418340353696             147.14358185227533            489                           4783                          1.3413728205502746            
52164                         8                             661.6572831606163             156.44888861372513            521                           5312                          1.494880473898003             
52375                         8                             543.4369998752471             136.62300309741659            446                           4261                          1.2969207663679394            
52632                         8                             661.6572831606167             170.23447040518872            557                           5239                          1.3736187520222596            
53258                         8                             395.3910017434628             88.21787393878027             296                           2960                          1.1885164380652733            
53567                         8                             42.18448835316735             13.541794399609124            46                            339                           1.4805354038976142            
53670                         8                             661.6572831606167             162.17328960723754            533                           5169                          0.7768468941864607            
54640                         8                             661.6572831606162             176.59534791533594            580                           5352                          0.11953149297982509           
55072                         8                             497.24822967139               135.75556814800152            454                           3747                          1.4085997961816497            
56547                         8                             661.6572831606164             164.7318876213577             534                           5434                          1.5381241392235365            
57426                         8                             661.6572831606165             158.1871789488136             530                           5322                          1.19489029678425              
57593                         8                             32.20535468931657             6.263486172798791             20                            227                           1.422696301142329             
57717                         8                             661.6572831606165             165.8030228518079             544                           5409                          1.393563760017614             
57863                         8                             156.4397883597146             37.17227228064417             121                           1183                          0.053486454510468184          
58544                         8                             189.05518828226167            44.07749728315305             147                           1485                          1.440258928313839             
58585                         8                             150.20051255613745            36.16129679433304             118                           1208                          0.3223538991643321            
59396                         8                             633.453119461698              162.47189332559455            543                           5123                          0.3869387391345754            
59908                         8                             661.6572831606163             157.28143250011667            527                           5077                          0.31688454020080026           
59997                         8                             136.200543163835              31.21411065189346             104                           1047                          1.4313097936497308            
60382                         8                             661.6572831606167             174.3549580038111             574                           5083                          1.3879675659700448            
60664                         8                             169.58199237011783            45.56625699966429             150                           1291                          0.2750405608603106            
60854                         8                             661.6572831606165             179.46098904850106            588                           5300                          1.5180564853409027            
60872                         8                             661.6572831606167             167.97736018484525            556                           5188                          0.39665850924483936           
61055                         8                             117.96717545449505            26.740870014467014            90                            918                           1.5586362078955516            
61073                         8                             661.6572831606163             159.32182284770792            528                           5192                          1.467432684898684             
61091                         8                             600.3118851091606             147.298879486649              493                           4817                          0.23685805673620106           
61434                         8                             561.1075967168201             145.71414069477999            485                           4525                          1.3989330286449642            
62192                         8                             661.6572831606164             165.61847274601817            545                           5076                          1.2994608597581752            
62516                         8                             560.7357891535213             140.87116701387333            462                           4498                          1.2820897607234087            
62680                         8                             661.6572831606163             156.36192563945588            519                           5307                          1.448050592372598             
62957                         8                             113.84374143138638            29.193177202996253            98                            869                           1.2205122005304305            
64417                         8                             661.6572831606163             169.9907441542022             562                           5317                          1.3727153043423557            
64697                         8                             661.6572831606167             165.56525722158668            545                           5088                          0.25831531481492365           
64803                         8                             661.6572831606165             174.33294297471824            570                           5182                          1.4865072475873022            
64824                         8                             593.3011432679008             143.68345730543282            477                           4542                          1.4409843588932327            
66203                         8                             661.6572831606163             156.8527724018459             532                           5163                          1.511369528521019             
68869                         8                             661.6572831606167             159.92252896992287            531                           5232                          1.2558049748955693            
68980                         8                             661.6572831606164             156.24339728144105            525                           5268                          1.3969459127591852            
69314                         8                             661.657283160617              162.2459201484503             544                           5305                          1.406545410451763             
70437                         8                             395.38983955993604            95.8449581122851              317                           3054                          1.3765759974963203            
70635                         8                             491.8244711797381             125.54725152052673            414                           3891                          1.4342071036952135            
71312                         8                             661.6572831606167             159.12881219606945            529                           5314                          0.8371841611751254            
71681                         8                             73.03900000000002             17.08823509820226             58                            447                           1.0991814705187208            
72110                         8                             661.6572831606168             168.27369673624457            559                           5204                          1.3928709054714867            
73122                         8                             661.6572831606165             159.3384813633586             520                           5183                          0.15177641239458767           
73326                         8                             420.53076189424723            99.75939990755408             329                           3432                          1.4755465974063244            
73713                         8                             661.6572831606165             167.61750093595043            567                           5238                          1.3860284624409727            
74053                         8                             661.6572831606165             162.2749271682032             526                           5300                          0.8724552679509514            
74162                         8                             463.7868371758863             111.12870777291258            380                           3802                          1.4821982561297344            
74887                         8                             426.49183540653473            110.27751293611945            371                           3412                          1.3981806413688636            
75795                         8                             576.340739629202              149.19750961644974            492                           4680                          0.9942032160917078            
76127                         8                             36.39223771335902             10.015595241495385            32                            268                           0.9745466167820781            
76237                         8                             33.49219481144172             6.9710767764116035            23                            276                           1.3020855362511643            
76501                         8                             661.6572831606165             159.06992265180702            527                           5008                          0.08582373013546732           
76715                         8                             661.6572831606164             172.1451942794505             579                           5245                          0.061274720837643244          
78144                         8                             193.50677096187115            48.00852508834233             154                           1531                          1.3907672884078135            
78613                         8                             661.6572831606164             163.73286230651786            543                           5181                          1.5204632569954075            
78823                         8                             35.174075645416536            7.9414573774842125            26                            269                           0.4145636465564331            
79113                         8                             312.823468793992              75.78103280927157             252                           2472                          1.4366981561018828            
79125                         8                             195.26943826530092            46.623060818284216            154                           1501                          0.0702562008765831            
80094                         8                             491.36697652492444            115.39283290823873            376                           3918                          0.6655169594108272            
80155                         8                             584.2502831606164             143.72757613409433            479                           4670                          0.40868899600982583           
80562                         8                             277.0005639074741             61.04128787132876             199                           2104                          1.000666718180947             
81153                         8                             661.6572831606164             167.65812106838143            555                           5285                          1.267715346122708             
81253                         8                             661.6572831606167             162.47406537144215            540                           5030                          0.530416288470546             
81267                         8                             661.6572831606165             159.02456167115952            534                           5277                          1.4680314090730728            
81596                         8                             661.6572831606165             170.63810615070193            562                           5348                          1.4297636358291759            
81974                         8                             136.4645835391901             37.18595876182112             123                           1066                          1.4015309822773112            
82413                         8                             145.28467896948447            36.3573105460635              118                           1109                          1.4864059166769024            
82732                         8                             661.6572831606168             165.2365647628566             552                           5298                          0.3249774373670237            
82963                         8                             661.6572831606164             151.0038151312955             504                           5138                          0.31482431567164065           
82964                         8                             504.0811483799598             132.5580862820008             433                           4129                          1.4586496817037813            
83505                         8                             32.20573653771758             8.139824999535309             26                            231                           1.330834227328367             
83891                         8                             661.6572831606168             178.13240466716636            592                           5300                          1.1526848901115958            
84193                         8                             661.6572831606168             148.73474514392805            488                           5005                          0.07081263238935981           
85167                         8                             661.6572831606165             169.786760237779              571                           5002                          1.568405455988796             
85441                         8                             661.6572831606168             170.3576911937784             559                           5207                          1.2981648843105402            
86027                         8                             661.6572831606167             172.37630527200454            569                           5131                          1.4968162233696116            
86068                         8                             661.6572831606167             152.08323320679185            503                           5069                          1.4879843761243245            
86641                         8                             640.5361089784124             159.2293929209278             527                           5097                          1.5086493470174536            
86821                         8                             661.6572831606165             158.90248975923515            532                           5312                          1.336207686494359             
86878                         8                             661.6572831606167             169.01528894511037            557                           5162                          1.3922436247889096            
87073                         8                             231.6864815183134             57.68801539774624             187                           1828                          1.4030902053745689            
87085                         8                             661.6572831606165             161.53446037886724            545                           5214                          1.4772244915813544            
87304                         8                             661.6572831606165             158.22026088347528            528                           5280                          0.4976980429053345            
87565                         8                             661.6572831606168             172.00896247137808            575                           5346                          1.4331765078505807            
87776                         8                             661.6572831606165             160.487978577755              540                           5127                          1.3914827650806445            
87860                         8                             661.6572831606164             164.08869360577347            544                           5316                          1.5133273498005324            
87917                         8                             661.6572831606167             155.5646010146703             520                           5167                          1.4165029322564664            
87944                         8                             661.6572831606165             178.86326142069086            593                           5304                          1.4405900622701462            
88463                         8                             661.6572831606165             168.5979028704629             560                           5222                          1.3717101701343763            
89177                         8                             661.6572831606163             166.6006394158381             558                           5269                          1.568745830192454             
89549                         8                             34.000772894304475            6.195689769924479             22                            259                           1.4742487937493456            
90213                         8                             661.6572831606165             163.45661816842136            556                           5295                          1.4682705164271526            
90395                         8                             75.25000000000001             13.10043531692648             42                            611                           0.05647904839340641           
90768                         8                             661.6572831606168             157.06883251290617            520                           5298                          1.4522400381808027            
91258                         8                             661.6572831606165             171.53613742268172            566                           5293                          0.11212532674163801           
91769                         8                             661.6572831606168             169.07255274465925            553                           5302                          1.3660911615977465            
93448                         8                             10.532827358689769            1.9106080472885365            6                             75                            1.5003921856115672            
93484                         8                             661.6572831606168             168.38783743794428            560                           5322                          1.4698923261642238            
94660                         8                             661.6572831606165             169.87209757646454            571                           5335                          0.016795146091802098          
94781                         8                             10.720556773920585            1.395376080722576             4                             70                            1.4794701849612757            
94795                         8                             255.153622278424              59.490875215839424            202                           1964                          1.4982363203029188            
95089                         8                             661.6572831606165             156.43379097423295            522                           5377                          0.011180742663352346          
96136                         8                             661.6572831606164             160.79907350692585            530                           5222                          0.5289795576792297            
96198                         8                             661.6572831606167             161.7152941524586             531                           5178                          1.3762340976577025            
97458                         8                             661.6572831606165             172.62076977109757            569                           5114                          1.4055636855195572            
97551                         8                             83.41010340004037             18.360956188543202            61                            662                           1.4099170331798927            
97742                         8                             661.6572831606167             157.10740665474688            515                           5154                          1.5086567426573558            
99025                         8                             661.6572831606167             168.204729713093              555                           5283                          0.16087005198959042           
387                           9                             525.7329608325277             125.53842501945152            424                           4200                          1.3729023637421065            
1156                          9                             31.818839198264207            8.884611802460304             30                            239                           1.4739046888439709            
1527                          9                             661.6572831606167             185.57434933692997            596                           5293                          1.1136996452516943            
2240                          9                             244.5555028096236             60.438002339619956            205                           1932                          0.07791197578273294           
3503                          9                             661.6572831606168             172.7326280320289             573                           5310                          1.5959108356517455            
3669                          9                             661.6572831606163             175.99474080328628            585                           5194                          0.5380231200008087            
4190                          9                             318.9854301585308             85.77324824732995             281                           2485                          1.513185123948564             
4983                          9                             503.43572354367603            122.15968789126067            399                           3933                          1.5455537939074022            
5024                          9                             661.6572831606163             156.43655154168906            513                           4975                          0.7450694271167664            
5144                          9                             445.66643926587085            99.00558880210009             328                           3379                          1.062572508903236             
5260                          9                             538.5008757284021             132.06626197481913            442                           4141                          1.3633207019377345            
5864                          9                             53.77313286456365             11.730324128590919            38                            415                           0.86675077096466              
6971                          9                             10.831946051389597            3.9724865054885585            13                            85                            1.1683131718968593            
7090                          9                             661.6572831606169             174.889138619742              581                           5215                          0.10117329803003634           
7456                          9                             661.6572831606165             158.23375256874056            525                           5189                          0.034069385609311185          
7594                          9                             661.6572831606165             158.6397511525579             523                           5191                          1.5364685477286377            
7767                          9                             43.47072605980384             8.69667788018837              28                            302                           1.3865352851226773            
8268                          9                             661.6572831606163             162.1474117246475             540                           5137                          1.3834579400585045            
9269                          9                             661.6572831606164             154.4792164698636             504                           5229                          0.07522684459723847           
9339                          9                             631.5879343911425             160.67469847870606            533                           5105                          1.4246000054023824            
9387                          9                             661.6572831606164             162.14485974004123            525                           5203                          1.3426688446496962            
9699                          9                             661.6572831606164             173.65019871189355            572                           5284                          1.4098060324185058            
9789                          9                             497.5312929828177             117.54965156252118            399                           3991                          1.400917098862383             
9864                          9                             106.34915838091885            33.01174142020134             109                           851                           1.5163324754028702            
10751                         9                             31.81871020631115             6.5440819483350445            21                            262                           1.0411812678375643            
10920                         9                             254.50683596366952            62.2367104922838              208                           2051                          0.2896137593726363            
11782                         9                             661.6572831606162             171.0481607870472             560                           5216                          0.0562251375771655            
12391                         9                             661.6572831606164             159.89922119375964            531                           5275                          0.54551187442521              
12482                         9                             661.6572831606165             164.6782077517347             548                           5280                          1.484609598699671             
12670                         9                             320.867999456375              71.6248044449435              237                           2476                          1.4047757694691356            
13543                         9                             661.6572831606165             156.80909312264862            525                           5295                          1.446903285168712             
14371                         9                             522.8059872989048             123.18938456513675            410                           4103                          0.6272722256030071            
15132                         9                             661.6572831606163             170.02103348870722            563                           5384                          1.385734097683803             
16330                         9                             661.6572831606167             154.0444636240451             508                           5222                          1.0843221039221227            
17406                         9                             661.6572831606163             169.52596787634798            559                           5179                          1.4856640170222042            
17937                         9                             661.6572831606165             151.38879260140627            502                           5246                          1.3421550923631502            
18206                         9                             167.58423544667437            42.272344586631476            140                           1347                          1.4868739887541071            
18502                         9                             661.6572831606164             159.41378923632377            528                           5325                          1.3317115796723569            
18930                         9                             484.6082110020546             126.15156873698422            413                           3920                          0.36960784818484943           
19253                         9                             206.70402689200847            50.38800399576592             166                           1658                          1.3944611743908988            
19413                         9                             471.7892997591472             122.57188362294562            399                           3677                          1.0959040633369468            
20504                         9                             78.66143325691702             19.904378254465637            65                            603                           0.438691271058576             
20864                         9                             90.4363281358437              21.406976082450054            73                            656                           1.060898936177609             
20922                         9                             376.63506482727234            90.8549882624576              306                           3112                          0.17318785565668804           
22000                         9                             584.2502831606165             146.7901014239001             481                           4744                          0.19063319561252512           
22903                         9                             32.205626843004               9.931482455114008             32                            256                           0.8054320355965687            
23464                         9                             276.4734023180975             71.53177316277097             235                           2134                          1.2760900675700624            
23850                         9                             653.9247773861861             158.14769627878132            525                           5365                          0.08489319659057425           
24012                         9                             422.4614210738794             108.22818025556722            360                           3440                          0.6226315381735856            
25026                         9                             661.6572831606168             173.42662655572818            569                           5405                          1.3858139449226288            
25829                         9                             661.6572831606164             161.54265620441814            541                           5155                          0.9474198602032918            
25945                         9                             407.5080353963262             96.81360751267374             329                           3214                          1.5139195200241469            
26286                         9                             32.20574082895398             9.114614602048363             29                            234                           1.427269929061287             
26478                         9                             185.92763189062202            42.139318102251764            142                           1439                          0.8614396436222522            
26731                         9                             584.0081640296723             142.9286798391421             467                           4527                          0.07870167634378399           
26912                         9                             648.061329995353              147.48917464406452            484                           5076                          0.37308992326049883           
28254                         9                             661.6572831606169             162.67173699435585            538                           5268                          1.248006499924589             
28573                         9                             661.6572831606164             167.97821016093357            558                           5161                          1.2868764883452128            
28730                         9                             661.6572831606163             156.05624582636486            527                           5103                          1.4280228817691132            
29861                         9                             204.46237124874733            50.24830720351197             168                           1590                          1.4686903897124566            
31035                         9                             653.0194286116523             156.8977771382769             516                           5023                          1.381170301801665             
31413                         9                             661.6572831606164             156.85792950684768            511                           5117                          0.4430941434227707            
31717                         9                             661.6572831606169             169.14638665934285            554                           5061                          1.366498060653202             
31780                         9                             661.6572831606169             166.12107668158063            550                           5313                          1.3681952288600263            
32705                         9                             109.87909458424566            23.91842051243314             78                            868                           1.4740599060510058            
33669                         9                             30.41388454400232             6.6533522237886045            22                            227                           1.4603599391530968            
33766                         9                             507.85194455998493            123.38090457276428            410                           4053                          0.20914297267428733           
34238                         9                             661.6572831606164             162.2557562159315             537                           5303                          0.05908690526961051           
34293                         9                             528.0080190134046             120.44828487340996            399                           4092                          1.0797534497390902            
34401                         9                             661.6572831606168             161.2051957868996             541                           5296                          1.4242541743483057            
35231                         9                             451.1668925242835             116.88975289629721            381                           3594                          1.0541393742057883            
35327                         9                             219.44656132858907            56.34686840703333             184                           1697                          1.423556179270954             
36952                         9                             661.6572831606163             164.50729800811405            545                           5303                          1.014186210573023             
37202                         9                             661.6572831606168             180.12515492657084            600                           5248                          0.49172841869236605           
38163                         9                             502.7538762999192             135.54118690291068            455                           4092                          1.4407320062024618            
38266                         9                             661.6572831606167             155.91738270037024            514                           5184                          1.5852914324538256            
38774                         9                             661.6572831606165             175.04132216612444            580                           5134                          1.1979154265158396            
39243                         9                             661.6572831606165             168.65729190966246            564                           5282                          1.3663051872028042            
39959                         9                             661.6572831606165             165.50729104009636            544                           5274                          1.5422876034103536            
40348                         9                             661.6572831606165             170.5565654314513             561                           5322                          1.4841859597749087            
40388                         9                             245.30113798719938            63.52621001057548             214                           1939                          1.4472848721041642            
40582                         9                             661.6572831606168             164.5690883283589             548                           5461                          1.489920241898368             
41283                         9                             522.0707160156376             123.79126187960493            423                           4166                          0.5642890063825161            
42083                         9                             129.77386242084785            37.7023417545845              125                           1066                          1.4471429042713624            
42385                         9                             661.6572831606168             151.33909773217593            497                           5159                          1.1062269664480655            
42434                         9                             661.6572831606164             162.18344564805298            544                           5300                          0.32868721966770637           
42566                         9                             76.29785795590824             20.3130734236841              65                            621                           1.3178412803897488            
42580                         9                             661.6572831606165             173.34494034684533            573                           5303                          1.4348859665200147            
42657                         9                             639.2429079250786             160.773334396503              535                           4924                          0.17420262846898626           
42697                         9                             661.6572831606164             145.43901794663947            482                           4948                          1.515242785759704             
42937                         9                             661.6572831606169             173.99066633712954            570                           5248                          1.4096107988926923            
44068                         9                             661.6572831606165             183.10615710149432            608                           5352                          1.2723659848288111            
44092                         9                             155.68428031373037            38.8746918265971              128                           1226                          1.5125212939123545            
44164                         9                             661.6572831606167             168.0933626161254             554                           5171                          1.6029354781688976            
44548                         9                             331.0503410731689             90.1485258293326              301                           2646                          0.3401379587535299            
46154                         9                             209.11533903843716            50.95240090119061             173                           1598                          1.468339596317715             
46516                         9                             661.6572831606164             166.07836276890552            547                           5161                          0.7936222694459726            
47184                         9                             661.6572831606165             147.8950971897863             490                           5263                          0.45207851202243343           
47688                         9                             484.03793597268304            127.87253799271015            422                           4031                          1.4550257320544033            
48253                         9                             661.6572831606167             161.91054412766115            540                           5100                          1.294451167823953             
48431                         9                             661.6572831606165             157.71174323566055            519                           5177                          1.118816755825013             
48575                         9                             645.5465039742895             170.53199879390237            571                           5117                          1.4292141088463586            
49039                         9                             33.768399317284036            6.5524022469360235            23                            222                           1.3749289812585688            
49476                         9                             661.6572831606163             161.798102235094              528                           5009                          1.5043888190284602            
49692                         9                             661.6572831606165             163.58055669113804            548                           5145                          0.05928670712954695           
49852                         9                             661.6572831606168             168.4829974759201             558                           5033                          1.40570569664246              
49878                         9                             661.6572831606167             185.50561867825928            610                           5394                          1.4418026522270373            
50234                         9                             654.2684437391515             166.30367540484167            547                           5332                          1.4769144662940277            
50556                         9                             661.6572831606167             160.18174415652658            529                           5135                          1.6174153787662395            
50574                         9                             273.63945797166093            71.32192350337218             236                           2228                          1.4543714127387215            
50880                         9                             661.6572831606164             175.01136107124336            583                           5432                          1.4010331856920781            
51242                         9                             661.6572831606164             164.74436448132934            549                           5135                          0.6250865428790131            
51988                         9                             661.6572831606167             164.77369445762804            554                           5309                          1.540655635970822             
52705                         9                             661.6572831606164             158.711477013834              525                           5390                          1.4488974352986443            
53141                         9                             661.6572831606165             157.17236890421572            520                           5300                          1.4571466461337903            
54535                         9                             661.6572831606165             169.52818144796382            570                           5255                          1.391577629482529             
54729                         9                             661.6572831606167             162.95976557200373            530                           5307                          1.3776088090842453            
54732                         9                             661.6572831606167             155.8120794864247             519                           5325                          1.5016254159191362            
55102                         9                             622.2347569299752             168.20667916858324            556                           5135                          1.412755907557423             
55768                         9                             661.6572831606164             158.0430331132735             529                           5316                          1.3703335093786775            
55883                         9                             661.6572831606168             171.76168718046435            578                           5287                          1.4681879060110423            
56520                         9                             223.63600322788818            51.32857309751114             169                           1745                          1.3957950429121493            
56539                         9                             442.8689323477531             110.42529315714599            369                           3523                          1.5222337184650394            
56602                         9                             76.3576991139895              17.537084869775168            56                            532                           0.44840133948751676           
56776                         9                             661.6572831606167             153.50315765037757            514                           5188                          0.9720295729879048            
56788                         9                             431.63624584565133            102.34763559191423            336                           3429                          0.1507674410140314            
57439                         9                             493.0844343906893             117.08294605299278            387                           3858                          1.3576523507215983            
58405                         9                             445.9613990565681             116.44159105090311            383                           3551                          0.8924529781751409            
58474                         9                             661.6572831606167             167.59584025688574            550                           5300                          1.0213495381497677            
58491                         9                             661.6572831606165             170.5272860154179             568                           5441                          1.015390660807173             
59868                         9                             661.6572831606167             170.4687083914321             568                           5405                          1.4661513117904186            
60207                         9                             585.7536565117587             147.94594886965564            488                           4623                          1.4964071159091845            
60237                         9                             661.6572831606165             154.12258174414958            510                           5120                          1.4961192022554972            
60432                         9                             541.6883248907742             132.48357400392243            434                           4335                          1.2909820079449987            
60437                         9                             240.69653689761992            59.35460816872041             194                           1929                          1.3526114676535952            
61418                         9                             661.6572831606167             161.49793775781973            529                           5137                          1.1514301164970648            
61697                         9                             661.6572831606165             164.55620002541525            543                           5206                          0.5147439382326351            
61753                         9                             661.6572831606164             165.67807797954953            550                           5362                          1.4056793547000022            
62222                         9                             661.6572831606167             156.5443024049395             521                           5349                          1.4411189570319056            
62963                         9                             392.9293676371976             97.53898762607382             319                           3113                          1.4538911667166197            
63309                         9                             142.90123841862436            33.94598404699986             111                           1103                          1.3780309966443738            
63980                         9                             661.6572831606167             154.6534942954276             517                           5095                          0.852629705165541             
64201                         9                             661.6572831606165             160.5782233675135             532                           5231                          0.29416902295558645           
64213                         9                             661.6572831606162             150.81617130543844            504                           5122                          1.3525704228680817            
64557                         9                             32.20578190418483             6.7410177090861865            21                            238                           1.4040141988064878            
64574                         9                             188.55473819419387            43.17118032503494             140                           1370                          1.3242952420699323            
65460                         9                             661.6572831606164             161.37277555191886            535                           5227                          0.05709814582590836           
66005                         9                             150.7847054275938             43.12056607041443             138                           1219                          0.3733903763873177            
67079                         9                             340.46294473842175            84.94065164582022             282                           2762                          1.4125037162182195            
67296                         9                             661.6572831606163             170.74268491963315            577                           5495                          0.3690063903611005            
67915                         9                             359.77909748417295            92.17732054757975             303                           2674                          0.7443432660607402            
68192                         9                             661.6572831606165             175.57593065239               576                           5204                          1.515744213508384             
68380                         9                             434.90290270240047            110.05907216273238            375                           3527                          0.8028971126489668            
69620                         9                             72.38614927733634             16.978198199293942            57                            545                           1.5330079600122895            
69707                         9                             383.1019413866486             100.14088889644023            333                           3066                          0.9818887210725139            
69792                         9                             453.7069695581267             119.27072687309519            400                           3656                          0.15030738849351558           
69846                         9                             497.006599570485              126.49891007230815            418                           3984                          0.8836464685193893            
70572                         9                             37.4269712763791              12.094489240105373            39                            315                           1.0503800550088358            
70935                         9                             522.9808864762075             126.76294642805072            425                           4208                          1.1051182719438584            
71024                         9                             661.6572831606165             160.04834690308593            528                           5209                          0.10638772094147417           
71205                         9                             661.6572831606165             152.1045677595974             508                           5304                          1.116862650827799             
71385                         9                             172.11101842212324            45.753519449186825            152                           1340                          1.4077098836559512            
72089                         9                             370.15724795614096            89.65035904318967             297                           3062                          1.3432956962381504            
72672                         9                             661.6572831606167             165.36999092609673            540                           5274                          0.40151488338174135           
72820                         9                             350.84689596391854            88.91533701310537             294                           2769                          0.7875262785408601            
73767                         9                             661.6572831606164             163.85227244515391            548                           5334                          1.4344530591653895            
74021                         9                             661.6572831606165             168.63753771486557            559                           5157                          0.7767486951267082            
75143                         9                             90.1710926360995              19.842105487125167            64                            674                           1.4463156479246602            
76199                         9                             661.6572831606167             162.42387443414492            541                           5391                          1.478099575079694             
76318                         9                             661.6572831606167             153.58424694516614            505                           5137                          0.16922026628863407           
76895                         9                             557.65822667045               131.4531032989353             438                           4372                          1.4260958744172865            
77135                         9                             661.6572831606162             165.67095703570624            555                           5332                          1.3411486096222185            
77627                         9                             661.6572831606165             159.79948832789893            526                           5265                          1.1512277687471197            
77654                         9                             661.657283160617              148.79408398528727            498                           5311                          1.4613017684244516            
77872                         9                             661.6572831606168             156.87786681810658            524                           5325                          1.3917763547713613            
78085                         9                             661.6572831606168             161.4480800458902             544                           5387                          1.3109346162397633            
78168                         9                             70.61233564457947             19.424747255812875            64                            588                           1.386642680962058             
78246                         9                             661.6572831606167             164.54753744392104            542                           5258                          1.430675031240805             
79099                         9                             85.23539999999998             20.25742168060302             67                            618                           0.1708239627172395            
79135                         9                             661.6572831606163             161.78818595910343            543                           5382                          1.435425597824909             
80205                         9                             587.5448359711401             156.06641311995332            520                           4743                          0.17777568808062616           
81063                         9                             661.6572831606165             164.80062904740635            555                           5236                          1.4337235559157573            
81423                         9                             461.99702173470735            121.28031272091134            400                           3663                          1.3724461695344579            
81692                         9                             661.6572831606167             163.852615542173              542                           5260                          1.45758968689394              
83007                         9                             661.6572831606167             168.24462159013555            558                           5175                          1.0620093880430441            
83079                         9                             640.1237631533993             146.83170798933781            485                           5121                          1.435198745066858             
83466                         9                             661.6572831606168             167.9418136100218             553                           5264                          1.4749518859492137            
83972                         9                             207.01243497410562            41.64094781905376             141                           1527                          1.2808047349067313            
85139                         9                             96.70266501281174             20.25996137350588             67                            668                           1.4695428038657599            
85406                         9                             661.6572831606164             168.47044245319307            555                           5242                          0.37176351783244954           
86178                         9                             661.6572831606169             172.96146078061423            575                           5200                          0.17743103531086243           
86365                         9                             661.6572831606168             169.28520005932384            553                           5214                          1.4739930483454846            
86616                         9                             84.63299502027037             20.367820451442103            65                            637                           1.5209023624083513            
86765                         9                             203.99261023096156            46.92718167464582             160                           1563                          1.4729168338803929            
86855                         9                             661.6572831606168             162.92679980614463            542                           5237                          0.17534035804254663           
87717                         9                             328.6835559275935             87.61270594971721             290                           2620                          0.41737317475136765           
87998                         9                             661.6572831606162             169.08711278833715            555                           5359                          1.4281860662526893            
88074                         9                             661.6572831606167             160.0463326882002             528                           5064                          0.7739867568357963            
88273                         9                             414.36919149733177            101.62936724283075            334                           3119                          1.4727856499029626            
88472                         9                             393.2219158186989             105.67933575567787            345                           3137                          1.4010331309794721            
88618                         9                             194.5490644154389             47.607545365274476            155                           1365                          0.8867165604687235            
89169                         9                             661.6572831606161             160.61015427549222            530                           5236                          0.9180580919512649            
89819                         9                             661.6572831606167             152.87606337175407            516                           5192                          0.41166325922187397           
90155                         9                             661.6572831606165             158.25998180962193            526                           5296                          1.4062898900254805            
90418                         9                             661.6572831606161             176.30129490240753            585                           5317                          1.358010276363354             
90697                         9                             661.6572831606165             147.83825348200304            488                           5221                          1.3907358599642126            
91302                         9                             416.20048704822045            101.07844115400654            333                           3264                          1.5457642999252497            
91436                         9                             532.952336596269              134.51179512799735            454                           4368                          1.2904476772313918            
91507                         9                             661.6572831606165             176.12408239189529            577                           5401                          0.8838133699653226            
92219                         9                             661.6572831606167             159.70538759356847            529                           5341                          1.1924879227211336            
92334                         9                             661.6572831606163             167.24609513264144            548                           5313                          1.5354699349684395            
93188                         9                             661.6572831606164             171.91185618041658            573                           5142                          1.403497615556247             
93571                         9                             361.5316951895287             93.76323441022721             310                           2810                          1.4604232912686195            
93832                         9                             661.6572831606164             158.5537345976879             526                           5180                          1.5125800378781808            
94422                         9                             661.6572831606167             165.91364710889997            549                           5129                          0.8199595534172451            
94513                         9                             36.39204582198188             7.7627341585890655            27                            246                           1.3902757246745456            
95015                         9                             661.6572831606165             164.29533783788528            541                           5107                          1.4547097280581796            
95449                         9                             116.37406523413819            27.75340590446432             91                            877                           0.06987785348114542           
95557                         9                             51.95275676344535             11.419194694228665            39                            391                           1.4362514691066017            
95790                         9                             345.02671884460847            80.84561911359825             272                           2758                          0.2411796878387101            
95983                         9                             467.6571919812269             124.14378940883012            418                           3762                          0.1016769347170007            
96834                         9                             164.805210023732              39.708033125609006            130                           1248                          0.718474206081956             
97216                         9                             661.6572831606164             173.72047035440045            579                           5272                          1.1026914902436795            
98166                         9                             661.6572831606168             167.1889546213985             552                           5076                          0.3465900665387073            
98377                         9                             661.6572831606165             157.64074132370993            530                           5205                          1.5316954130903195            
98752                         9                             570.3891716287358             145.61279151364616            482                           4624                          1.45913767765837              
99156                         9                             661.6572831606165             171.8366529627114             573                           5324                          1.3906674745997334            
99181                         9                             113.87888479458339            25.76272924650199             90                            859                           1.27262387546146              
99199                         9                             554.5994176700309             145.99614757174405            482                           4490                          1.5193946039831197            
99235                         9                             661.6572831606165             146.48915473663385            495                           5073                          0.23263171675417177           
99278                         9                             661.6572831606165             165.73386912574364            543                           5264                          1.276030857256575             
99357                         9                             661.6572831606163             164.99683324589145            545                           5288                          1.2976419236050603            
99602                         9                             661.6572831606165             156.72329694635508            516                           5215                          1.4438582971598213            
99800                         9                             661.6572831606164             170.20493250427867            559                           5393                          1.445016959843698             
447                           10                            661.6572831606165             142.53411236784504            469                           5175                          1.3691927983115288            
657                           10                            608.8630796632812             154.49949425940386            507                           4874                          1.483175277587229             
783                           10                            661.6572831606164             153.82710861576564            506                           5309                          1.2396200684100815            
862                           10                            661.6572831606167             156.78857885402218            519                           5292                          1.3452834982673374            
1143                          10                            661.6572831606163             152.91168713635622            504                           5146                          1.3407167027093259            
1300                          10                            661.6572831606164             159.1088540823556             515                           5231                          1.3724068209176692            
1436                          10                            661.6572831606165             165.8018527515285             548                           5406                          1.3384045221440668            
1955                          10                            661.6572831606165             158.23760911017547            517                           5209                          1.3695423990485143            
2124                          10                            661.6572831606165             152.45696393494927            502                           5104                          1.451456073841543             
2483                          10                            368.78888111303365            91.05522106710197             297                           2850                          1.3738215389108357            
2513                          10                            661.6572831606165             187.82449001708392            628                           5316                          1.332422118343568             
2769                          10                            166.1444100402149             43.072547103453196            148                           1273                          0.7879281492514428            
4007                          10                            661.6572831606165             162.35494092588377            531                           5334                          1.657537102564568             
4614                          10                            661.6572831606164             164.1404755984703             536                           5149                          0.38524938106773254           
4831                          10                            661.6572831606164             149.8562727891814             499                           5277                          1.409772593159111             
4865                          10                            661.657283160617              164.00721823329283            550                           5286                          1.4243432977809627            
6176                          10                            494.3540814778536             119.85505874543671            386                           3812                          1.3167306405143595            
7534                          10                            661.6572831606165             152.35235289615974            504                           5167                          1.4487996357633535            
7571                          10                            661.6572831606165             145.57875895196736            480                           4876                          1.03256569321008              
7658                          10                            661.6572831606165             164.46808686536016            548                           5154                          1.33370660673028              
7753                          10                            661.6572831606164             158.6203443968097             524                           5256                          1.2720853307666966            
8458                          10                            75.25                         17.936527324693817            61                            602                           1.4464890733360045            
8506                          10                            605.4788409980879             157.27294973068737            525                           4665                          1.387827005894808             
8903                          10                            115.30340382262861            27.292097774826786            87                            833                           0.15849407319943246           
8908                          10                            661.6572831606164             157.251082603841              518                           5333                          1.3834255652356466            
9535                          10                            444.6512753745568             101.95191339615974            338                           3377                          0.23388585911339865           
9624                          10                            120.47895410522317            22.962273607639666            76                            862                           1.376659235006044             
9880                          10                            68.24966854546176             16.443905980049866            51                            522                           0.8929734654243258            
9945                          10                            661.6572831606163             175.91675699275794            585                           5334                          0.20006638157232118           
10075                         10                            661.6572831606165             166.99964575477549            545                           5156                          0.13793593338942411           
10351                         10                            107.80568867741533            25.08830464111305             82                            809                           1.5448881630309876            
10613                         10                            64.28581627263395             16.81708504445783             54                            521                           1.4532997960854248            
11341                         10                            429.41633383877706            130.32555056381605            436                           3447                          0.21803975720116603           
11640                         10                            661.6572831606165             164.83789597220888            543                           5303                          0.1457147648198534            
12153                         10                            104.1749055339666             26.220176059822325            85                            819                           1.147217537761427             
12589                         10                            661.6572831606165             150.25940074544667            497                           5093                          1.4355456504158186            
12840                         10                            554.2359893171845             129.95950301352966            426                           4371                          0.22671045140477372           
12931                         10                            661.6572831606165             157.1085345421406             521                           5373                          1.3151527769247147            
13125                         10                            606.8573438896119             125.18317890129065            424                           4713                          1.1318099993719892            
13817                         10                            661.6572831606164             174.26231189668928            578                           5303                          1.3756966725017903            
13876                         10                            661.6572831606164             158.00146612475035            516                           5387                          1.1114847910423622            
14839                         10                            661.6572831606165             142.30727688202515            462                           5250                          1.5229790376156442            
15218                         10                            661.6572831606169             165.10557970900774            558                           5529                          1.3756424734698267            
17058                         10                            661.6572831606162             177.85956994258015            596                           5217                          1.231825129880339             
17109                         10                            661.6572831606164             180.01985093689936            597                           5171                          1.4647871056501232            
17442                         10                            29.591885776692465            4.425053791575803             16                            200                           1.5731756172720721            
18428                         10                            36.391852941962924            7.180849465847757             23                            253                           1.5803594571362327            
18861                         10                            555.0112770188757             116.3943642255304             389                           4348                          0.040500782306291006          
19150                         10                            584.2502831606166             151.72070686309866            497                           4712                          0.06183344404395431           
20086                         10                            661.6572831606164             169.96785999509635            558                           5297                          1.02424300259351              
20180                         10                            401.7088717435488             92.0573585101586              302                           3068                          1.3190802939779802            
20980                         10                            32.205752176553545            7.600756357795671             25                            259                           1.482116113833527             
22169                         10                            48.90723070129109             13.323589304498414            42                            385                           0.8006995889094868            
24204                         10                            661.6572831606163             136.34606185500311            460                           5057                          0.06597959839409717           
24556                         10                            661.6572831606165             154.73183221994157            514                           5249                          0.1131757648882968            
24763                         10                            628.0108423693354             196.2996577138835             649                           5116                          1.2057811670860612            
24970                         10                            661.6572831606167             161.87571664899292            538                           5357                          1.3598401944993856            
25282                         10                            661.6572831606167             149.69899358481524            504                           5167                          1.7200103762534322            
27283                         10                            661.6572831606165             140.47467324439575            467                           5023                          1.4214079790286567            
28028                         10                            137.3163400630941             37.43925108314091             123                           1044                          1.3228465795553277            
28456                         10                            661.6572831606164             146.2012936640389             484                           5140                          1.2303899989265408            
29659                         10                            661.6572831606163             158.05277646539443            523                           5166                          0.3260737327691461            
30879                         10                            192.5269819491706             43.524411037591406            146                           1539                          1.2775309612562027            
30970                         10                            661.6572831606163             164.95919873440727            552                           5376                          1.3794834620673562            
31118                         10                            34.54583032732494             7.396674383574804             24                            279                           0.3821642448953033            
31631                         10                            661.6572831606167             155.94833989658198            516                           5244                          1.4522195767522474            
31913                         10                            405.0326477669531             96.13579513977449             316                           3191                          0.06430275203202367           
32043                         10                            573.9921831606164             135.7678632969506             458                           4670                          1.365364303816864             
32685                         10                            661.6572831606165             148.53935191734072            499                           5019                          0.8403298059511942            
33310                         10                            418.8242813312758             107.52698655632935            357                           3271                          1.200293568704605             
33655                         10                            661.6572831606165             146.8151425995568             491                           5325                          1.3136078809562755            
34250                         10                            661.6572831606163             145.33703106477282            484                           5166                          0.942924511215246             
34407                         10                            661.6572831606163             147.20713688247173            493                           5326                          1.292896184410865             
34938                         10                            661.6572831606165             151.15970696454505            511                           5367                          1.2775249320097997            
35379                         10                            413.8574543571536             120.87665220914245            393                           3315                          1.2998924826637217            
36923                         10                            661.6572831606159             156.22688836524208            514                           5356                          1.338295410413616             
37009                         10                            410.0281112769453             100.11762004781372            337                           3295                          1.0507734315426858            
37116                         10                            661.6572831606167             158.84322411275605            523                           5377                          1.3617342392596687            
37607                         10                            661.6572831606164             176.53909047069806            586                           5340                          0.882978859569809             
37799                         10                            225.56755204237857            48.393747843420364            163                           1764                          1.382938381400583             
37881                         10                            461.04847328339514            102.66100905676326            339                           3520                          1.5472519754466347            
38092                         10                            661.6572831606168             158.35574249228358            527                           5288                          0.4276482120087938            
38149                         10                            38.78261854124942             8.228040220036643             27                            293                           0.8988860555995486            
38489                         10                            661.6572831606165             159.48733747468657            523                           5416                          1.3905132160451728            
38562                         10                            661.6572831606164             152.4639035490563             502                           5258                          0.0716552690830011            
39054                         10                            170.38255625327315            48.65977050056642             161                           1324                          1.38381651426385              
39191                         10                            318.6684522868628             75.41830929817613             250                           2445                          1.3325188133504684            
39334                         10                            182.21676611207062            44.433536586845186            148                           1373                          0.4245115243066216            
39847                         10                            661.6572831606167             170.20172110686696            563                           5430                          0.660652194402309             
40601                         10                            494.6272755661547             102.77710569035554            346                           3813                          0.39247133993685845           
40804                         10                            661.6572831606164             153.34398699623864            511                           5247                          1.487206003210116             
41055                         10                            661.6572831606167             170.7892586951679             565                           5478                          0.9113443798225491            
41399                         10                            36.39210814893104             7.7789273672467685            27                            257                           1.3493587594916912            
42130                         10                            661.6572831606169             169.1799064329835             553                           5302                          1.4962267527925937            
42408                         10                            661.6572831606167             170.40534651660326            565                           5218                          0.07025254666924023           
42779                         10                            661.6572831606168             155.56017156729567            514                           5407                          1.4713700552328337            
42880                         10                            607.965664023775              152.60226581563154            509                           4771                          1.4925678608955124            
43876                         10                            661.6572831606164             154.48813695947163            510                           5305                          1.3546383096579122            
44583                         10                            661.6572831606165             152.36633261499753            506                           5329                          1.34537456094387              
44717                         10                            466.10155921856955            104.9831588815363             352                           3682                          1.355086729042689             
44766                         10                            661.6572831606168             152.4685670877864             505                           5379                          1.3366481744814944            
45689                         10                            443.1483370975719             105.40853977525555            353                           3509                          0.9266813665003437            
45728                         10                            638.634904206448              141.29704132951886            469                           4888                          1.3396051845690444            
45738                         10                            661.6572831606164             162.58810265923466            542                           5323                          0.929296319524548             
46216                         10                            661.6572831606165             152.92174620508018            505                           5169                          1.2392262927696291            
46558                         10                            661.6572831606162             151.23389544408192            500                           5254                          1.4337709024432053            
46839                         10                            661.6572831606165             152.2811135174761             503                           5249                          1.3365647637533553            
47156                         10                            395.0215967700475             87.91968077928597             287                           3080                          1.3238642101708349            
47558                         10                            661.6572831606165             156.4636640554112             518                           5115                          1.332286307876404             
47799                         10                            661.6572831606161             160.13082523575596            543                           5424                          0.7642127905881734            
47881                         10                            661.6572831606167             160.16899059559978            528                           5446                          1.3685151100508515            
48045                         10                            589.4550520226196             145.15049416720566            487                           4598                          1.4180914622216925            
48734                         10                            661.6572831606164             151.2951473616998             511                           5264                          1.3992348233359782            
48819                         10                            661.6572831606165             149.72477045121732            495                           5262                          1.2813412405547684            
49425                         10                            661.6572831606164             158.55517227493712            527                           5246                          1.3434543093930933            
49719                         10                            661.6572831606164             157.50311112226095            523                           5264                          1.3114033996803909            
49835                         10                            271.6892150430857             61.26353726472097             207                           2213                          1.3925203245586402            
49873                         10                            661.6572831606169             141.317085752225              471                           5191                          1.3823991524832653            
50097                         10                            106.89388679896882            24.965385990953394            83                            851                           0.5439642883928242            
50936                         10                            661.6572831606164             138.8671588521454             461                           5180                          1.238598076276345             
51064                         10                            152.6615444123634             34.832815726489386            115                           1142                          0.2190508186069212            
51172                         10                            661.6572831606165             148.2392599575782             495                           5232                          1.2149660134790343            
51654                         10                            661.6572831606167             160.2777161548083             532                           5407                          0.3050392058604136            
53374                         10                            661.6572831606167             153.926466361841              511                           5237                          1.3050972606100264            
53559                         10                            661.6572831606167             159.7677205355354             526                           5214                          1.408579182988508             
54902                         10                            661.6572831606164             149.44138378066202            494                           5275                          1.3469579474889417            
55283                         10                            661.6572831606167             147.6157955325385             489                           5233                          1.3920109084780674            
55646                         10                            661.6572831606165             157.82746918624872            523                           5087                          1.3100497570070853            
55912                         10                            479.784213602721              120.01271870049283            398                           3713                          1.2951371702775698            
56202                         10                            253.8200876963913             56.15827261603477             188                           1883                          1.381392052494037             
56374                         10                            661.6572831606164             136.25064173435064            458                           5130                          1.049136053959348             
56644                         10                            661.6572831606165             162.11330200089904            536                           5164                          0.4930393841897118            
56925                         10                            661.6572831606168             153.3291093792831             510                           5162                          1.2016427987089713            
57326                         10                            453.63763333936686            102.50614249453295            342                           3626                          1.418804107758238             
57431                         10                            640.0752465019453             139.95455208189813            458                           5133                          1.3409525896685681            
57532                         10                            661.6572831606165             159.26044746205903            529                           5211                          0.9042393987984629            
57843                         10                            661.6572831606163             149.95292447615628            492                           5216                          1.2180790249251028            
58491                         10                            661.6572831606164             158.18619901773374            521                           5176                          1.3967821253793566            
58691                         10                            661.6572831606168             180.9272072853747             611                           5400                          1.309557252225677             
58993                         10                            661.6572831606164             161.4845724593606             538                           5330                          1.3815195259789754            
59580                         10                            36.316852477675944            6.619347600903717             22                            266                           1.6036183163316418            
59635                         10                            661.6572831606168             154.4188814133801             513                           5198                          1.420019294624918             
59958                         10                            415.0224318676742             101.44965201636853            330                           3341                          0.05826229970204328           
60871                         10                            579.1100342253978             179.32839771034466            596                           4652                          1.3572774188456844            
61457                         10                            661.6572831606165             162.99680236383105            545                           5364                          0.8799259489136433            
61971                         10                            661.6572831606167             146.6252682067483             485                           5255                          1.5836175728196717            
62596                         10                            653.9103442814954             173.35891287360917            573                           5307                          1.4314303758791296            
62644                         10                            661.6572831606165             160.55244872393405            524                           5284                          1.2836279067780838            
62675                         10                            503.3563742379845             121.38877574990589            397                           3982                          1.5191020901204477            
62758                         10                            661.6572831606165             155.27419702407636            514                           5218                          1.3862849650859652            
63120                         10                            24.192213621872295            7.556613667034317             25                            203                           1.0590331815556442            
63264                         10                            661.6572831606167             171.92627187632303            561                           5285                          1.3591143030077308            
63527                         10                            535.8371706111096             141.02269597157178            468                           4120                          0.06534585390776777           
63964                         10                            434.17420391875186            95.57191872562684             323                           3376                          1.4923051915643397            
64587                         10                            661.6572831606164             175.78224826486814            577                           5014                          1.2356095130186688            
65003                         10                            661.6572831606167             157.91028692771087            524                           5266                          0.8460224955547906            
65242                         10                            661.6572831606168             161.1703186624317             536                           5204                          1.5326901559420576            
66515                         10                            661.6572831606167             175.36571763476223            581                           5328                          1.3881569893896422            
66899                         10                            605.1080779714661             145.57121253866043            481                           4798                          1.4167963243579296            
67106                         10                            661.6572831606165             167.00281938857265            563                           5369                          1.5388833007155165            
67528                         10                            661.6572831606167             154.34004001135602            514                           5331                          1.2769521786485611            
67642                         10                            661.6572831606163             150.04858146457642            495                           5339                          1.4770275346432387            
67847                         10                            360.551382279515              90.89975952422546             300                           2906                          1.3569050696180232            
68516                         10                            661.6572831606167             195.6085497246374             648                           5214                          1.309683184034728             
69756                         10                            661.6572831606163             157.33282182319465            522                           5281                          0.7968180722173598            
69797                         10                            359.49443530685625            81.7691809028192              272                           2593                          1.713844445361337             
69951                         10                            50.18519975733992             10.569355925363062            34                            374                           1.380000022555964             
70283                         10                            661.6572831606168             156.88475009246903            514                           5078                          0.7179925164816255            
70672                         10                            661.6572831606163             149.921086837727              491                           5231                          0.09126108963081349           
72185                         10                            51.53909759967139             12.008621752025796            39                            426                           1.360476373031203             
72451                         10                            433.0430511264721             100.99297262771961            332                           3504                          1.3057626447111577            
72507                         10                            80.12006454689401             22.280625944897388            74                            666                           0.10331689570964339           
73209                         10                            661.6572831606164             163.44357036400064            536                           5273                          0.8820756375888905            
74115                         10                            661.6572831606163             179.1857075619192             600                           5265                          0.1968551968656532            
74255                         10                            158.74806026170288            40.595597242757364            134                           1257                          1.4232635352306582            
74440                         10                            661.6572831606165             144.2002888588949             481                           5290                          1.5796887826644617            
74486                         10                            245.61322118560432            57.86038190882305             191                           1947                          0.35439095479992067           
75098                         10                            81.54567430929838             20.673683541923033            69                            641                           1.2711211952094383            
75350                         10                            661.6572831606164             150.26451471187082            500                           5132                          0.5057467322120865            
75460                         10                            661.6572831606167             186.87669949664385            620                           5276                          0.18235914630697597           
76335                         10                            661.6572831606164             152.82397210014818            503                           5250                          1.3213831338823963            
76639                         10                            661.6572831606163             157.59712670189552            521                           5157                          1.6388953722127941            
76719                         10                            367.4118548328502             73.26868530015199             248                           2830                          1.3297697295529591            
77367                         10                            513.0932359920618             119.90052558964156            395                           3909                          1.3765691067677182            
77539                         10                            463.7321829605781             101.14314526155425            332                           3649                          0.6507574555488342            
78046                         10                            661.6572831606163             160.8307898943573             531                           5305                          1.0470420656007788            
78647                         10                            32.20581338739258             6.475819494602308             21                            238                           0.8822461233706491            
79189                         10                            661.6572831606167             158.23311799770744            533                           5254                          1.408078612967606             
79712                         10                            661.6572831606168             161.48287853152823            540                           5287                          0.05622672996718917           
80073                         10                            661.6572831606165             151.06483531203625            507                           5174                          1.4045742768789165            
81596                         10                            661.6572831606165             160.33073972477322            531                           5350                          1.4229503293497527            
81610                         10                            661.6572831606165             164.7476216713731             549                           5201                          1.3417432979185078            
81785                         10                            213.6594536492655             54.20515192768883             178                           1784                          1.4094504957581648            
82093                         10                            559.0306143084528             134.09238620948054            446                           4466                          1.448744326534305             
82563                         10                            661.657283160617              163.73964810721935            542                           5296                          0.47109595593949005           
82657                         10                            661.6572831606164             157.14814071189033            526                           5347                          1.180618791868883             
82679                         10                            32.20572374056253             7.233253351681832             24                            241                           1.4336239904672046            
82748                         10                            160.84967291073417            36.643341620338596            118                           1212                          1.382878319235241             
82885                         10                            118.70559026665595            26.423478461897               90                            942                           0.06328119064739432           
83166                         10                            661.6572831606163             155.33945159591406            513                           5135                          0.3167484206667924            
83168                         10                            661.6572831606163             167.80824722653958            550                           5256                          0.23621439860673552           
83665                         10                            539.7466175348143             129.97825352663787            429                           4226                          1.3568351886121706            
84063                         10                            551.1405918256742             149.34827029557835            496                           4284                          1.4587175772443741            
85191                         10                            617.2865685303418             143.53357443127013            473                           4903                          1.1363819133088526            
87281                         10                            180.58773503585257            44.65348385013553             145                           1353                          1.3212723344512098            
87851                         10                            521.1724903358352             106.22228195260634            354                           4094                          1.25124968633435              
88020                         10                            661.6572831606164             157.15546660168636            519                           5263                          0.38677920648886355           
88082                         10                            661.6572831606167             160.96564151995636            537                           5367                          0.9384383084585297            
88836                         10                            661.6572831606165             138.817859477125              465                           5117                          1.3735491898683139            
89028                         10                            314.24438052825496            70.27650448663942             235                           2342                          1.4134208821601497            
89131                         10                            32.20544057219475             7.4983336603098               25                            254                           1.225856976831381             
89369                         10                            119.64144734437657            36.13631328919464             119                           907                           0.6211274017207179            
89918                         10                            661.6572831606164             148.77455580184753            494                           5064                          0.06593316085849478           
89932                         10                            578.652585758244              128.2338019917904             416                           4652                          0.31577321606886694           
90116                         10                            661.6572831606165             161.17720466109165            531                           5402                          1.3069140870242433            
90421                         10                            661.6572831606163             158.71999863826315            529                           5209                          1.1119535567041814            
90639                         10                            661.6572831606168             164.83165291131505            546                           5319                          1.4037662956884112            
90861                         10                            271.90464270140626            64.85699997215379             217                           2194                          1.392531785938512             
91242                         10                            516.2912177893718             107.37409398765325            354                           3944                          1.4446637564814253            
91801                         10                            661.6572831606165             165.25527760804934            544                           5214                          0.5711056089401588            
92107                         10                            661.6572831606164             160.04270410980212            522                           5237                          0.9380907242338588            
92649                         10                            661.6572831606165             180.34277986941254            589                           5197                          1.442584396989735             
93219                         10                            661.6572831606167             154.34318077583453            506                           5269                          1.3906476263082994            
95092                         10                            661.6572831606164             146.04958593477346            480                           5297                          1.5674103036746148            
95266                         10                            661.6572831606162             153.6036143310782             514                           5200                          1.3431526017557731            
96579                         10                            135.1982210885478             34.349289109116256            113                           1080                          1.269247400371194             
96709                         10                            661.6572831606168             148.92630307860495            499                           5165                          1.3510449573845658            
96720                         10                            661.6572831606168             158.30294006379086            519                           5237                          0.29887576180514697           
96944                         10                            661.6572831606167             153.62250345741697            511                           5233                          1.3135641909353657            
97570                         10                            661.6572831606168             151.7110100726809             499                           5322                          1.3787206138411294            
97633                         10                            661.6572831606165             151.52214389570952            500                           5096                          1.3466090609895738            
97654                         10                            661.6572831606165             143.79034914146533            477                           5349                          1.322321724325592             
97743                         10                            475.9671737340327             102.35964691039825            340                           3536                          1.3210677480509525            
98325                         10                            71.93451912995118             17.16277520121033             58                            592                           1.264833637137752             
98416                         10                            661.6572831606168             157.7190093464421             526                           5289                          0.8984437166208509            
98852                         10                            661.6572831606165             153.5547901488759             497                           5388                          0.15175357573176085           
99121                         10                            661.6572831606168             149.01437642318373            492                           5326                          1.385473312381066             
99433                         10                            661.6572831606165             173.15928731545387            576                           5364                          1.3312027497306222            
99506                         10                            661.6572831606164             149.78490678652085            499                           5159                          1.304350979808045             
312                           11                            610.2186360152425             157.30532929792577            523                           4703                          1.5212049964577532            
988                           11                            661.6572831606163             141.62531806704771            464                           5204                          1.3110979733713894            
1120                          11                            661.6572831606164             144.29742162258322            484                           5325                          1.375881599169717             
1483                          11                            68.0782218557311              11.303916366780514            38                            487                           1.2323116709335589            
2043                          11                            600.7006743481643             176.96919687511598            590                           4858                          1.2751230765745272            
2178                          11                            661.6572831606162             149.37037989690822            495                           5182                          0.09975187951705206           
2635                          11                            661.6572831606168             159.88791306105867            532                           5401                          1.5545567153527116            
2706                          11                            661.6572831606165             148.43889192010147            498                           5245                          1.305968045931904             
2848                          11                            661.6572831606168             152.4951918210468             501                           5027                          1.4030603354644309            
3387                          11                            661.6572831606167             150.8671593403951             503                           5338                          1.3095165472319672            
3895                          11                            651.070792013158              147.84690407980105            498                           5050                          1.3280989532638454            
4325                          11                            661.6572831606165             141.68659848216006            471                           5218                          1.3325193312796744            
4655                          11                            661.6572831606165             163.43191200264394            541                           5255                          1.30353099860677              
5423                          11                            661.6572831606164             146.98635538886884            485                           5232                          1.2466481240974316            
5698                          11                            661.6572831606165             155.25888048631077            504                           5247                          1.4327857246498956            
7738                          11                            661.6572831606168             145.3297238449273             480                           5166                          1.283485746339764             
7990                          11                            661.6572831606165             154.82588181473582            517                           5133                          1.3444130424108738            
8373                          11                            661.6572831606165             134.06553311216294            433                           5143                          1.2744826743989468            
9102                          11                            661.6572831606165             154.78778827376783            513                           5218                          1.3653636061974788            
9563                          11                            661.6572831606167             144.9242260051999             483                           5276                          1.155583640873716             
9872                          11                            661.6572831606165             153.10761430126894            505                           5387                          1.3583114008151158            
10372                         11                            550.5160149918195             134.4481610714212             439                           4483                          1.2738923382699494            
10617                         11                            146.92540526105654            36.4812615859847              125                           1137                          1.3417052188485312            
10959                         11                            521.3135396950927             115.79543422638278            384                           4099                          1.1651388853189932            
12469                         11                            470.03223892620645            120.23308618788549            399                           3858                          0.32756346052956326           
12700                         11                            661.6572831606162             164.5194769462034             553                           5329                          1.0146834515644485            
13098                         11                            661.6572831606164             178.13150939909798            586                           5475                          1.052234327209731             
13427                         11                            223.26977738036607            55.80365516681765             182                           1692                          1.4525385043208157            
13511                         11                            661.6572831606162             169.72020625280928            557                           5266                          1.5552168110745628            
14267                         11                            661.6572831606165             156.4366983242597             524                           5235                          0.48711481874254636           
16672                         11                            348.48923893309603            83.52204280250795             284                           2834                          1.4773255931344957            
17079                         11                            661.6572831606163             150.28023283902996            498                           5305                          1.3807031598249573            
17406                         11                            661.6572831606167             149.1209052601757             504                           5183                          0.7457896420850136            
17534                         11                            524.0857760204271             127.37873700609516            420                           4234                          1.3161356147311927            
17878                         11                            661.6572831606165             165.8829497023099             555                           5380                          1.3252427299828242            
17976                         11                            545.9619526907469             118.71219277064424            390                           4203                          1.112544618116872             
18595                         11                            661.6572831606164             156.15924105214697            522                           5294                          1.4591317921564344            
19040                         11                            399.57165560332066            95.3894063789746              311                           3125                          1.0337726153144804            
19153                         11                            661.6572831606162             159.61069717927728            531                           5352                          1.376243264290767             
21690                         11                            661.6572831606168             153.22889940597435            510                           5476                          0.8282227233496835            
22105                         11                            124.54540991329566            24.75030740413427             79                            777                           1.4028774214818964            
22258                         11                            661.6572831606165             167.3470953421805             557                           5240                          1.347323215777109             
22350                         11                            602.4453758580286             174.78158325714475            588                           4762                          0.21255492070967133           
22624                         11                            661.6572831606165             160.570357321042              536                           5421                          1.4709582862965476            
23931                         11                            661.6572831606165             156.17553460694546            518                           5268                          1.5493911407301941            
24104                         11                            661.6572831606168             152.34372995826885            507                           5288                          1.4106212722757903            
24637                         11                            661.6572831606165             159.65568717112504            528                           5298                          1.3667992001361084            
25809                         11                            661.6572831606164             157.80078592161365            522                           5324                          1.3399172221314215            
26106                         11                            618.409248205532              190.89371190006597            640                           4890                          1.3975033052777404            
26798                         11                            86.33659301854753             19.93958045036269             68                            710                           1.377074705151178             
26827                         11                            563.8970646834275             137.3780277020492             461                           4630                          1.6824876068051684            
26908                         11                            661.6572831606169             166.52167411923492            551                           5333                          0.17799569767186538           
27390                         11                            512.4816443963529             130.69098009801243            434                           4186                          1.2108175257063185            
27881                         11                            661.6572831606163             149.3821303759825             501                           5276                          1.4542961230693665            
28203                         11                            661.6572831606167             154.20449033575227            507                           5195                          1.144371659236789             
28271                         11                            661.6572831606165             155.7125971016213             512                           5169                          1.317475875308614             
28341                         11                            661.6572831606169             162.21355138664933            535                           5373                          1.3505195652069364            
28524                         11                            661.6572831606164             167.63859010110068            559                           5382                          1.358262340273306             
28690                         11                            661.6572831606165             153.78829039659087            503                           5229                          1.4162049734750235            
28828                         11                            178.39538225202224            38.96234043584472             132                           1390                          1.4782096299437768            
29255                         11                            661.657283160617              151.67224166230102            499                           5342                          1.3315451469410122            
29292                         11                            657.5108360106984             149.80497468747407            494                           5153                          0.34561796090392727           
30903                         11                            661.6572831606168             186.7029362249983             620                           5474                          1.3215271560310344            
31516                         11                            661.6572831606165             155.21472585490193            525                           5263                          1.3090049451634402            
31896                         11                            297.74378114235355            66.76701964069306             220                           2128                          1.6362166164853587            
32505                         11                            661.6572831606165             165.27592072962153            541                           5204                          1.3755635099764798            
32697                         11                            661.6572831606163             148.91904839964334            491                           5281                          0.5831933656419452            
33317                         11                            417.28426894877214            95.11682057111256             314                           3389                          1.4365573194078076            
33555                         11                            116.85030907883144            26.93832142185204             94                            885                           1.3005508212020687            
34072                         11                            661.6572831606165             158.75468549801275            528                           5331                          0.8325894712764199            
34482                         11                            661.6572831606165             155.77272615445716            523                           5198                          0.24252322944652904           
35936                         11                            661.6572831606165             141.93832380860556            470                           5257                          1.3999702534170635            
36073                         11                            532.6109991619721             132.69640553231895            446                           4234                          1.3731837364770043            
36763                         11                            468.9617904650965             100.11300013184028            333                           3651                          1.2392283658769006            
37462                         11                            494.6955897471943             114.61232794395096            386                           3895                          1.175635162540209             
38082                         11                            619.719013207151              139.87110962637283            453                           4849                          0.8796514655757951            
38997                         11                            342.30866385384473            80.64335573980168             266                           2772                          1.0160963685212439            
39271                         11                            661.6572831606163             142.272367955533              469                           5091                          1.2061181911270014            
39717                         11                            661.6572831606165             137.03590412942407            454                           5240                          0.7062818062939515            
40573                         11                            661.6572831606168             163.5044200069888             529                           5274                          1.2430472941195854            
40846                         11                            185.81576591686945            46.40485268274264             152                           1491                          1.201249810393461             
41044                         11                            293.6554506319885             61.04648136946968             202                           2234                          1.4155561195188575            
41212                         11                            558.2732790951544             129.56750794191353            438                           4255                          0.4048861085266059            
41831                         11                            661.6572831606168             148.69704000209165            488                           5070                          0.5366491443148527            
42176                         11                            172.13996758475267            39.11723223447476             133                           1368                          1.1529988289532667            
42554                         11                            661.6572831606164             144.84258192021568            478                           5112                          1.2917781004617752            
42708                         11                            661.6572831606167             151.3603109136428             498                           5349                          0.34733583961691195           
42944                         11                            661.6572831606169             159.90329377438061            530                           5328                          1.2703077090514487            
43965                         11                            661.6572831606163             164.23502020464878            543                           5404                          1.3208115591944378            
44241                         11                            661.6572831606168             151.23396918605837            498                           5128                          1.4022742660931993            
44268                         11                            661.6572831606163             157.65494879797754            525                           5198                          1.4411879553259466            
44414                         11                            661.6572831606167             160.55364545933614            538                           5155                          1.317430173444945             
44808                         11                            100.02750103795793            28.06336386484653             90                            794                           1.3862175151368312            
44846                         11                            661.6572831606168             144.12260825508432            479                           5376                          1.4220068087717634            
45291                         11                            661.6572831606168             140.413240943592              465                           5070                          0.24117585661457946           
45631                         11                            250.15939533762818            56.448953287853854            182                           1864                          1.2654219324928018            
45636                         11                            661.6572831606164             158.4921903860281             525                           5296                          1.2326682301083347            
45644                         11                            661.6572831606164             189.96914658497306            624                           5244                          0.4858968676248353            
45856                         11                            661.6572831606165             152.65123110194673            508                           5241                          1.3915913845068049            
46832                         11                            661.6572831606167             167.4667435890061             554                           5133                          1.6578650965610566            
46843                         11                            661.6572831606167             150.67418587813393            503                           5382                          1.3405021788745408            
47323                         11                            661.6572831606164             141.75855004073696            468                           5134                          1.4669084445247311            
47943                         11                            498.02009739483896            130.8506052424843             434                           4002                          1.326106263857416             
48205                         11                            212.3371802298613             45.523665784542025            149                           1645                          1.2384604076434313            
48237                         11                            661.6572831606165             148.8578005191973             501                           5240                          1.1469613074048346            
49014                         11                            661.6572831606159             164.49679320693923            548                           5367                          0.39606505215264265           
49592                         11                            661.6572831606165             156.81137302196134            527                           5397                          1.3135625590105082            
50245                         11                            645.4240552159391             156.86677426192506            519                           5112                          1.4454114214145781            
50756                         11                            661.6572831606165             145.7320542880946             481                           5332                          1.3826969702458585            
50823                         11                            661.6572831606164             154.92460176474546            511                           5416                          1.3717540310316365            
51754                         11                            228.75667953140112            53.050852950871885            179                           1750                          1.2753686329880507            
52406                         11                            32.20539910868173             7.883683683316023             25                            231                           1.357325821745747             
53516                         11                            661.6572831606164             152.9059196628114             512                           5326                          0.4690446931339402            
53942                         11                            257.16100025588617            61.985298881759604            205                           2100                          0.06756045034719908           
54194                         11                            661.6572831606165             163.30272567434469            542                           5318                          1.3449955668459703            
54368                         11                            565.1114474014012             138.84291964082803            462                           4617                          0.5416791875047617            
54561                         11                            156.74527712310066            39.28384013710248             129                           1252                          1.4339468496075949            
55981                         11                            661.6572831606164             144.5866997131122             474                           5250                          1.219926225423456             
56707                         11                            2.097294005139246             0.0                           0                             19                            0.3420393158617434            
57015                         11                            661.6572831606165             156.03974164111807            512                           5314                          1.2622400124723612            
57028                         11                            661.6572831606169             164.33557395915074            532                           5344                          0.0                           
57248                         11                            22.526395297735704            5.224986324976208             18                            193                           0.0                           
57391                         11                            337.2485692788076             88.79952785584035             291                           2625                          1.361903322182875             
57915                         11                            569.5539422988236             131.14516216473126            431                           4484                          1.4266797033670438            
58069                         11                            661.6572831606165             171.2632964543938             562                           5271                          0.04762601968468164           
58394                         11                            305.4559120443344             69.74784801677934             228                           2347                          0.7746711846145218            
58706                         11                            661.6572831606165             154.55841215355468            513                           5242                          1.1443675260432982            
59695                         11                            61.49938267705446             12.546592893469859            44                            446                           1.4940132911942208            
59905                         11                            661.6572831606165             154.3009181564449             525                           5244                          0.6075387859911993            
60079                         11                            661.6572831606165             155.91905624730157            525                           5242                          1.3536534989111801            
60979                         11                            108.65091988996768            22.28171547597069             74                            823                           0.11402897251773718           
61652                         11                            239.39068321681066            57.44918661460902             190                           1954                          1.3710671099686194            
62105                         11                            661.6572831606169             155.58209015801683            507                           5277                          1.3752293209073347            
62197                         11                            661.6572831606164             162.17101319069255            535                           5350                          0.19537112604111664           
62344                         11                            661.6572831606167             153.61507398832345            504                           5145                          0.5006844402365895            
62474                         11                            661.6572831606168             162.30213893122612            537                           5396                          1.3469690872499513            
64044                         11                            396.5224374346708             88.55538126301585             290                           3071                          1.4169247522743151            
64176                         11                            661.6572831606165             157.55713399399448            521                           5345                          1.3381886103941036            
64219                         11                            661.6572831606165             162.58695399107424            536                           5261                          1.4198378369831859            
64578                         11                            433.331295883026              118.61900803194729            389                           3614                          0.7720789679074357            
65299                         11                            661.6572831606167             167.63956807460562            550                           5260                          1.3804834566968078            
65567                         11                            661.6572831606167             141.159573649735              466                           5172                          1.4205282314984942            
66088                         11                            413.68967089734656            94.07463875383257             314                           3325                          1.0361835739077678            
67537                         11                            661.6572831606165             163.18929088830572            534                           5268                          1.4607432096360156            
68148                         11                            51.10715653790976             10.035739687733424            33                            375                           1.2342504119255238            
68317                         11                            71.30800480148291             17.510224855665435            59                            546                           0.8259399036741788            
68458                         11                            661.6572831606167             148.7509043416538             498                           5215                          1.418353524006342             
68598                         11                            246.12955077630454            53.10640854405324             177                           1722                          0.08775010079750353           
69394                         11                            374.87008170171816            77.50493412981615             253                           3015                          0.15447414668426956           
69453                         11                            661.6572831606165             145.0361219173846             486                           5235                          1.3136523718905913            
69647                         11                            661.6572831606167             151.41521924758328            500                           5128                          0.4688123927418447            
69703                         11                            38.768045344198306            11.934109715307553            37                            285                           0.6783707155185651            
69949                         11                            256.10913748357507            60.3155776949996              198                           1944                          1.2789058000998816            
70864                         11                            102.26817862915591            28.104929738767876            91                            799                           1.3249561527009008            
71121                         11                            506.7968824885422             128.73935699807456            414                           3868                          0.10168306088637119           
71442                         11                            661.6572831606159             161.12271195578597            536                           5353                          0.5271755725115951            
71469                         11                            363.7504224429043             88.01323120354472             290                           2949                          0.24369046828501142           
71943                         11                            123.25017327713562            25.90073958293666             83                            902                           1.1081421459101173            
72345                         11                            661.6572831606165             150.52565787694493            492                           5133                          1.4130962145975163            
72822                         11                            661.6572831606167             156.48286218109416            515                           5275                          0.767420120566035             
73040                         11                            48.37371107298494             6.774713304740337             23                            381                           0.22254515271066252           
73351                         11                            661.6572831606165             161.30039265786007            543                           5481                          1.3074951362471272            
73385                         11                            661.6572831606168             160.28800515353277            533                           5424                          1.3636623712517537            
74316                         11                            661.6572831606163             154.56449203741028            508                           5143                          0.06020476026347497           
74406                         11                            661.6572831606164             145.25714576776295            485                           5287                          1.4310948013012748            
74591                         11                            481.982854295417              129.08866812725452            425                           3827                          1.4061315778686012            
74898                         11                            661.6572831606165             151.61793731328777            501                           5106                          1.3469595505357825            
75754                         11                            612.7932141497079             135.62362158907408            457                           4817                          1.2821743738471567            
76775                         11                            661.657283160617              151.62613536856713            497                           5316                          1.1264203646124424            
77342                         11                            81.69945399623684             25.45587485471073             81                            587                           1.3253065099373802            
78806                         11                            27.739349710844913            5.977415565473985             21                            221                           1.1961232111103612            
79037                         11                            484.2856061988325             122.56265919346802            403                           3858                          1.3214896764304738            
79075                         11                            577.7023854762944             139.8987405906111             460                           4688                          0.21704428909158457           
79413                         11                            33.86471377215404             6.054100201487671             21                            258                           0.0546295528793385            
80015                         11                            661.6572831606168             150.00586304965302            500                           5384                          1.0707165788168096            
81224                         11                            661.6572831606167             157.02514729218444            522                           5297                          1.2237957270350766            
81229                         11                            661.6572831606163             167.87005905585056            561                           5283                          0.05494097403480908           
81422                         11                            661.6572831606161             140.45948296202693            469                           5208                          1.3210087897452116            
82213                         11                            79.43642066391672             19.413407544170205            61                            593                           1.3823186369934857            
82532                         11                            532.6204400975747             129.66478557426723            422                           4197                          1.4762907944469095            
83288                         11                            661.6572831606168             158.5206820531773             529                           5239                          1.234874892854358             
83452                         11                            87.79580734434988             19.102953522169237            63                            709                           0.1648944434018518            
83949                         11                            99.85458969972373             18.37228261499225             62                            794                           1.1220903268652012            
84251                         11                            661.6572831606165             156.63003516020774            523                           5190                          1.3933384513712312            
84619                         11                            661.6572831606167             161.92199730183674            535                           5276                          0.16662242811834277           
85462                         11                            643.0397508170888             162.74513489199575            535                           4965                          0.16379010015238002           
85624                         11                            69.41082142451238             21.76552031543767             74                            531                           1.3809801194153621            
86357                         11                            661.6572831606167             159.3849491544703             532                           5356                          1.4178946714510976            
86622                         11                            213.9735089070558             47.235583800090446            154                           1629                          1.4172621548894362            
87475                         11                            661.6572831606165             154.38620646554975            512                           5349                          0.1947386821839418            
87548                         11                            661.6572831606168             146.61230813826995            483                           5162                          1.4034704924578678            
87757                         11                            661.6572831606164             170.79478066953342            566                           5382                          0.4079195465193257            
88199                         11                            661.6572831606163             148.44669208355907            495                           5315                          1.3526581817619234            
88812                         11                            661.6572831606163             149.5080693610445             493                           5238                          1.2801363607891934            
88860                         11                            661.6572831606167             152.03531011637338            512                           5171                          1.4939600419813654            
89408                         11                            219.94537357658444            46.76363154216351             150                           1714                          1.3022516931347838            
89744                         11                            0.9623083665638577            0.0                           0                             11                            1.3106508153320355            
90536                         11                            402.3721326874204             93.78569432715526             305                           3140                          1.342159266033553             
90555                         11                            32.205733804622376            8.242872562825466             26                            216                           0.40093085328352285           
91116                         11                            661.6572831606163             152.57381150128688            503                           5195                          0.0                           
91675                         11                            540.0463169212499             140.31253870567355            469                           4332                          0.0                           
92360                         11                            229.8616340593305             43.445056385749645            144                           1726                          0.8097884382605645            
93459                         11                            157.97785462537382            41.241899885650746            133                           1226                          0.0702842831506398            
94269                         11                            427.7246220770242             116.79345378878632            390                           3414                          1.3304245182355547            
94496                         11                            661.6572831606168             155.4160370619874             521                           5138                          1.2341638886545834            
94982                         11                            289.100415748874              67.2803326317977              227                           2360                          0.380261535925533             
96228                         11                            661.6572831606164             154.90492087001593            504                           5323                          0.3572372481147717            
96275                         11                            385.77552223896066            92.50195222389536             304                           3126                          1.0279172335420075            
96405                         11                            561.1225194011126             180.6619978636894             596                           4367                          1.3702567318500019            
97150                         11                            661.6572831606167             143.17724418272937            474                           5052                          0.594457256647897             
97842                         11                            371.76851005604107            94.44952594379586             308                           2817                          1.3439984649678955            
97854                         11                            233.1685554894996             54.38956587162671             183                           1826                          0.804903886816129             
98195                         11                            661.6572831606165             150.70550612775432            492                           5141                          1.5835095156370107            
98345                         11                            661.6572831606165             160.26093410940805            529                           5216                          1.2544976707424764            
98549                         11                            32.205535491922284            9.86747012678371              32                            241                           0.8201441282757513            
99250                         11                            661.6572831606164             139.70558094267153            458                           5269                          0.47923930176501905           
99252                         11                            661.6572831606162             163.01921329049551            541                           5349                          1.3059154959539538            
99786                         11                            464.96609489286925            104.72137540602756            348                           3672                          1.404825730256161             
22                            12                            661.6572831606162             180.43450706804202            595                           5354                          0.08530702891874009           
141                           12                            552.7831106763133             157.59824594986088            530                           4518                          1.212784122202541             
974                           12                            661.6572831606164             180.7713082740924             592                           5278                          1.428683889745832             
2840                          12                            661.6572831606163             188.48801066844084            623                           5244                          0.9215923228474239            
3159                          12                            661.6572831606165             169.46460055627085            571                           5369                          1.5766189102608932            
4070                          12                            661.6572831606167             181.32022516734713            596                           5204                          1.3901785426739095            
4751                          12                            661.6572831606167             158.28763077555254            531                           5300                          1.5783711463509085            
5140                          12                            661.6572831606164             180.45959622233676            591                           5218                          1.649491365171551             
5228                          12                            661.6572831606168             174.5474611975735             578                           5298                          1.5019839039621181            
6034                          12                            396.6049387219793             107.36884787644401            353                           3092                          1.5800790333129655            
6470                          12                            320.0326281642814             96.94951460279023             315                           2602                          1.3982281186115801            
7237                          12                            661.6572831606165             161.4157903178205             532                           5209                          1.5722225568680162            
7572                          12                            586.7032353718583             142.6209639347163             480                           4541                          1.5359631997167504            
7765                          12                            265.57022462022906            69.27692629162901             227                           2095                          0.9397582787585531            
7847                          12                            661.6572831606169             172.12769663952048            576                           5233                          0.8425128410360152            
8505                          12                            624.7780189356216             154.97962687205262            520                           4870                          1.4090441129441609            
9945                          12                            661.6572831606168             188.54505146539964            620                           5225                          1.2611066693041288            
11001                         12                            608.29278271783               155.2322916312382             511                           4563                          0.6024207457033632            
11081                         12                            164.38866267069722            50.0419190844613              165                           1315                          1.52045549834657              
11248                         12                            661.6572831606165             168.30931115764045            559                           5267                          1.3713515508434782            
11450                         12                            661.6572831606163             157.99767902239972            526                           5127                          1.6459113373442213            
12197                         12                            343.3271919265065             89.26025132542698             298                           2731                          1.3601928962575276            
12432                         12                            661.6572831606165             168.49678140668146            569                           5359                          0.43707675075806124           
12713                         12                            661.6572831606168             183.85596904335046            605                           5237                          1.4799858356110502            
12750                         12                            661.6572831606168             167.25950530667188            564                           5135                          1.3903112206109463            
12988                         12                            603.0368811039212             158.00907310056908            514                           4731                          0.7875136037806206            
13348                         12                            391.8883319011878             114.22170804592021            377                           3123                          1.495381746419803             
13875                         12                            661.6572831606167             140.9684198359425             466                           5018                          1.6005821542339924            
14396                         12                            290.2430145268163             65.06199753316331             214                           2277                          1.4800844610684334            
14450                         12                            661.6572831606165             178.65071069368273            592                           5367                          1.3758262861481443            
14489                         12                            242.8113908682069             65.37594235941908             216                           1884                          1.0019298522665592            
14649                         12                            661.6572831606163             180.40290118963424            593                           5300                          1.2346254401757628            
15623                         12                            661.6572831606165             173.92162892942812            568                           5198                          0.5657421561865392            
15942                         12                            661.6572831606165             178.9853714327335             586                           5147                          1.5639424728409648            
16180                         12                            661.6572831606165             171.39116107836665            569                           5420                          0.5723101783891205            
16407                         12                            294.97223231364643            83.90635282235289             274                           2260                          1.5740705856542074            
16612                         12                            195.66399627124204            50.94544106322418             168                           1583                          1.5113733582389934            
16901                         12                            661.6572831606163             178.90161245573262            590                           5252                          1.5606472852668736            
17265                         12                            661.6572831606165             174.20165501951175            570                           5118                          1.50307700028702              
17308                         12                            661.6572831606164             180.01890652978207            587                           5295                          0.727202952089992             
17635                         12                            591.3972263522476             158.80050909170086            523                           4798                          0.445547216827207             
18564                         12                            661.6572831606167             184.36707533729663            617                           5315                          1.5652312682851406            
18993                         12                            661.6572831606165             164.367472216369              544                           5263                          1.5137909523815714            
19191                         12                            661.6572831606165             170.7889801306151             568                           5188                          1.5650150937865077            
19247                         12                            661.6572831606165             179.35532474005893            590                           5397                          1.3893988563506945            
19370                         12                            661.6572831606168             166.0845760289395             555                           5189                          1.6223142274005313            
19714                         12                            661.6572831606164             181.39240288846963            604                           5236                          1.4376140073347083            
20449                         12                            661.6572831606165             169.21701579673288            563                           5278                          1.5038541810124766            
20682                         12                            549.4384327388887             157.0224435324014             513                           4467                          1.5695265140899812            
21007                         12                            553.592664805017              132.46285363498163            436                           4189                          1.4619099733218488            
21554                         12                            661.6572831606165             170.77600160653176            564                           5308                          1.5968018374838848            
22144                         12                            518.9918358957509             132.08859826188012            439                           4207                          1.482366846565094             
22442                         12                            661.6572831606163             178.7911852794368             587                           5363                          1.3658288692142007            
22891                         12                            661.6572831606163             179.53591187567577            584                           5250                          1.1566657013788189            
23249                         12                            390.9177395498499             96.0140780284575              320                           3070                          1.4964184885645775            
23688                         12                            14.012095620663299            3.8980979392173487            13                            105                           1.1571675456498998            
23956                         12                            107.17173962191983            24.604131086181216            83                            799                           1.55609229538241              
24163                         12                            70.76953819127064             16.29140121766648             56                            556                           1.5608231639396433            
24345                         12                            661.6572831606168             177.50417721696283            604                           5160                          0.8407974470483602            
24443                         12                            661.6572831606167             176.18186457821398            573                           5352                          0.034397384427406356          
25318                         12                            430.0277468050076             114.2222517504635             385                           3379                          0.21700767642353805           
25394                         12                            661.657283160617              164.30109516166104            542                           5235                          0.14548917303108896           
26206                         12                            510.1799436115573             135.1259955075093             446                           4075                          1.5782759128568447            
27127                         12                            661.6572831606165             184.82371884757532            608                           5227                          1.5267667331510362            
27176                         12                            661.6572831606167             166.61694508335384            552                           5206                          1.012279630138441             
27298                         12                            661.6572831606164             182.3854930601199             599                           5356                          1.4363331459928115            
27485                         12                            612.7369582534936             160.75573016837723            533                           4990                          1.182863307884217             
28171                         12                            157.25156649477253            47.043335160889086            156                           1249                          1.6190979775240417            
28262                         12                            498.1740118629359             133.65063241623952            447                           3946                          1.4632016395477878            
29163                         12                            661.657283160617              172.09478517663317            576                           5281                          1.5869932145183938            
30053                         12                            57.07410571638447             15.914551710993694            54                            417                           1.411361696383648             
30170                         12                            661.6572831606165             168.42635328745362            552                           5215                          0.41297513211018844           
30509                         12                            661.6572831606164             159.6818741374487             533                           5105                          1.1763484238791895            
30870                         12                            140.567748312073              39.855845828588535            129                           1065                          1.5180821804663909            
31255                         12                            507.0335975940853             134.79677073418745            447                           3906                          0.14272465609557383           
31447                         12                            661.6572831606167             183.92576339599847            617                           5383                          1.468918044154485             
32608                         12                            425.66953069585674            103.09580923386879            341                           3301                          1.4000599174089146            
32764                         12                            73.039                        19.128029218906466            63                            567                           0.3461340656604869            
32873                         12                            661.6572831606167             172.1640551975298             562                           5152                          1.1807183957168874            
32898                         12                            661.6572831606164             175.83653497580414            586                           5346                          1.6239623459266384            
32972                         12                            547.5729173679948             149.5702125355049             488                           4395                          0.9001314255896673            
33168                         12                            452.272766907211              118.20536990298301            393                           3617                          0.1667055209537653            
33326                         12                            661.6572831606164             173.66750701223026            576                           5371                          1.49717256548935              
33711                         12                            579.6196891175455             139.90186886640515            466                           4329                          1.5457028396064314            
33894                         12                            661.6572831606165             170.49038999134936            556                           5248                          1.3010471212894559            
34258                         12                            75.24999999999999             18.662981420496756            63                            535                           1.0423503152935338            
34272                         12                            661.6572831606164             171.62117270847693            569                           5356                          1.5242584967992925            
34397                         12                            661.6572831606163             168.2196921314231             563                           5270                          1.233816066054196             
34690                         12                            661.6572831606168             170.00876475114256            560                           5326                          1.4794947091819175            
34830                         12                            661.6572831606165             180.47352286678955            601                           5326                          0.16555436590109954           
35930                         12                            179.30553999513643            48.70074229030674             161                           1323                          1.5077558788658267            
36094                         12                            661.6572831606165             172.93944875802472            572                           5401                          1.4811204829205533            
36215                         12                            661.6572831606163             175.73720070669071            587                           5179                          1.4827638944252475            
36716                         12                            523.8881943275029             137.3339004908681             450                           4199                          1.5861479037534765            
39006                         12                            661.6572831606165             174.04328637810042            577                           5291                          0.4250650589352116            
40242                         12                            72.51877855030556             15.62101896422581             53                            585                           1.5169761333177383            
40250                         12                            28.100989334149617            3.7787466343766827            12                            199                           1.548591541281899             
40753                         12                            661.6572831606167             176.14918887149253            590                           5392                          1.192790312941599             
40819                         12                            661.6572831606165             171.76639513536512            581                           5337                          1.5296503066223743            
41075                         12                            661.6572831606165             176.98957139437778            587                           5270                          0.1378136414185842            
41909                         12                            146.28410857443512            35.38938321097486             118                           1123                          0.03260776629875275           
42306                         12                            604.0533658489001             152.13322697315257            515                           4764                          1.5558115493802935            
42512                         12                            49.81909780782712             9.105773747266072             32                            394                           1.5236929491571576            
43498                         12                            131.39043921443695            32.076023952812506            113                           1043                          1.5517345049660496            
43694                         12                            504.0341185515848             148.4750523741959             486                           4104                          0.3109435878368396            
43748                         12                            26.886885920920253            7.315068432078342             24                            193                           1.3527581121502323            
44080                         12                            661.6572831606165             168.25565182278078            562                           5070                          0.08315735600839627           
44210                         12                            661.6572831606165             174.80987766883393            584                           5286                          0.2917137318770316            
44464                         12                            588.6651912621824             141.0510054405817             466                           4528                          1.2930074002855265            
45226                         12                            661.6572831606168             173.6028207099498             567                           5255                          0.06375729654332277           
45485                         12                            661.6572831606163             165.45372073424514            556                           5085                          1.48266131508367              
45979                         12                            35.69841263571072             9.918025353155743             34                            257                           1.541967635188184             
46618                         12                            661.6572831606167             168.5834809349113             564                           5207                          1.2349788034987284            
46867                         12                            514.1338759868015             131.7944896736233             436                           4055                          1.5068458807169394            
46906                         12                            661.6572831606167             183.85623025543373            611                           5352                          1.460234544857029             
47383                         12                            661.6572831606164             171.43079856670334            575                           5304                          0.08874670973163527           
48053                         12                            2.80900971543363              1.0482013096990968            3                             21                            1.487974266845193             
48215                         12                            408.07033381804797            118.36207101818624            391                           3228                          1.1555386918838506            
48297                         12                            450.5767948322429             130.15753589741163            430                           3655                          1.613307776429334             
49166                         12                            661.6572831606164             172.83290924726873            558                           5253                          1.513469375224577             
49454                         12                            661.6572831606167             184.08323364323587            611                           5324                          0.008279056295866224          
49638                         12                            661.6572831606163             166.0069138523826             546                           5354                          1.0366693731730008            
49912                         12                            661.6572831606168             166.39366767356265            537                           5325                          1.1381784818363605            
50063                         12                            661.6572831606167             163.97044029276444            553                           5069                          1.4925611780339056            
50321                         12                            36.316824062621265            9.56816676920679              31                            259                           1.6183965631390216            
50416                         12                            661.6572831606163             185.5358018664433             617                           5289                          1.4459967305839618            
50658                         12                            32.971118723028155            5.3815106490873195            18                            254                           1.4335748104623132            
51008                         12                            661.6572831606167             176.50551421508453            586                           5249                          1.4500831613527798            
51064                         12                            661.6572831606167             181.96979191527666            604                           5300                          0.0818345377034032            
51321                         12                            661.6572831606165             192.45473755694996            633                           5309                          1.6281939103847276            
51696                         12                            483.43679161809507            121.52059227707218            407                           3875                          0.04703701845381836           
51754                         12                            661.6572831606164             156.86708177798783            525                           5177                          1.5515759831080456            
52993                         12                            581.6838730082632             143.38555209326216            484                           4520                          1.5986234915910447            
53697                         12                            661.6572831606164             176.72626210399036            585                           5112                          1.6737729051451151            
54350                         12                            661.6572831606165             174.8938406126922             577                           5415                          1.0709785320868783            
54537                         12                            661.6572831606167             167.22651168844044            565                           5347                          1.3830156696601437            
54784                         12                            661.6572831606163             163.1919855093935             539                           5207                          1.2652378960777302            
54949                         12                            261.22933134277207            63.437770400988384            211                           2051                          1.5536041785344035            
55203                         12                            400.4201069266062             98.24559222098756             324                           3182                          1.5337906762324274            
55216                         12                            661.6572831606165             163.99906672051503            554                           5233                          1.4856939563713267            
56579                         12                            661.6572831606165             178.74219062568096            599                           5259                          1.4269787769786832            
57004                         12                            661.6572831606164             171.28536954066132            569                           5166                          0.5577678107975182            
57338                         12                            285.70569806270737            65.86977234901292             224                           2250                          0.8582822584456078            
57609                         12                            661.6572831606169             177.3447309803707             585                           5213                          1.4549147799870585            
57823                         12                            661.6572831606164             172.9515472783941             576                           5274                          1.5832406042547462            
57876                         12                            661.6572831606165             170.65716559303547            554                           5192                          1.5042885179193488            
58203                         12                            661.6572831606162             165.64652210983184            556                           5267                          0.5858220639581186            
59421                         12                            661.6572831606165             169.0613512964582             568                           5153                          1.552313227716003             
59631                         12                            661.6572831606165             176.66429349387616            594                           5517                          1.5152816179212385            
59643                         12                            661.6572831606164             192.26886595127064            638                           5315                          1.4783070738904542            
60475                         12                            661.6572831606164             185.5597713153878             615                           5214                          1.4597984694635209            
61071                         12                            661.6572831606167             161.35250261500798            528                           5095                          1.4967214778261098            
62153                         12                            661.6572831606163             178.6748429645819             587                           5240                          1.560053135421093             
62807                         12                            661.6572831606164             176.44607562742797            592                           5226                          1.6833095999109426            
62974                         12                            661.6572831606162             160.75911092433248            538                           5451                          1.6230143056129824            
62982                         12                            661.657283160617              167.50429696495277            559                           5372                          1.4046070150058751            
63167                         12                            661.6572831606167             188.62022127477243            621                           5317                          1.5537635471548858            
63185                         12                            661.6572831606165             186.18847944195053            616                           5200                          1.5593890881730448            
63664                         12                            191.76660287404192            44.43770934294039             149                           1523                          1.4170668657777195            
63723                         12                            661.6572831606167             177.9361479182106             586                           5232                          1.4725243538563058            
64244                         12                            661.6572831606168             167.57134256694934            553                           5209                          1.647320112931127             
65434                         12                            571.8304985557537             137.61656042507494            456                           4366                          1.63412944881849              
65842                         12                            661.6572831606164             173.93587490186835            579                           5053                          0.3914811761232243            
65861                         12                            484.6133467732605             117.89516754048185            387                           3740                          1.5622801610262753            
65887                         12                            500.9073718198766             130.72388908985596            432                           4109                          1.4660802843390204            
66487                         12                            464.89327992859455            120.75916447835706            403                           3722                          1.208432140134267             
67419                         12                            228.3877708582182             65.99387966562884             220                           1843                          1.5245594986553848            
68929                         12                            207.29728025428105            50.264741943778176            167                           1662                          1.0316319956661117            
68937                         12                            661.6572831606168             160.0371756707229             537                           5196                          1.1443479138489367            
69134                         12                            607.545968574638              155.24847530589804            512                           4827                          1.0643624213556926            
69938                         12                            661.6572831606163             176.31921177440316            573                           5218                          0.5818174246326777            
69941                         12                            71.35468756256813             17.426104463086805            60                            559                           0.4405177518917994            
69988                         12                            454.0303948996536             113.08627191551767            378                           3589                          1.412193526059498             
70798                         12                            28.21692289122879             6.364907694340081             21                            201                           1.3613040944568082            
71318                         12                            661.6572831606168             168.46760998057377            565                           5282                          1.5327087671135406            
71403                         12                            584.2502831606165             153.10655584133372            497                           4690                          0.15557736271607786           
71587                         12                            661.6572831606163             174.0611958682608             588                           5232                          0.9967453430460169            
71725                         12                            204.64835146572042            52.92810565004541             169                           1572                          0.054731227616468404          
71736                         12                            661.6572831606165             187.6575514093297             627                           5368                          1.484456327157495             
71782                         12                            618.1260702632443             149.5884418231849             489                           4778                          1.3278342149839422            
72132                         12                            73.03900000000003             18.062254691280472            62                            571                           1.542016580403342             
73037                         12                            598.1371292030096             160.70462670484054            536                           4770                          0.45381814764284845           
73072                         12                            347.8282152340962             89.73265664827578             299                           2709                          1.655544178823955             
73796                         12                            661.6572831606163             181.18518705762844            599                           5213                          1.302006984597287             
74172                         12                            661.6572831606168             185.28656174466667            614                           5368                          0.16157997460976486           
74663                         12                            661.6572831606164             173.98386691784555            574                           5191                          1.419034527766574             
74664                         12                            544.7323536233089             136.08025301382665            447                           4269                          0.7870701650964521            
76179                         12                            661.6572831606168             191.17555822243568            626                           5318                          1.5864801961518693            
76595                         12                            361.42995231549685            96.45887205206988             318                           2841                          1.626044596598207             
77318                         12                            404.59737468586763            101.46017449683822            342                           3159                          1.5178294837574056            
77635                         12                            661.6572831606167             178.43502618565927            602                           5299                          1.1896301623310443            
77651                         12                            440.78638282343627            119.22625768860095            398                           3569                          1.6609734116122494            
77731                         12                            220.91314464277679            56.833378786088986            189                           1659                          0.8433076340937916            
77872                         12                            661.6572831606164             172.27382719716098            562                           5228                          0.8970132643189905            
77974                         12                            661.6572831606168             163.53808425696857            535                           5249                          1.579793635461612             
78513                         12                            661.6572831606165             182.71483889241486            596                           5264                          1.0561105532975819            
79373                         12                            661.6572831606164             181.13952832220784            608                           5281                          0.5018621468721656            
79481                         12                            59.0032067491002              15.820587252922127            53                            443                           1.496070245368993             
79605                         12                            661.6572831606167             171.34218575197337            564                           5290                          1.4239685038972147            
79959                         12                            661.6572831606163             184.99117276130252            614                           5239                          1.5837589740213973            
79965                         12                            661.6572831606167             177.98487546277832            588                           5130                          1.605797251875249             
80337                         12                            661.6572831606167             171.84149720979386            578                           5233                          0.13986762705781713           
81257                         12                            155.47597041662289            37.29501101376271             124                           1298                          1.4989085105746731            
81326                         12                            661.6572831606165             180.50531361440844            598                           5266                          1.625719494529752             
82290                         12                            525.4802984217699             126.35217559917196            414                           4254                          1.5595576167690561            
83003                         12                            245.4261997498404             56.75313842760312             185                           1987                          1.517888667286529             
83301                         12                            131.5319691726824             35.22585797563952             121                           1035                          0.3262380626319917            
83506                         12                            545.9651498286876             153.78282435392427            502                           4289                          1.5809066610795213            
83865                         12                            661.6572831606164             170.65207646788932            561                           5140                          1.1010796372027876            
84042                         12                            661.6572831606164             164.81856645814165            542                           5161                          0.49228430269646317           
84150                         12                            3.1492557643132413            0.0                           0                             11                            0.31472196112903916           
85169                         12                            301.1874180395946             82.964224691117               269                           2296                          1.3344443237605323            
85219                         12                            661.6572831606167             173.63747762536644            582                           5257                          1.4914797119915635            
85374                         12                            661.6572831606164             173.69591182504345            575                           5127                          1.4400588203591282            
85501                         12                            661.6572831606164             165.52699443199924            559                           5284                          0.0                           
85547                         12                            231.82610563624525            66.43701708442617             209                           1859                          0.0                           
86122                         12                            661.6572831606167             175.29238719828186            579                           5197                          0.7160742145265573            
86520                         12                            528.1740892755955             141.24538187145893            467                           4312                          1.5295446040842906            
86845                         12                            185.20514438979984            47.42812166998313             156                           1472                          1.5212392153886736            
86879                         12                            661.6572831606165             183.6369466169424             610                           5192                          1.4690995201898271            
87217                         12                            661.6572831606165             168.97293404353948            559                           5206                          0.5638507517254918            
87351                         12                            661.6572831606168             180.01066652233078            592                           5424                          1.5356776733553574            
87817                         12                            661.6572831606163             180.13279186403355            595                           5310                          1.233894715502632             
88495                         12                            661.6572831606165             169.83561791131436            554                           5185                          0.41566914577227315           
88842                         12                            531.5606944652585             145.7327011588252             476                           4324                          1.6162765988306131            
89846                         12                            473.8509576522764             115.01596024075039            382                           3743                          1.479777314288782             
90096                         12                            574.1252182185763             157.82141239874852            523                           4587                          1.5721067035113112            
90155                         12                            661.6572831606165             156.24184131067219            518                           5278                          1.5764313953405944            
91437                         12                            661.6572831606165             181.81909301220068            601                           5430                          1.4707439977035024            
91474                         12                            661.6572831606165             168.83458421531972            556                           5374                          1.2638175577505328            
92129                         12                            482.21916075685886            115.50199680863575            381                           3828                          1.0083759320817696            
92276                         12                            554.7056519228521             143.1419198709702             478                           4516                          1.386906140126675             
92868                         12                            661.6572831606165             164.35444714206474            548                           5185                          1.3722656477931066            
92970                         12                            661.6572831606164             175.25110555361644            581                           5295                          1.5935123679481271            
92973                         12                            203.39772380278396            45.18920592506205             150                           1456                          1.4783524146285254            
93014                         12                            661.6572831606168             166.85484352036423            558                           5157                          1.013078983645339             
93720                         12                            661.6572831606164             181.00724878498383            599                           5080                          1.2601027652673609            
94286                         12                            273.37456421882183            74.61138307164431             251                           2153                          1.4450631467917017            
95189                         12                            661.6572831606165             166.43591529650817            550                           5305                          1.5373333813978856            
95285                         12                            661.6572831606164             181.97266574835916            595                           5271                          0.39665426165747897           
95477                         12                            661.6572831606165             180.85192704553677            596                           5455                          1.4724400130434177            
95918                         12                            661.6572831606164             186.44070480605998            623                           5428                          1.587001844539512             
95960                         12                            590.8434092297                163.5279484554209             542                           4739                          0.6602128445430169            
96136                         12                            661.6572831606167             151.418830452965              502                           5118                          1.4629639465447646            
96354                         12                            661.6572831606163             165.34853467470643            551                           5074                          1.5816425520234632            
96520                         12                            577.6620192250899             144.1557829675                478                           4563                          1.5776942907846443            
96805                         12                            661.6572831606168             163.64138384426764            539                           5076                          1.6467923235447852            
96811                         12                            661.6572831606165             169.3477882553862             554                           5211                          1.4345907731681518            
97589                         12                            378.3167378648057             99.59855297678403             333                           3186                          1.33022339372276              
98261                         12                            661.6572831606163             176.6951895562984             590                           5257                          1.4559808432583903            
98307                         12                            586.4481643802621             157.39855281423468            522                           4550                          1.2650306327988128            
99076                         12                            661.6572831606165             179.56700429879777            598                           5144                          1.4302957584833091            
99129                         12                            661.6572831606165             166.3599618587438             565                           5257                          1.4705186297138821            
99706                         12                            661.6572831606167             187.89910677388764            623                           5331                          0.8801488146625187            
